{ 
"RECORDS": 
[
  {
    "index": 1,
    "name": "chengse",
    "color": "#ef8a33",
    "pitch": true,
    "serial": 1
  },
  {
    "index": 2,
    "name": "heise",
    "color": "#323232",
    "pitch": false,
    "serial": 2
  },
  {
    "index": 3,
    "name": "hese",
    "color": "#85552e",
    "pitch": false,
    "serial": 3
  },
  {
    "index": 4,
    "name": "hongse",
    "color": "#e93323",
    "pitch": false,
    "serial": 4
  },
  {
    "index": 5,
    "name": "huangse",
    "color": "#f9df4b",
    "pitch": false,
    "serial": 5
  },
  {
    "index": 12,
    "name": "colours",
    "color": "#000000",
    "pitch": false,
    "serial": 6
  },
  {
    "index": 6,
    "name": "lanse",
    "color": "#2f6ff6",
    "pitch": false,
    "serial": 7
  },
  {
    "index": 7,
    "name": "lvse",
    "color": "#61d33f",
    "pitch": false,
    "serial": 8
  },
  {
    "index": 8,
    "name": "taohong",
    "color": "#e933a9",
    "pitch": false,
    "serial": 9
  },
  {
    "index": 9,
    "name": "tianlan",
    "color": "#00bbeb",
    "pitch": false,
    "serial": 10
  },
  {
    "index": 10,
    "name": "zise",
    "color": "#b737f6",
    "pitch": false,
    "serial": 11
  },
  {
    "index": 11,
    "name": "eraser",
    "color": "#000000",
    "pitch": false,
    "serial": 12
  }
]
}