{"type":"View","props":{"width":720,"height":1280},"compId":2,"child":[{"type":"Image","props":{"var":"NoAni_BG","top":0,"skin":"Frame/UI/ui_orthogon_black.png","sizeGrid":"5,6,5,10","right":0,"name":"NoAni_BG","left":0,"bottom":0,"alpha":0.7},"compId":16},{"type":"Image","props":{"x":76,"width":577,"var":"Content","skin":"Game/UI/PropTry/xd.png","sizeGrid":"142,37,219,50","name":"Content","height":574,"centerY":-43},"compId":3,"child":[{"type":"Label","props":{"y":154,"x":56.5,"wordWrap":true,"width":465,"text":"观看完整广告才可以获取奖励哦！是否继续观看？","leading":17,"height":204,"fontSize":45,"bold":true},"compId":17},{"type":"Image","props":{"y":483,"width":230,"var":"BtnConfirm","skin":"Game/UI/PropTry/an.png","pivotY":53,"pivotX":115,"name":"BtnConfirm","height":105,"centerX":0},"compId":6,"child":[{"type":"Sprite","props":{"y":22,"x":73,"texture":"Game/UI/PropTry/qd.png"},"compId":11}]},{"type":"Sprite","props":{"y":16,"x":565,"width":45,"var":"BtnClose","texture":"Game/UI/PropTry/c.png","pivotY":23,"pivotX":23,"name":"BtnClose","height":45},"compId":8},{"type":"Label","props":{"y":28.5,"x":228,"width":121,"valign":"middle","text":"提示","strokeColor":"#512311","stroke":5,"height":55,"fontSize":50,"color":"#ffffff","bold":true,"align":"center"},"compId":18}]}],"loadList":["Frame/UI/ui_orthogon_black.png","Game/UI/PropTry/xd.png","Game/UI/PropTry/an.png","Game/UI/PropTry/qd.png","Game/UI/PropTry/c.png"],"loadList3D":[]}