{"type":"View","props":{"width":720,"height":1280},"compId":2,"child":[{"type":"Image","props":{"var":"Background","top":0,"skin":"Frame/UI/ui_orthogon_white.png","sizeGrid":"16,15,18,8","right":0,"name":"Background","left":0,"bottom":0},"compId":11},{"type":"Image","props":{"y":0,"x":0,"width":720,"var":"DrawRoot","name":"DrawRoot","height":1280},"compId":13,"child":[{"type":"Image","props":{"y":94,"x":17.5,"width":685,"name":"Maomi","height":699},"compId":178,"child":[{"type":"Image","props":{"y":274,"x":142,"width":437,"name":"Body","height":425},"compId":177,"child":[{"type":"Image","props":{"y":294,"x":84,"width":191,"var":"Draw11","skin":"Game/UI/GameScene/Level3/youjiaomask.png","name":"Draw11","height":110},"compId":172,"child":[{"type":"Image","props":{"skin":"Game/UI/GameScene/Level3/youjiao.png","name":"Pic"},"compId":173},{"type":"Image","props":{"y":0,"x":0,"skin":"Game/UI/GameScene/Level3/youjiaomask.png","renderType":"mask"},"compId":188}]},{"type":"Image","props":{"y":120,"x":88,"width":191,"var":"Draw9","skin":"Game/UI/GameScene/Level3/youshoumask.png","pivotY":31,"pivotX":125,"name":"Draw9","height":202},"compId":170,"child":[{"type":"Image","props":{"skin":"Game/UI/GameScene/Level3/youshou.png","name":"Pic"},"compId":171},{"type":"Image","props":{"skin":"Game/UI/GameScene/Level3/youshoumask.png","renderType":"mask"},"compId":186}]},{"type":"Image","props":{"y":262,"x":339,"width":249,"var":"Draw10","skin":"Game/UI/GameScene/Level3/weibamask.png","pivotY":121,"pivotX":36,"name":"Draw10","height":181},"compId":166,"child":[{"type":"Image","props":{"skin":"Game/UI/GameScene/Level3/weiba.png","name":"Pic"},"compId":167},{"type":"Image","props":{"skin":"Game/UI/GameScene/Level3/weibamask.png","renderType":"mask"},"compId":187}]},{"type":"Image","props":{"y":213,"x":207,"width":323,"var":"Draw7","skin":"Game/UI/GameScene/Level3/shenzimask.png","pivotY":156,"pivotX":162,"name":"Draw7","height":311},"compId":164,"child":[{"type":"Image","props":{"skin":"Game/UI/GameScene/Level3/shenti.png","name":"Pic"},"compId":165},{"type":"Image","props":{"skin":"Game/UI/GameScene/Level3/shenzimask.png","renderType":"mask"},"compId":184}]},{"type":"Image","props":{"y":166,"x":153,"width":191,"var":"Draw8","skin":"Game/UI/GameScene/Level3/youshoumask.png","pivotY":37,"pivotX":129,"name":"Draw8","height":202},"compId":168,"child":[{"type":"Image","props":{"skin":"Game/UI/GameScene/Level3/youshou.png","name":"Pic"},"compId":169},{"type":"Image","props":{"skin":"Game/UI/GameScene/Level3/youshoumask.png","renderType":"mask"},"compId":185}]},{"type":"Image","props":{"y":307,"x":216,"width":191,"var":"Draw12","skin":"Game/UI/GameScene/Level3/youjiaomask.png","pivotX":96,"name":"Draw12","height":110},"compId":174,"child":[{"type":"Image","props":{"skin":"Game/UI/GameScene/Level3/youjiao.png","name":"Pic"},"compId":175},{"type":"Image","props":{"skin":"Game/UI/GameScene/Level3/youjiaomask.png","renderType":"mask"},"compId":189}]}]},{"type":"Image","props":{"y":19,"x":34,"width":505,"name":"Head","height":401},"compId":176,"child":[{"type":"Image","props":{"y":152,"x":380,"width":176,"var":"Draw5","skin":"Game/UI/GameScene/Level3/youermask.png","pivotY":115,"pivotX":43,"name":"Draw5","height":164},"compId":152,"child":[{"type":"Image","props":{"skin":"Game/UI/GameScene/Level3/youer.png","name":"Pic"},"compId":153},{"type":"Image","props":{"skin":"Game/UI/GameScene/Level3/youermask.png","renderType":"mask"},"compId":182}]},{"type":"Image","props":{"y":144,"x":120,"width":177,"var":"Draw4","skin":"Game/UI/GameScene/Level3/zuoermask.png","pivotY":108,"pivotX":119,"name":"Draw4","height":165},"compId":154,"child":[{"type":"Image","props":{"y":0,"x":0,"skin":"Game/UI/GameScene/Level3/zuoer.png","name":"Pic"},"compId":155},{"type":"Image","props":{"y":0,"x":0,"skin":"Game/UI/GameScene/Level3/zuoermask.png","renderType":"mask"},"compId":181}]},{"type":"Image","props":{"y":232,"x":250,"width":488,"var":"Draw3","skin":"Game/UI/GameScene/Level3/lianmask.png","pivotY":180,"pivotX":233,"name":"Draw3","height":359},"compId":147,"child":[{"type":"Image","props":{"skin":"Game/UI/GameScene/Level3/lian.png","name":"Pic"},"compId":148},{"type":"Image","props":{"skin":"Game/UI/GameScene/Level3/lianmask.png","renderType":"mask"},"compId":149}]},{"type":"Image","props":{"y":73,"x":251,"width":206,"var":"Draw6","skin":"Game/UI/GameScene/Level3/hudiejiemask.png","pivotY":67,"pivotX":103,"name":"Draw6","height":133},"compId":150,"child":[{"type":"Image","props":{"skin":"Game/UI/GameScene/Level3/hudiejie.png","name":"Pic"},"compId":151},{"type":"Sprite","props":{"texture":"Game/UI/GameScene/Level3/hudiejiemask.png","renderType":"mask"},"compId":183}]},{"type":"Image","props":{"y":183,"x":135,"skin":"Game/UI/GameScene/Level3/yan.png","name":"Eye1"},"compId":156},{"type":"Image","props":{"y":183,"x":299.5,"skin":"Game/UI/GameScene/Level3/yan.png","name":"Eye2"},"compId":158},{"type":"Image","props":{"y":285,"x":255,"width":105,"var":"Draw2","skin":"Game/UI/GameScene/Level3/bizimask.png","pivotY":43,"pivotX":53,"name":"Draw2","height":85},"compId":160,"child":[{"type":"Image","props":{"skin":"Game/UI/GameScene/Level3/bizi.png","name":"Pic"},"compId":161},{"type":"Image","props":{"skin":"Game/UI/GameScene/Level3/bizimask.png","renderType":"mask"},"compId":180}]},{"type":"Image","props":{"y":355,"x":255,"width":137,"var":"Draw1","skin":"Game/UI/GameScene/Level3/zuimask.png","pivotY":39,"pivotX":69,"name":"Draw1","height":78},"compId":162,"child":[{"type":"Image","props":{"skin":"Game/UI/GameScene/Level3/zui.png","name":"Pic"},"compId":163},{"type":"Image","props":{"skin":"Game/UI/GameScene/Level3/zuimask.png","renderType":"mask"},"compId":179}]}]}]}]}],"animations":[{"nodes":[{"target":27,"keyframes":{"rotation":[{"value":0,"tweenMethod":"linearNone","tween":true,"target":27,"key":"rotation","index":0},{"value":-90,"tweenMethod":"linearNone","tween":true,"target":27,"key":"rotation","index":20},{"value":0,"tweenMethod":"linearNone","tween":true,"target":27,"label":null,"key":"rotation","index":40},{"value":90,"tweenMethod":"linearNone","tween":true,"target":27,"key":"rotation","index":60},{"value":0,"tweenMethod":"linearNone","tween":true,"target":27,"label":null,"key":"rotation","index":80},{"value":100,"tweenMethod":"linearNone","tween":true,"target":27,"key":"rotation","index":100},{"value":0,"tweenMethod":"linearNone","tween":true,"target":27,"key":"rotation","index":120}]}}],"name":"action1","id":1,"frameRate":60,"action":0}],"loadList":["Frame/UI/ui_orthogon_white.png","Game/UI/GameScene/Level3/youjiaomask.png","Game/UI/GameScene/Level3/youjiao.png","Game/UI/GameScene/Level3/youshoumask.png","Game/UI/GameScene/Level3/youshou.png","Game/UI/GameScene/Level3/weibamask.png","Game/UI/GameScene/Level3/weiba.png","Game/UI/GameScene/Level3/shenzimask.png","Game/UI/GameScene/Level3/shenti.png","Game/UI/GameScene/Level3/youermask.png","Game/UI/GameScene/Level3/youer.png","Game/UI/GameScene/Level3/zuoermask.png","Game/UI/GameScene/Level3/zuoer.png","Game/UI/GameScene/Level3/lianmask.png","Game/UI/GameScene/Level3/lian.png","Game/UI/GameScene/Level3/hudiejiemask.png","Game/UI/GameScene/Level3/hudiejie.png","Game/UI/GameScene/Level3/yan.png","Game/UI/GameScene/Level3/bizimask.png","Game/UI/GameScene/Level3/bizi.png","Game/UI/GameScene/Level3/zuimask.png","Game/UI/GameScene/Level3/zui.png"],"loadList3D":[]}