{"type":"View","props":{"width":720,"height":1280},"compId":2,"child":[{"type":"Image","props":{"var":"Background","top":0,"skin":"Frame/UI/ui_orthogon_white.png","sizeGrid":"16,15,18,8","right":0,"name":"Background","left":0,"bottom":0},"compId":11},{"type":"Image","props":{"y":0,"x":0,"width":720,"var":"DrawRoot","scaleY":1,"scaleX":1,"name":"DrawRoot","height":674},"compId":13,"child":[{"type":"Image","props":{"y":659,"x":360,"width":780,"var":"Cow","scaleY":0.85,"scaleX":0.85,"pivotY":649,"pivotX":390,"name":"Cow","height":649},"compId":279,"child":[{"type":"Image","props":{"y":636,"x":280,"width":501,"pivotY":440,"pivotX":259,"name":"Body","height":440},"compId":278,"child":[{"type":"Image","props":{"zOrder":98,"y":161,"x":154,"width":217,"var":"Draw12","skin":"Game/UI/GameScene/Level6/niuyibamask.png","pivotY":42,"pivotX":176,"name":"Draw12","height":224},"compId":261,"child":[{"type":"Image","props":{"skin":"Game/UI/GameScene/Level6/niuyiba.png","name":"Pic"},"compId":265},{"type":"Image","props":{"skin":"Game/UI/GameScene/Level6/niuyibamask.png","renderType":"mask","name":"Mask"},"compId":263}]},{"type":"Image","props":{"zOrder":96,"y":432,"x":222,"width":96,"var":"Draw9","skin":"Game/UI/GameScene/Level6/niutuimask.png","pivotY":219,"pivotX":48,"name":"Draw9","height":219},"compId":256,"child":[{"type":"Image","props":{"y":0,"x":0,"skin":"Game/UI/GameScene/Level6/niutuimask.png","renderType":"mask","name":"Mask"},"compId":259},{"type":"Image","props":{"skin":"Game/UI/GameScene/Level6/niutui.png","name":"Pic"},"compId":260}]},{"type":"Image","props":{"zOrder":97,"y":434,"x":452,"width":96,"var":"Draw10","skin":"Game/UI/GameScene/Level6/niutuimask.png","pivotY":219,"pivotX":48,"name":"Draw10","height":219},"compId":255,"child":[{"type":"Image","props":{"y":0,"x":0,"skin":"Game/UI/GameScene/Level6/niutuimask.png","renderType":"mask","name":"Mask"},"compId":257},{"type":"Image","props":{"skin":"Game/UI/GameScene/Level6/niutui.png","name":"Pic"},"compId":258}]},{"type":"Image","props":{"zOrder":98,"y":326,"x":303,"width":175,"var":"Draw11","skin":"Game/UI/GameScene/Level6/niunaizimask.png","pivotY":71,"pivotX":88,"name":"Draw11","height":142},"compId":280,"child":[{"type":"Image","props":{"skin":"Game/UI/GameScene/Level6/niunaizimask.png","renderType":"mask","name":"Mask"},"compId":283},{"type":"Image","props":{"skin":"Game/UI/GameScene/Level6/niunaizi.png","name":"Pic"},"compId":281}]},{"type":"Image","props":{"zOrder":99,"y":182,"x":317,"width":414,"var":"Draw6","skin":"Game/UI/GameScene/Level6/niu shenti mask.png","pivotY":161,"pivotX":207,"name":"Draw6","height":322},"compId":225,"child":[{"type":"Image","props":{"y":36,"x":33,"width":348,"skin":"Game/UI/GameScene/Level6/niu shenti mask.png","name":"MaskBoard","height":250},"compId":287},{"type":"Image","props":{"y":151,"x":207,"width":414,"skin":"Game/UI/GameScene/Level6/niu shenti mask.png","renderType":"mask","pivotY":151,"pivotX":207,"name":"Mask","height":322},"compId":227},{"type":"Image","props":{"y":0,"x":0,"skin":"Game/UI/GameScene/Level6/niu shenti .png","name":"Pic"},"compId":226}]},{"type":"Image","props":{"zOrder":100,"y":436,"x":184,"width":96,"var":"Draw7","skin":"Game/UI/GameScene/Level6/niutuimask.png","pivotY":219,"pivotX":48,"name":"Draw7","height":219},"compId":252,"child":[{"type":"Image","props":{"y":0,"x":0,"skin":"Game/UI/GameScene/Level6/niutuimask.png","renderType":"mask","name":"Mask"},"compId":253},{"type":"Image","props":{"skin":"Game/UI/GameScene/Level6/niutui.png","name":"Pic"},"compId":254}]},{"type":"Image","props":{"zOrder":100,"y":439,"x":415,"width":96,"var":"Draw8","skin":"Game/UI/GameScene/Level6/niutuimask.png","pivotY":219,"pivotX":48,"name":"Draw8","height":219},"compId":248,"child":[{"type":"Image","props":{"y":0,"x":0,"skin":"Game/UI/GameScene/Level6/niutuimask.png","renderType":"mask","name":"Mask"},"compId":249},{"type":"Image","props":{"skin":"Game/UI/GameScene/Level6/niutui.png","name":"Pic"},"compId":250}]}]},{"type":"Image","props":{"zOrder":100,"y":284,"x":522,"width":324,"skewX":0,"rotation":0,"pivotY":157,"pivotX":162,"name":"Head","height":313},"compId":251,"child":[{"type":"Image","props":{"zOrder":95,"y":54,"x":231,"width":131,"var":"Draw5","skin":"Game/UI/GameScene/Level6/niujiaomask.png","scaleX":-1,"pivotY":160,"pivotX":79,"name":"Draw5","height":175},"compId":275,"child":[{"type":"Image","props":{"skin":"Game/UI/GameScene/Level6/niujiao.png","name":"Pic"},"compId":276},{"type":"Image","props":{"skin":"Game/UI/GameScene/Level6/niujiaomask.png","renderType":"mask","name":"Mask"},"compId":277}]},{"type":"Image","props":{"zOrder":96,"y":41,"x":130,"width":131,"var":"Draw4","skin":"Game/UI/GameScene/Level6/niujiaomask.png","pivotY":150,"pivotX":99,"name":"Draw4","height":175},"compId":266,"child":[{"type":"Image","props":{"skin":"Game/UI/GameScene/Level6/niujiao.png","name":"Pic"},"compId":267},{"type":"Image","props":{"skin":"Game/UI/GameScene/Level6/niujiaomask.png","renderType":"mask","name":"Mask"},"compId":268}]},{"type":"Image","props":{"zOrder":97,"y":119,"x":261,"width":199,"var":"Draw3","skin":"Game/UI/GameScene/Level6/niuerduiomask.png","scaleX":-1,"pivotY":88,"pivotX":152,"name":"Draw3","height":140},"compId":242,"child":[{"type":"Image","props":{"y":0,"x":0,"skin":"Game/UI/GameScene/Level6/niuerduiomask.png","renderType":"mask","name":"Mask"},"compId":243},{"type":"Image","props":{"y":29,"x":27,"width":141,"skin":"Game/UI/GameScene/Level6/niuerduiomask.png","name":"MaskBoard","height":86},"compId":288},{"type":"Image","props":{"skin":"Game/UI/GameScene/Level6/niuerduio.png","name":"Pic"},"compId":244}]},{"type":"Image","props":{"zOrder":98,"y":103,"x":67,"width":199,"var":"Draw2","skin":"Game/UI/GameScene/Level6/niuerduiomask.png","scaleX":1,"pivotY":88,"pivotX":152,"name":"Draw2","height":140},"compId":233,"child":[{"type":"Image","props":{"y":30,"x":30,"width":138,"skin":"Game/UI/GameScene/Level6/niuerduiomask.png","name":"MaskBoard","height":82},"compId":289},{"type":"Image","props":{"y":0,"x":0,"skin":"Game/UI/GameScene/Level6/niuerduiomask.png","renderType":"mask","name":"Mask"},"compId":237},{"type":"Image","props":{"skin":"Game/UI/GameScene/Level6/niuerduio.png","name":"Pic"},"compId":234}]},{"type":"Image","props":{"zOrder":99,"y":-4,"x":24,"var":"Draw1","skin":"Game/UI/GameScene/Level6/niulian mask.png","name":"Draw1"},"compId":228,"child":[{"type":"Image","props":{"y":33,"x":31,"width":225,"var":"MaskBoard","skin":"Game/UI/GameScene/Level6/niulian mask.png","name":"MaskBoard","height":253},"compId":285},{"type":"Image","props":{"skin":"Game/UI/GameScene/Level6/niulian mask.png","renderType":"mask","name":"Mask"},"compId":229},{"type":"Image","props":{"y":0,"x":0,"skin":"Game/UI/GameScene/Level6/niulian .png","name":"Pic"},"compId":230}]},{"type":"Image","props":{"zOrder":100,"y":103,"x":212,"width":33,"skin":"Game/UI/GameScene/Level6/niuyan .png","scaleY":1,"scaleX":1,"pivotY":17,"pivotX":17,"name":"Eye2","height":33},"compId":232},{"type":"Image","props":{"zOrder":100,"y":102,"x":134,"width":33,"skin":"Game/UI/GameScene/Level6/niuyan .png","scaleY":1,"scaleX":1,"pivotY":17,"pivotX":17,"name":"Eye1","height":33},"compId":231},{"type":"Image","props":{"zOrder":100,"y":191,"x":136,"width":22,"skin":"Game/UI/GameScene/Level6/bikong.png","scaleX":1,"pivotY":15,"pivotX":11,"name":"Nostril1","height":30},"compId":290},{"type":"Image","props":{"zOrder":100,"y":191,"x":201,"width":22,"skin":"Game/UI/GameScene/Level6/bikong.png","scaleX":1,"pivotY":15,"pivotX":11,"name":"Nostril2","height":30},"compId":291}]}]}]}],"animations":[{"nodes":[{"target":251,"keyframes":{"y":[{"value":284,"tweenMethod":"linearNone","tween":true,"target":251,"key":"y","index":0},{"value":226,"tweenMethod":"linearNone","tween":true,"target":251,"key":"y","index":20},{"value":226,"tweenMethod":"linearNone","tween":true,"target":251,"label":null,"key":"y","index":130},{"value":284,"tweenMethod":"linearNone","tween":true,"target":251,"label":null,"key":"y","index":160},{"value":284,"tweenMethod":"linearNone","tween":true,"target":251,"label":null,"key":"y","index":190},{"value":287,"tweenMethod":"linearNone","tween":true,"target":251,"key":"y","index":520},{"value":292,"tweenMethod":"linearNone","tween":true,"target":251,"key":"y","index":530},{"value":284,"tweenMethod":"linearNone","tween":true,"target":251,"label":null,"key":"y","index":685},{"value":284,"tweenMethod":"linearNone","tween":true,"target":251,"label":null,"key":"y","index":705}],"x":[{"value":522,"tweenMethod":"linearNone","tween":true,"target":251,"key":"x","index":0},{"value":498,"tweenMethod":"linearNone","tween":true,"target":251,"key":"x","index":20},{"value":498,"tweenMethod":"linearNone","tween":true,"target":251,"label":null,"key":"x","index":130},{"value":522,"tweenMethod":"linearNone","tween":true,"target":251,"label":null,"key":"x","index":160},{"value":522,"tweenMethod":"linearNone","tween":true,"target":251,"label":null,"key":"x","index":190},{"value":522,"tweenMethod":"linearNone","tween":true,"target":251,"label":null,"key":"x","index":685},{"value":522,"tweenMethod":"linearNone","tween":true,"target":251,"label":null,"key":"x","index":705}],"rotation":[{"value":0,"tweenMethod":"linearNone","tween":true,"target":251,"key":"rotation","index":0},{"value":0,"tweenMethod":"linearNone","tween":true,"target":251,"key":"rotation","index":130},{"value":0,"tweenMethod":"linearNone","tween":true,"target":251,"label":null,"key":"rotation","index":160},{"value":0,"tweenMethod":"linearNone","tween":true,"target":251,"label":null,"key":"rotation","index":190},{"value":70,"tweenMethod":"linearNone","tween":true,"target":251,"key":"rotation","index":220},{"value":70,"tweenMethod":"linearNone","tween":true,"target":251,"label":null,"key":"rotation","index":250},{"value":0,"tweenMethod":"linearNone","tween":true,"target":251,"key":"rotation","index":280},{"value":0,"tweenMethod":"linearNone","tween":true,"target":251,"label":null,"key":"rotation","index":310},{"value":-70,"tweenMethod":"linearNone","tween":true,"target":251,"label":null,"key":"rotation","index":340},{"value":-70,"tweenMethod":"linearNone","tween":true,"target":251,"label":null,"key":"rotation","index":370},{"value":0,"tweenMethod":"linearNone","tween":true,"target":251,"label":null,"key":"rotation","index":400},{"value":0,"tweenMethod":"linearNone","tween":true,"target":251,"label":null,"key":"rotation","index":430},{"value":70,"tweenMethod":"linearNone","tween":true,"target":251,"label":null,"key":"rotation","index":460},{"value":70,"tweenMethod":"linearNone","tween":true,"target":251,"label":null,"key":"rotation","index":490},{"value":0,"tweenMethod":"linearNone","tween":true,"target":251,"label":null,"key":"rotation","index":520},{"value":0,"tweenMethod":"linearNone","tween":true,"target":251,"label":null,"key":"rotation","index":550},{"value":40,"tweenMethod":"linearNone","tween":true,"target":251,"key":"rotation","index":565},{"value":-40,"tweenMethod":"linearNone","tween":true,"target":251,"key":"rotation","index":580},{"value":40,"tweenMethod":"linearNone","tween":true,"target":251,"key":"rotation","index":595},{"value":-40,"tweenMethod":"linearNone","tween":true,"target":251,"label":null,"key":"rotation","index":610},{"value":40,"tweenMethod":"linearNone","tween":true,"target":251,"label":null,"key":"rotation","index":625},{"value":-40,"tweenMethod":"linearNone","tween":true,"target":251,"label":null,"key":"rotation","index":640},{"value":40,"tweenMethod":"linearNone","tween":true,"target":251,"label":null,"key":"rotation","index":655},{"value":-40,"tweenMethod":"linearNone","tween":true,"target":251,"label":null,"key":"rotation","index":670},{"value":0,"tweenMethod":"linearNone","tween":true,"target":251,"label":null,"key":"rotation","index":685},{"value":0,"tweenMethod":"linearNone","tween":true,"target":251,"label":null,"key":"rotation","index":705}]}},{"target":231,"keyframes":{"x":[{"value":134,"tweenMethod":"linearNone","tween":true,"target":231,"key":"x","index":0},{"value":134,"tweenMethod":"linearNone","tween":true,"target":231,"key":"x","index":130},{"value":134,"tweenMethod":"linearNone","tween":true,"target":231,"label":null,"key":"x","index":160},{"value":134,"tweenMethod":"linearNone","tween":true,"target":231,"label":null,"key":"x","index":685},{"value":134,"tweenMethod":"linearNone","tween":true,"target":231,"label":null,"key":"x","index":705}],"scaleY":[{"value":1,"tweenMethod":"linearNone","tween":true,"target":231,"key":"scaleY","index":0},{"value":1,"tweenMethod":"linearNone","tween":true,"target":231,"key":"scaleY","index":40},{"value":0,"tweenMethod":"linearNone","tween":true,"target":231,"key":"scaleY","index":50},{"value":1,"tweenMethod":"linearNone","tween":true,"target":231,"key":"scaleY","index":60},{"value":1,"tweenMethod":"linearNone","tween":true,"target":231,"label":null,"key":"scaleY","index":85},{"value":0,"tweenMethod":"linearNone","tween":true,"target":231,"label":null,"key":"scaleY","index":95},{"value":1,"tweenMethod":"linearNone","tween":true,"target":231,"label":null,"key":"scaleY","index":105},{"value":1,"tweenMethod":"linearNone","tween":true,"target":231,"label":null,"key":"scaleY","index":160},{"value":1,"tweenMethod":"linearNone","tween":true,"target":231,"key":"scaleY","index":520},{"value":0,"tweenMethod":"linearNone","tween":true,"target":231,"key":"scaleY","index":530},{"value":1,"tweenMethod":"linearNone","tween":true,"target":231,"key":"scaleY","index":540},{"value":1,"tweenMethod":"linearNone","tween":true,"target":231,"label":null,"key":"scaleY","index":685},{"value":1,"tweenMethod":"linearNone","tween":true,"target":231,"label":null,"key":"scaleY","index":705}],"scaleX":[{"value":1,"tweenMethod":"linearNone","tween":true,"target":231,"key":"scaleX","index":0},{"value":1,"tweenMethod":"linearNone","tween":true,"target":231,"key":"scaleX","index":50},{"value":1,"tweenMethod":"linearNone","tween":true,"target":231,"label":null,"key":"scaleX","index":95},{"value":1,"tweenMethod":"linearNone","tween":true,"target":231,"label":null,"key":"scaleX","index":160},{"value":1,"tweenMethod":"linearNone","tween":true,"target":231,"label":null,"key":"scaleX","index":685},{"value":1,"tweenMethod":"linearNone","tween":true,"target":231,"label":null,"key":"scaleX","index":705}]}},{"target":232,"keyframes":{"x":[{"value":212,"tweenMethod":"linearNone","tween":true,"target":232,"key":"x","index":0},{"value":212,"tweenMethod":"linearNone","tween":true,"target":232,"key":"x","index":130},{"value":212,"tweenMethod":"linearNone","tween":true,"target":232,"label":null,"key":"x","index":160},{"value":212,"tweenMethod":"linearNone","tween":true,"target":232,"label":null,"key":"x","index":685},{"value":212,"tweenMethod":"linearNone","tween":true,"target":232,"label":null,"key":"x","index":705}],"scaleY":[{"value":1,"tweenMethod":"linearNone","tween":true,"target":232,"key":"scaleY","index":0},{"value":1,"tweenMethod":"linearNone","tween":true,"target":232,"key":"scaleY","index":40},{"value":0,"tweenMethod":"linearNone","tween":true,"target":232,"key":"scaleY","index":50},{"value":1,"tweenMethod":"linearNone","tween":true,"target":232,"key":"scaleY","index":60},{"value":1,"tweenMethod":"linearNone","tween":true,"target":232,"label":null,"key":"scaleY","index":85},{"value":0,"tweenMethod":"linearNone","tween":true,"target":232,"label":null,"key":"scaleY","index":95},{"value":1,"tweenMethod":"linearNone","tween":true,"target":232,"label":null,"key":"scaleY","index":105},{"value":1,"tweenMethod":"linearNone","tween":true,"target":232,"label":null,"key":"scaleY","index":160},{"value":1,"tweenMethod":"linearNone","tween":true,"target":232,"key":"scaleY","index":520},{"value":0,"tweenMethod":"linearNone","tween":true,"target":232,"key":"scaleY","index":530},{"value":1,"tweenMethod":"linearNone","tween":true,"target":232,"key":"scaleY","index":540},{"value":1,"tweenMethod":"linearNone","tween":true,"target":232,"label":null,"key":"scaleY","index":685},{"value":1,"tweenMethod":"linearNone","tween":true,"target":232,"label":null,"key":"scaleY","index":705}],"scaleX":[{"value":1,"tweenMethod":"linearNone","tween":true,"target":232,"key":"scaleX","index":0},{"value":1,"tweenMethod":"linearNone","tween":true,"target":232,"key":"scaleX","index":50},{"value":1,"tweenMethod":"linearNone","tween":true,"target":232,"key":"scaleX","index":60},{"value":1,"tweenMethod":"linearNone","tween":true,"target":232,"label":null,"key":"scaleX","index":95},{"value":1,"tweenMethod":"linearNone","tween":true,"target":232,"label":null,"key":"scaleX","index":105},{"value":1,"tweenMethod":"linearNone","tween":true,"target":232,"label":null,"key":"scaleX","index":160},{"value":1,"tweenMethod":"linearNone","tween":true,"target":232,"label":null,"key":"scaleX","index":685},{"value":1,"tweenMethod":"linearNone","tween":true,"target":232,"label":null,"key":"scaleX","index":705}]}},{"target":291,"keyframes":{"y":[{"value":191,"tweenMethod":"linearNone","tween":true,"target":291,"key":"y","index":0},{"value":191,"tweenMethod":"linearNone","tween":true,"target":291,"key":"y","index":130},{"value":191,"tweenMethod":"linearNone","tween":true,"target":291,"label":null,"key":"y","index":160},{"value":191,"tweenMethod":"linearNone","tween":true,"target":291,"label":null,"key":"y","index":685},{"value":191,"tweenMethod":"linearNone","tween":true,"target":291,"label":null,"key":"y","index":705}],"x":[{"value":201,"tweenMethod":"linearNone","tween":true,"target":291,"key":"x","index":0},{"value":201,"tweenMethod":"linearNone","tween":true,"target":291,"key":"x","index":130},{"value":201,"tweenMethod":"linearNone","tween":true,"target":291,"label":null,"key":"x","index":160},{"value":201,"tweenMethod":"linearNone","tween":true,"target":291,"label":null,"key":"x","index":685},{"value":201,"tweenMethod":"linearNone","tween":true,"target":291,"label":null,"key":"x","index":705}]}},{"target":290,"keyframes":{"y":[{"value":191,"tweenMethod":"linearNone","tween":true,"target":290,"key":"y","index":0},{"value":191,"tweenMethod":"linearNone","tween":true,"target":290,"key":"y","index":130},{"value":191,"tweenMethod":"linearNone","tween":true,"target":290,"label":null,"key":"y","index":160},{"value":191,"tweenMethod":"linearNone","tween":true,"target":290,"label":null,"key":"y","index":685},{"value":191,"tweenMethod":"linearNone","tween":true,"target":290,"label":null,"key":"y","index":705}],"x":[{"value":136,"tweenMethod":"linearNone","tween":true,"target":290,"key":"x","index":0},{"value":136,"tweenMethod":"linearNone","tween":true,"target":290,"key":"x","index":130},{"value":136,"tweenMethod":"linearNone","tween":true,"target":290,"label":null,"key":"x","index":160},{"value":136,"tweenMethod":"linearNone","tween":true,"target":290,"label":null,"key":"x","index":685},{"value":136,"tweenMethod":"linearNone","tween":true,"target":290,"label":null,"key":"x","index":705}]}},{"target":233,"keyframes":{"scaleX":[{"value":1,"tweenMethod":"linearNone","tween":true,"target":233,"key":"scaleX","index":0},{"value":1,"tweenMethod":"linearNone","tween":true,"target":233,"key":"scaleX","index":130},{"value":1,"tweenMethod":"linearNone","tween":true,"target":233,"label":null,"key":"scaleX","index":160},{"value":1,"tweenMethod":"linearNone","tween":true,"target":233,"label":null,"key":"scaleX","index":685},{"value":1,"tweenMethod":"linearNone","tween":true,"target":233,"label":null,"key":"scaleX","index":705}],"rotation":[{"value":0,"tweenMethod":"linearNone","tween":true,"target":233,"key":"rotation","index":0},{"value":-16,"tweenMethod":"linearNone","tween":true,"target":233,"key":"rotation","index":10},{"value":0,"tweenMethod":"linearNone","tween":true,"target":233,"key":"rotation","index":30},{"value":0,"tweenMethod":"linearNone","tween":true,"target":233,"key":"rotation","index":130},{"value":15,"tweenMethod":"linearNone","tween":true,"target":233,"key":"rotation","index":145},{"value":0,"tweenMethod":"linearNone","tween":true,"target":233,"key":"rotation","index":160},{"value":0,"tweenMethod":"linearNone","tween":true,"target":233,"key":"rotation","index":190},{"value":-30,"tweenMethod":"linearNone","tween":true,"target":233,"key":"rotation","index":205},{"value":0,"tweenMethod":"linearNone","tween":true,"target":233,"key":"rotation","index":220},{"value":0,"tweenMethod":"linearNone","tween":true,"target":233,"key":"rotation","index":250},{"value":25,"tweenMethod":"linearNone","tween":true,"target":233,"key":"rotation","index":265},{"value":0,"tweenMethod":"linearNone","tween":true,"target":233,"key":"rotation","index":280},{"value":0,"tweenMethod":"linearNone","tween":true,"target":233,"key":"rotation","index":310},{"value":25,"tweenMethod":"linearNone","tween":true,"target":233,"key":"rotation","index":325},{"value":0,"tweenMethod":"linearNone","tween":true,"target":233,"key":"rotation","index":340},{"value":0,"tweenMethod":"linearNone","tween":true,"target":233,"key":"rotation","index":370},{"value":-30,"tweenMethod":"linearNone","tween":true,"target":233,"key":"rotation","index":385},{"value":0,"tweenMethod":"linearNone","tween":true,"target":233,"key":"rotation","index":400},{"value":0,"tweenMethod":"linearNone","tween":true,"target":233,"key":"rotation","index":430},{"value":-25,"tweenMethod":"linearNone","tween":true,"target":233,"key":"rotation","index":445},{"value":0,"tweenMethod":"linearNone","tween":true,"target":233,"key":"rotation","index":460},{"value":0,"tweenMethod":"linearNone","tween":true,"target":233,"key":"rotation","index":490},{"value":25,"tweenMethod":"linearNone","tween":true,"target":233,"key":"rotation","index":505},{"value":0,"tweenMethod":"linearNone","tween":true,"target":233,"key":"rotation","index":520},{"value":0,"tweenMethod":"linearNone","tween":true,"target":233,"key":"rotation","index":550},{"value":25,"tweenMethod":"linearNone","tween":true,"target":233,"key":"rotation","index":570},{"value":-46,"tweenMethod":"linearNone","tween":true,"target":233,"key":"rotation","index":585},{"value":30,"tweenMethod":"linearNone","tween":true,"target":233,"key":"rotation","index":600},{"value":-46,"tweenMethod":"linearNone","tween":true,"target":233,"label":null,"key":"rotation","index":615},{"value":30,"tweenMethod":"linearNone","tween":true,"target":233,"label":null,"key":"rotation","index":630},{"value":-46,"tweenMethod":"linearNone","tween":true,"target":233,"label":null,"key":"rotation","index":645},{"value":30,"tweenMethod":"linearNone","tween":true,"target":233,"label":null,"key":"rotation","index":660},{"value":-46,"tweenMethod":"linearNone","tween":true,"target":233,"label":null,"key":"rotation","index":675},{"value":0,"tweenMethod":"linearNone","tween":true,"target":233,"label":null,"key":"rotation","index":685},{"value":0,"tweenMethod":"linearNone","tween":true,"target":233,"label":null,"key":"rotation","index":705}]}},{"target":242,"keyframes":{"scaleX":[{"value":-1,"tweenMethod":"linearNone","tween":true,"target":242,"key":"scaleX","index":0},{"value":-1,"tweenMethod":"linearNone","tween":true,"target":242,"key":"scaleX","index":130},{"value":-1,"tweenMethod":"linearNone","tween":true,"target":242,"label":null,"key":"scaleX","index":160},{"value":-1,"tweenMethod":"linearNone","tween":true,"target":242,"label":null,"key":"scaleX","index":685},{"value":-1,"tweenMethod":"linearNone","tween":true,"target":242,"label":null,"key":"scaleX","index":705}],"rotation":[{"value":0,"tweenMethod":"linearNone","tween":true,"target":242,"key":"rotation","index":0},{"value":16,"tweenMethod":"linearNone","tween":true,"target":242,"key":"rotation","index":10},{"value":0,"tweenMethod":"linearNone","tween":true,"target":242,"key":"rotation","index":30},{"value":0,"tweenMethod":"linearNone","tween":true,"target":242,"key":"rotation","index":130},{"value":-15,"tweenMethod":"linearNone","tween":true,"target":242,"key":"rotation","index":145},{"value":0,"tweenMethod":"linearNone","tween":true,"target":242,"key":"rotation","index":160},{"value":0,"tweenMethod":"linearNone","tween":true,"target":242,"key":"rotation","index":190},{"value":-25,"tweenMethod":"linearNone","tween":true,"target":242,"key":"rotation","index":205},{"value":0,"tweenMethod":"linearNone","tween":true,"target":242,"key":"rotation","index":220},{"value":0,"tweenMethod":"linearNone","tween":true,"target":242,"key":"rotation","index":250},{"value":30,"tweenMethod":"linearNone","tween":true,"target":242,"key":"rotation","index":265},{"value":0,"tweenMethod":"linearNone","tween":true,"target":242,"key":"rotation","index":280},{"value":0,"tweenMethod":"linearNone","tween":true,"target":242,"key":"rotation","index":310},{"value":30,"tweenMethod":"linearNone","tween":true,"target":242,"key":"rotation","index":325},{"value":0,"tweenMethod":"linearNone","tween":true,"target":242,"key":"rotation","index":340},{"value":0,"tweenMethod":"linearNone","tween":true,"target":242,"key":"rotation","index":370},{"value":-25,"tweenMethod":"linearNone","tween":true,"target":242,"key":"rotation","index":385},{"value":0,"tweenMethod":"linearNone","tween":true,"target":242,"key":"rotation","index":400},{"value":0,"tweenMethod":"linearNone","tween":true,"target":242,"key":"rotation","index":430},{"value":-15,"tweenMethod":"linearNone","tween":true,"target":242,"key":"rotation","index":445},{"value":0,"tweenMethod":"linearNone","tween":true,"target":242,"key":"rotation","index":460},{"value":0,"tweenMethod":"linearNone","tween":true,"target":242,"key":"rotation","index":490},{"value":30,"tweenMethod":"linearNone","tween":true,"target":242,"key":"rotation","index":505},{"value":0,"tweenMethod":"linearNone","tween":true,"target":242,"key":"rotation","index":520},{"value":0,"tweenMethod":"linearNone","tween":true,"target":242,"key":"rotation","index":550},{"value":45,"tweenMethod":"linearNone","tween":true,"target":242,"key":"rotation","index":570},{"value":-21,"tweenMethod":"linearNone","tween":true,"target":242,"key":"rotation","index":585},{"value":48,"tweenMethod":"linearNone","tween":true,"target":242,"key":"rotation","index":600},{"value":-21,"tweenMethod":"linearNone","tween":true,"target":242,"label":null,"key":"rotation","index":615},{"value":48,"tweenMethod":"linearNone","tween":true,"target":242,"label":null,"key":"rotation","index":630},{"value":-21,"tweenMethod":"linearNone","tween":true,"target":242,"label":null,"key":"rotation","index":645},{"value":48,"tweenMethod":"linearNone","tween":true,"target":242,"label":null,"key":"rotation","index":660},{"value":-21,"tweenMethod":"linearNone","tween":true,"target":242,"label":null,"key":"rotation","index":675},{"value":0,"tweenMethod":"linearNone","tween":true,"target":242,"label":null,"key":"rotation","index":685},{"value":0,"tweenMethod":"linearNone","tween":true,"target":242,"label":null,"key":"rotation","index":705}]}},{"target":261,"keyframes":{"y":[{"value":161,"tweenMethod":"linearNone","tween":true,"target":261,"key":"y","index":0},{"value":154.0721153846154,"tweenMethod":"linearNone","tween":true,"target":261,"key":"y","index":10},{"value":154.0721153846154,"tweenMethod":"linearNone","tween":true,"target":261,"label":null,"key":"y","index":130},{"value":170,"tweenMethod":"linearNone","tween":true,"target":261,"key":"y","index":160},{"value":170,"tweenMethod":"linearNone","tween":true,"target":261,"key":"y","index":190},{"value":181,"tweenMethod":"linearNone","tween":true,"target":261,"key":"y","index":220},{"value":181,"tweenMethod":"linearNone","tween":true,"target":261,"label":null,"key":"y","index":250},{"value":171,"tweenMethod":"linearNone","tween":true,"target":261,"key":"y","index":280},{"value":171,"tweenMethod":"linearNone","tween":true,"target":261,"key":"y","index":310},{"value":179,"tweenMethod":"linearNone","tween":true,"target":261,"key":"y","index":340},{"value":179,"tweenMethod":"linearNone","tween":true,"target":261,"label":null,"key":"y","index":370},{"value":164,"tweenMethod":"linearNone","tween":true,"target":261,"key":"y","index":400},{"value":164,"tweenMethod":"linearNone","tween":true,"target":261,"key":"y","index":430},{"value":171,"tweenMethod":"linearNone","tween":true,"target":261,"key":"y","index":460},{"value":171,"tweenMethod":"linearNone","tween":true,"target":261,"key":"y","index":490},{"value":163,"tweenMethod":"linearNone","tween":true,"target":261,"key":"y","index":520},{"value":171,"tweenMethod":"linearNone","tween":true,"target":261,"key":"y","index":530},{"value":171,"tweenMethod":"linearNone","tween":true,"target":261,"label":null,"key":"y","index":565},{"value":186,"tweenMethod":"linearNone","tween":true,"target":261,"key":"y","index":575},{"value":161,"tweenMethod":"linearNone","tween":true,"target":261,"label":null,"key":"y","index":685},{"value":161,"tweenMethod":"linearNone","tween":true,"target":261,"label":null,"key":"y","index":705}],"x":[{"value":154,"tweenMethod":"linearNone","tween":true,"target":261,"key":"x","index":0},{"value":154,"tweenMethod":"linearNone","tween":true,"target":261,"key":"x","index":220},{"value":154,"tweenMethod":"linearNone","tween":true,"target":261,"label":null,"key":"x","index":250},{"value":154,"tweenMethod":"linearNone","tween":true,"target":261,"key":"x","index":520},{"value":154,"tweenMethod":"linearNone","tween":true,"target":261,"label":null,"key":"x","index":685},{"value":154,"tweenMethod":"linearNone","tween":true,"target":261,"label":null,"key":"x","index":705}],"rotation":[{"value":0,"tweenMethod":"linearNone","tween":true,"target":261,"key":"rotation","index":0},{"value":0,"tweenMethod":"linearNone","tween":true,"target":261,"key":"rotation","index":10},{"value":0,"tweenMethod":"linearNone","tween":true,"target":261,"key":"rotation","index":35},{"value":38,"tweenMethod":"linearNone","tween":true,"target":261,"key":"rotation","index":45},{"value":0,"tweenMethod":"linearNone","tween":true,"target":261,"key":"rotation","index":60},{"value":0,"tweenMethod":"linearNone","tween":true,"target":261,"label":null,"key":"rotation","index":130},{"value":5,"tweenMethod":"linearNone","tween":true,"target":261,"key":"rotation","index":145},{"value":0,"tweenMethod":"linearNone","tween":true,"target":261,"key":"rotation","index":160},{"value":0,"tweenMethod":"linearNone","tween":true,"target":261,"key":"rotation","index":190},{"value":5,"tweenMethod":"linearNone","tween":true,"target":261,"key":"rotation","index":205},{"value":0,"tweenMethod":"linearNone","tween":true,"target":261,"key":"rotation","index":220},{"value":0,"tweenMethod":"linearNone","tween":true,"target":261,"key":"rotation","index":250},{"value":-5,"tweenMethod":"linearNone","tween":true,"target":261,"key":"rotation","index":265},{"value":0,"tweenMethod":"linearNone","tween":true,"target":261,"key":"rotation","index":280},{"value":0,"tweenMethod":"linearNone","tween":true,"target":261,"key":"rotation","index":310},{"value":5,"tweenMethod":"linearNone","tween":true,"target":261,"key":"rotation","index":325},{"value":0,"tweenMethod":"linearNone","tween":true,"target":261,"key":"rotation","index":340},{"value":0,"tweenMethod":"linearNone","tween":true,"target":261,"key":"rotation","index":370},{"value":-5,"tweenMethod":"linearNone","tween":true,"target":261,"key":"rotation","index":385},{"value":0,"tweenMethod":"linearNone","tween":true,"target":261,"key":"rotation","index":400},{"value":0,"tweenMethod":"linearNone","tween":true,"target":261,"key":"rotation","index":430},{"value":5,"tweenMethod":"linearNone","tween":true,"target":261,"key":"rotation","index":445},{"value":0,"tweenMethod":"linearNone","tween":true,"target":261,"key":"rotation","index":460},{"value":0,"tweenMethod":"linearNone","tween":true,"target":261,"key":"rotation","index":490},{"value":-5,"tweenMethod":"linearNone","tween":true,"target":261,"key":"rotation","index":505},{"value":0,"tweenMethod":"linearNone","tween":true,"target":261,"key":"rotation","index":520},{"value":5,"tweenMethod":"linearNone","tween":true,"target":261,"key":"rotation","index":530},{"value":0,"tweenMethod":"linearNone","tween":true,"target":261,"key":"rotation","index":540},{"value":0,"tweenMethod":"linearNone","tween":true,"target":261,"key":"rotation","index":565},{"value":5,"tweenMethod":"linearNone","tween":true,"target":261,"key":"rotation","index":575},{"value":-5,"tweenMethod":"linearNone","tween":true,"target":261,"key":"rotation","index":585},{"value":5,"tweenMethod":"linearNone","tween":true,"target":261,"key":"rotation","index":595},{"value":-5,"tweenMethod":"linearNone","tween":true,"target":261,"key":"rotation","index":605},{"value":5,"tweenMethod":"linearNone","tween":true,"target":261,"label":null,"key":"rotation","index":615},{"value":-5,"tweenMethod":"linearNone","tween":true,"target":261,"label":null,"key":"rotation","index":625},{"value":5,"tweenMethod":"linearNone","tween":true,"target":261,"label":null,"key":"rotation","index":635},{"value":-5,"tweenMethod":"linearNone","tween":true,"target":261,"label":null,"key":"rotation","index":645},{"value":5,"tweenMethod":"linearNone","tween":true,"target":261,"label":null,"key":"rotation","index":655},{"value":0,"tweenMethod":"linearNone","tween":true,"target":261,"label":null,"key":"rotation","index":685},{"value":0,"tweenMethod":"linearNone","tween":true,"target":261,"label":null,"key":"rotation","index":705}]}},{"target":225,"keyframes":{"y":[{"value":182,"tweenMethod":"linearNone","tween":true,"target":225,"key":"y","index":0},{"value":175.0721153846154,"tweenMethod":"linearNone","tween":true,"target":225,"key":"y","index":10},{"value":175.0721153846154,"tweenMethod":"linearNone","tween":true,"target":225,"label":null,"key":"y","index":130},{"value":191,"tweenMethod":"linearNone","tween":true,"target":225,"key":"y","index":160},{"value":191,"tweenMethod":"linearNone","tween":true,"target":225,"key":"y","index":190},{"value":202,"tweenMethod":"linearNone","tween":true,"target":225,"key":"y","index":220},{"value":202,"tweenMethod":"linearNone","tween":true,"target":225,"label":null,"key":"y","index":250},{"value":192,"tweenMethod":"linearNone","tween":true,"target":225,"key":"y","index":280},{"value":192,"tweenMethod":"linearNone","tween":true,"target":225,"key":"y","index":310},{"value":200,"tweenMethod":"linearNone","tween":true,"target":225,"key":"y","index":340},{"value":200,"tweenMethod":"linearNone","tween":true,"target":225,"label":null,"key":"y","index":370},{"value":185,"tweenMethod":"linearNone","tween":true,"target":225,"key":"y","index":400},{"value":185,"tweenMethod":"linearNone","tween":true,"target":225,"key":"y","index":430},{"value":192,"tweenMethod":"linearNone","tween":true,"target":225,"key":"y","index":460},{"value":192,"tweenMethod":"linearNone","tween":true,"target":225,"key":"y","index":490},{"value":184,"tweenMethod":"linearNone","tween":true,"target":225,"key":"y","index":520},{"value":192,"tweenMethod":"linearNone","tween":true,"target":225,"key":"y","index":530},{"value":192,"tweenMethod":"linearNone","tween":true,"target":225,"label":null,"key":"y","index":565},{"value":203.5,"tweenMethod":"linearNone","tween":true,"target":225,"key":"y","index":575},{"value":203.5,"tweenMethod":"linearNone","tween":true,"target":225,"label":null,"key":"y","index":675},{"value":182,"tweenMethod":"linearNone","tween":true,"target":225,"label":null,"key":"y","index":685},{"value":182,"tweenMethod":"linearNone","tween":true,"target":225,"label":null,"key":"y","index":705}],"x":[{"value":317,"tweenMethod":"linearNone","tween":true,"target":225,"key":"x","index":0},{"value":317,"tweenMethod":"linearNone","tween":true,"target":225,"key":"x","index":220},{"value":317,"tweenMethod":"linearNone","tween":true,"target":225,"label":null,"key":"x","index":250},{"value":317,"tweenMethod":"linearNone","tween":true,"target":225,"key":"x","index":520},{"value":317,"tweenMethod":"linearNone","tween":true,"target":225,"label":null,"key":"x","index":685},{"value":317,"tweenMethod":"linearNone","tween":true,"target":225,"label":null,"key":"x","index":705}]}},{"target":280,"keyframes":{"y":[{"value":326,"tweenMethod":"linearNone","tween":true,"target":280,"key":"y","index":0},{"value":319.07211538461536,"tweenMethod":"linearNone","tween":true,"target":280,"key":"y","index":10},{"value":319.07211538461536,"tweenMethod":"linearNone","tween":true,"target":280,"label":null,"key":"y","index":130},{"value":335,"tweenMethod":"linearNone","tween":true,"target":280,"key":"y","index":160},{"value":335,"tweenMethod":"linearNone","tween":true,"target":280,"key":"y","index":190},{"value":346,"tweenMethod":"linearNone","tween":true,"target":280,"key":"y","index":220},{"value":346,"tweenMethod":"linearNone","tween":true,"target":280,"label":null,"key":"y","index":250},{"value":336,"tweenMethod":"linearNone","tween":true,"target":280,"key":"y","index":280},{"value":336,"tweenMethod":"linearNone","tween":true,"target":280,"key":"y","index":310},{"value":344,"tweenMethod":"linearNone","tween":true,"target":280,"key":"y","index":340},{"value":344,"tweenMethod":"linearNone","tween":true,"target":280,"label":null,"key":"y","index":370},{"value":329,"tweenMethod":"linearNone","tween":true,"target":280,"key":"y","index":400},{"value":329,"tweenMethod":"linearNone","tween":true,"target":280,"key":"y","index":430},{"value":336,"tweenMethod":"linearNone","tween":true,"target":280,"key":"y","index":460},{"value":336,"tweenMethod":"linearNone","tween":true,"target":280,"key":"y","index":490},{"value":328,"tweenMethod":"linearNone","tween":true,"target":280,"key":"y","index":520},{"value":336,"tweenMethod":"linearNone","tween":true,"target":280,"key":"y","index":530},{"value":336,"tweenMethod":"linearNone","tween":true,"target":280,"label":null,"key":"y","index":565},{"value":343,"tweenMethod":"linearNone","tween":true,"target":280,"key":"y","index":575},{"value":343,"tweenMethod":"linearNone","tween":true,"target":280,"label":null,"key":"y","index":675},{"value":326,"tweenMethod":"linearNone","tween":true,"target":280,"label":null,"key":"y","index":685},{"value":326,"tweenMethod":"linearNone","tween":true,"target":280,"label":null,"key":"y","index":705}],"x":[{"value":303,"tweenMethod":"linearNone","tween":true,"target":280,"key":"x","index":0},{"value":303,"tweenMethod":"linearNone","tween":true,"target":280,"key":"x","index":220},{"value":303,"tweenMethod":"linearNone","tween":true,"target":280,"label":null,"key":"x","index":250},{"value":303,"tweenMethod":"linearNone","tween":true,"target":280,"key":"x","index":520},{"value":303,"tweenMethod":"linearNone","tween":true,"target":280,"label":null,"key":"x","index":685},{"value":303,"tweenMethod":"linearNone","tween":true,"target":280,"label":null,"key":"x","index":705}]}},{"target":252,"keyframes":{"y":[{"value":436,"tweenMethod":"linearNone","tween":true,"target":252,"key":"y","index":0},{"value":436,"tweenMethod":"linearNone","tween":true,"target":252,"key":"y","index":520},{"value":436,"tweenMethod":"linearNone","tween":true,"target":252,"key":"y","index":565},{"value":436,"tweenMethod":"linearNone","tween":true,"target":252,"label":null,"key":"y","index":685},{"value":436,"tweenMethod":"linearNone","tween":true,"target":252,"label":null,"key":"y","index":705}],"scaleY":[{"value":1,"tweenMethod":"linearNone","tween":true,"target":252,"key":"scaleY","index":0},{"value":1.04,"tweenMethod":"linearNone","tween":true,"target":252,"key":"scaleY","index":10},{"value":1.04,"tweenMethod":"linearNone","tween":true,"target":252,"key":"scaleY","index":130},{"value":0.95,"tweenMethod":"linearNone","tween":true,"target":252,"key":"scaleY","index":160},{"value":0.95,"tweenMethod":"linearNone","tween":true,"target":252,"key":"scaleY","index":190},{"value":0.9,"tweenMethod":"linearNone","tween":true,"target":252,"key":"scaleY","index":220},{"value":0.9,"tweenMethod":"linearNone","tween":true,"target":252,"key":"scaleY","index":250},{"value":0.95,"tweenMethod":"linearNone","tween":true,"target":252,"key":"scaleY","index":280},{"value":0.95,"tweenMethod":"linearNone","tween":true,"target":252,"key":"scaleY","index":310},{"value":0.9,"tweenMethod":"linearNone","tween":true,"target":252,"key":"scaleY","index":340},{"value":0.9,"tweenMethod":"linearNone","tween":true,"target":252,"key":"scaleY","index":370},{"value":0.95,"tweenMethod":"linearNone","tween":true,"target":252,"key":"scaleY","index":400},{"value":0.95,"tweenMethod":"linearNone","tween":true,"target":252,"key":"scaleY","index":430},{"value":0.9,"tweenMethod":"linearNone","tween":true,"target":252,"key":"scaleY","index":460},{"value":0.9,"tweenMethod":"linearNone","tween":true,"target":252,"key":"scaleY","index":490},{"value":0.95,"tweenMethod":"linearNone","tween":true,"target":252,"key":"scaleY","index":520},{"value":0.9,"tweenMethod":"linearNone","tween":true,"target":252,"key":"scaleY","index":530},{"value":0.9,"tweenMethod":"linearNone","tween":true,"target":252,"key":"scaleY","index":565},{"value":0.85,"tweenMethod":"linearNone","tween":true,"target":252,"key":"scaleY","index":575},{"value":0.85,"tweenMethod":"linearNone","tween":true,"target":252,"label":null,"key":"scaleY","index":675},{"value":1,"tweenMethod":"linearNone","tween":true,"target":252,"label":null,"key":"scaleY","index":685},{"value":1,"tweenMethod":"linearNone","tween":true,"target":252,"label":null,"key":"scaleY","index":705}],"rotation":[{"value":0,"tweenMethod":"linearNone","tween":true,"target":252,"key":"rotation","index":0},{"value":0,"tweenMethod":"linearNone","tween":true,"target":252,"label":null,"key":"rotation","index":685},{"value":0,"tweenMethod":"linearNone","tween":true,"target":252,"label":null,"key":"rotation","index":705}],"pivotY":[{"value":219,"tweenMethod":"linearNone","tween":true,"target":252,"key":"pivotY","index":0},{"value":219,"tweenMethod":"linearNone","tween":true,"target":252,"key":"pivotY","index":520},{"value":219,"tweenMethod":"linearNone","tween":true,"target":252,"label":null,"key":"pivotY","index":685},{"value":219,"tweenMethod":"linearNone","tween":true,"target":252,"label":null,"key":"pivotY","index":705}]}},{"target":248,"keyframes":{"y":[{"value":439,"tweenMethod":"linearNone","tween":true,"target":248,"key":"y","index":0},{"value":439,"tweenMethod":"linearNone","tween":true,"target":248,"key":"y","index":520},{"value":439,"tweenMethod":"linearNone","tween":true,"target":248,"key":"y","index":565},{"value":440,"tweenMethod":"linearNone","tween":true,"target":248,"key":"y","index":575},{"value":440,"tweenMethod":"linearNone","tween":true,"target":248,"label":null,"key":"y","index":675},{"value":439,"tweenMethod":"linearNone","tween":true,"target":248,"label":null,"key":"y","index":685},{"value":439,"tweenMethod":"linearNone","tween":true,"target":248,"label":null,"key":"y","index":705}],"scaleY":[{"value":1,"tweenMethod":"linearNone","tween":true,"target":248,"key":"scaleY","index":0},{"value":1.04,"tweenMethod":"linearNone","tween":true,"target":248,"key":"scaleY","index":10},{"value":1.04,"tweenMethod":"linearNone","tween":true,"target":248,"key":"scaleY","index":130},{"value":0.95,"tweenMethod":"linearNone","tween":true,"target":248,"key":"scaleY","index":160},{"value":0.95,"tweenMethod":"linearNone","tween":true,"target":248,"key":"scaleY","index":190},{"value":0.9,"tweenMethod":"linearNone","tween":true,"target":248,"key":"scaleY","index":220},{"value":0.9,"tweenMethod":"linearNone","tween":true,"target":248,"key":"scaleY","index":250},{"value":0.95,"tweenMethod":"linearNone","tween":true,"target":248,"key":"scaleY","index":280},{"value":0.95,"tweenMethod":"linearNone","tween":true,"target":248,"key":"scaleY","index":310},{"value":0.9,"tweenMethod":"linearNone","tween":true,"target":248,"key":"scaleY","index":340},{"value":0.9,"tweenMethod":"linearNone","tween":true,"target":248,"key":"scaleY","index":370},{"value":0.95,"tweenMethod":"linearNone","tween":true,"target":248,"key":"scaleY","index":400},{"value":0.95,"tweenMethod":"linearNone","tween":true,"target":248,"key":"scaleY","index":430},{"value":0.9,"tweenMethod":"linearNone","tween":true,"target":248,"key":"scaleY","index":460},{"value":0.9,"tweenMethod":"linearNone","tween":true,"target":248,"key":"scaleY","index":490},{"value":0.95,"tweenMethod":"linearNone","tween":true,"target":248,"key":"scaleY","index":520},{"value":0.9,"tweenMethod":"linearNone","tween":true,"target":248,"key":"scaleY","index":530},{"value":0.9,"tweenMethod":"linearNone","tween":true,"target":248,"key":"scaleY","index":565},{"value":0.85,"tweenMethod":"linearNone","tween":true,"target":248,"key":"scaleY","index":575},{"value":0.85,"tweenMethod":"linearNone","tween":true,"target":248,"label":null,"key":"scaleY","index":675},{"value":1,"tweenMethod":"linearNone","tween":true,"target":248,"label":null,"key":"scaleY","index":685},{"value":1,"tweenMethod":"linearNone","tween":true,"target":248,"label":null,"key":"scaleY","index":705}],"rotation":[{"value":0,"tweenMethod":"linearNone","tween":true,"target":248,"key":"rotation","index":0},{"value":0,"tweenMethod":"linearNone","tween":true,"target":248,"label":null,"key":"rotation","index":685},{"value":0,"tweenMethod":"linearNone","tween":true,"target":248,"label":null,"key":"rotation","index":705}],"pivotY":[{"value":219,"tweenMethod":"linearNone","tween":true,"target":248,"key":"pivotY","index":0},{"value":219,"tweenMethod":"linearNone","tween":true,"target":248,"key":"pivotY","index":520},{"value":219,"tweenMethod":"linearNone","tween":true,"target":248,"label":null,"key":"pivotY","index":685},{"value":219,"tweenMethod":"linearNone","tween":true,"target":248,"label":null,"key":"pivotY","index":705}]}},{"target":256,"keyframes":{"y":[{"value":432,"tweenMethod":"linearNone","tween":true,"target":256,"key":"y","index":0},{"value":432,"tweenMethod":"linearNone","tween":true,"target":256,"key":"y","index":520},{"value":432,"tweenMethod":"linearNone","tween":true,"target":256,"key":"y","index":565},{"value":432,"tweenMethod":"linearNone","tween":true,"target":256,"label":null,"key":"y","index":685},{"value":432,"tweenMethod":"linearNone","tween":true,"target":256,"label":null,"key":"y","index":705}],"scaleY":[{"value":1,"tweenMethod":"linearNone","tween":true,"target":256,"key":"scaleY","index":0},{"value":1.04,"tweenMethod":"linearNone","tween":true,"target":256,"key":"scaleY","index":10},{"value":1.04,"tweenMethod":"linearNone","tween":true,"target":256,"key":"scaleY","index":130},{"value":0.95,"tweenMethod":"linearNone","tween":true,"target":256,"key":"scaleY","index":160},{"value":0.9,"tweenMethod":"linearNone","tween":true,"target":256,"key":"scaleY","index":220},{"value":0.9,"tweenMethod":"linearNone","tween":true,"target":256,"key":"scaleY","index":250},{"value":0.95,"tweenMethod":"linearNone","tween":true,"target":256,"key":"scaleY","index":280},{"value":0.95,"tweenMethod":"linearNone","tween":true,"target":256,"key":"scaleY","index":310},{"value":0.9,"tweenMethod":"linearNone","tween":true,"target":256,"key":"scaleY","index":340},{"value":0.9,"tweenMethod":"linearNone","tween":true,"target":256,"key":"scaleY","index":370},{"value":0.95,"tweenMethod":"linearNone","tween":true,"target":256,"key":"scaleY","index":400},{"value":0.95,"tweenMethod":"linearNone","tween":true,"target":256,"key":"scaleY","index":430},{"value":0.9,"tweenMethod":"linearNone","tween":true,"target":256,"key":"scaleY","index":460},{"value":0.9,"tweenMethod":"linearNone","tween":true,"target":256,"key":"scaleY","index":490},{"value":0.95,"tweenMethod":"linearNone","tween":true,"target":256,"key":"scaleY","index":520},{"value":0.9,"tweenMethod":"linearNone","tween":true,"target":256,"key":"scaleY","index":530},{"value":0.9,"tweenMethod":"linearNone","tween":true,"target":256,"key":"scaleY","index":565},{"value":0.85,"tweenMethod":"linearNone","tween":true,"target":256,"key":"scaleY","index":575},{"value":0.85,"tweenMethod":"linearNone","tween":true,"target":256,"label":null,"key":"scaleY","index":675},{"value":1,"tweenMethod":"linearNone","tween":true,"target":256,"label":null,"key":"scaleY","index":685},{"value":1,"tweenMethod":"linearNone","tween":true,"target":256,"label":null,"key":"scaleY","index":705}],"rotation":[{"value":0,"tweenMethod":"linearNone","tween":true,"target":256,"key":"rotation","index":0},{"value":0,"tweenMethod":"linearNone","tween":true,"target":256,"label":null,"key":"rotation","index":685},{"value":0,"tweenMethod":"linearNone","tween":true,"target":256,"label":null,"key":"rotation","index":705}],"pivotY":[{"value":219,"tweenMethod":"linearNone","tween":true,"target":256,"key":"pivotY","index":0},{"value":219,"tweenMethod":"linearNone","tween":true,"target":256,"key":"pivotY","index":520},{"value":219,"tweenMethod":"linearNone","tween":true,"target":256,"label":null,"key":"pivotY","index":685},{"value":219,"tweenMethod":"linearNone","tween":true,"target":256,"label":null,"key":"pivotY","index":705}]}},{"target":255,"keyframes":{"y":[{"value":434,"tweenMethod":"linearNone","tween":true,"target":255,"key":"y","index":0},{"value":433,"tweenMethod":"linearNone","tween":true,"target":255,"key":"y","index":520},{"value":433,"tweenMethod":"linearNone","tween":true,"target":255,"key":"y","index":565},{"value":434,"tweenMethod":"linearNone","tween":true,"target":255,"label":null,"key":"y","index":685},{"value":434,"tweenMethod":"linearNone","tween":true,"target":255,"label":null,"key":"y","index":705}],"scaleY":[{"value":1,"tweenMethod":"linearNone","tween":true,"target":255,"key":"scaleY","index":0},{"value":1.04,"tweenMethod":"linearNone","tween":true,"target":255,"key":"scaleY","index":10},{"value":1.04,"tweenMethod":"linearNone","tween":true,"target":255,"key":"scaleY","index":130},{"value":0.95,"tweenMethod":"linearNone","tween":true,"target":255,"key":"scaleY","index":160},{"value":0.95,"tweenMethod":"linearNone","tween":true,"target":255,"key":"scaleY","index":190},{"value":0.9,"tweenMethod":"linearNone","tween":true,"target":255,"key":"scaleY","index":220},{"value":0.9,"tweenMethod":"linearNone","tween":true,"target":255,"key":"scaleY","index":250},{"value":0.95,"tweenMethod":"linearNone","tween":true,"target":255,"key":"scaleY","index":280},{"value":0.95,"tweenMethod":"linearNone","tween":true,"target":255,"key":"scaleY","index":310},{"value":0.9,"tweenMethod":"linearNone","tween":true,"target":255,"key":"scaleY","index":340},{"value":0.9,"tweenMethod":"linearNone","tween":true,"target":255,"key":"scaleY","index":370},{"value":0.95,"tweenMethod":"linearNone","tween":true,"target":255,"key":"scaleY","index":400},{"value":0.95,"tweenMethod":"linearNone","tween":true,"target":255,"key":"scaleY","index":430},{"value":0.9,"tweenMethod":"linearNone","tween":true,"target":255,"key":"scaleY","index":460},{"value":0.9,"tweenMethod":"linearNone","tween":true,"target":255,"key":"scaleY","index":490},{"value":0.95,"tweenMethod":"linearNone","tween":true,"target":255,"key":"scaleY","index":520},{"value":0.9,"tweenMethod":"linearNone","tween":true,"target":255,"key":"scaleY","index":530},{"value":0.9,"tweenMethod":"linearNone","tween":true,"target":255,"key":"scaleY","index":565},{"value":0.85,"tweenMethod":"linearNone","tween":true,"target":255,"key":"scaleY","index":575},{"value":0.85,"tweenMethod":"linearNone","tween":true,"target":255,"label":null,"key":"scaleY","index":675},{"value":1,"tweenMethod":"linearNone","tween":true,"target":255,"label":null,"key":"scaleY","index":685},{"value":1,"tweenMethod":"linearNone","tween":true,"target":255,"label":null,"key":"scaleY","index":705}],"rotation":[{"value":0,"tweenMethod":"linearNone","tween":true,"target":255,"key":"rotation","index":0},{"value":0,"tweenMethod":"linearNone","tween":true,"target":255,"label":null,"key":"rotation","index":685},{"value":0,"tweenMethod":"linearNone","tween":true,"target":255,"label":null,"key":"rotation","index":705}],"pivotY":[{"value":219,"tweenMethod":"linearNone","tween":true,"target":255,"key":"pivotY","index":0},{"value":219,"tweenMethod":"linearNone","tween":true,"target":255,"key":"pivotY","index":520},{"value":219,"tweenMethod":"linearNone","tween":true,"target":255,"label":null,"key":"pivotY","index":685},{"value":219,"tweenMethod":"linearNone","tween":true,"target":255,"label":null,"key":"pivotY","index":705}]}}],"name":"action1","id":1,"frameRate":60,"action":0},{"nodes":[{"target":176,"keyframes":{"y":[{"value":420,"tweenMethod":"linearNone","tween":true,"target":176,"key":"y","index":0},{"value":420,"tweenMethod":"linearNone","tween":true,"target":176,"label":null,"key":"y","index":130},{"value":420,"tweenMethod":"linearNone","tween":true,"target":176,"label":null,"key":"y","index":160},{"value":420,"tweenMethod":"linearNone","tween":true,"target":176,"key":"y","index":240},{"value":309,"tweenMethod":"linearNone","tween":true,"target":176,"key":"y","index":255},{"value":309,"tweenMethod":"linearNone","tween":true,"target":176,"label":null,"key":"y","index":340},{"value":420,"tweenMethod":"linearNone","tween":true,"target":176,"label":null,"key":"y","index":370}],"x":[{"value":287,"tweenMethod":"linearNone","tween":true,"target":176,"key":"x","index":0},{"value":287,"tweenMethod":"linearNone","tween":true,"target":176,"label":null,"key":"x","index":130},{"value":287,"tweenMethod":"linearNone","tween":true,"target":176,"label":null,"key":"x","index":160},{"value":287,"tweenMethod":"linearNone","tween":true,"target":176,"key":"x","index":240},{"value":296,"tweenMethod":"linearNone","tween":true,"target":176,"key":"x","index":255},{"value":296,"tweenMethod":"linearNone","tween":true,"target":176,"label":null,"key":"x","index":340},{"value":287,"tweenMethod":"linearNone","tween":true,"target":176,"label":null,"key":"x","index":370}],"rotation":[{"value":0,"tweenMethod":"linearNone","tween":true,"target":176,"key":"rotation","index":0},{"value":-20,"tweenMethod":"linearNone","tween":true,"target":176,"key":"rotation","index":30},{"value":-20,"tweenMethod":"linearNone","tween":true,"target":176,"label":null,"key":"rotation","index":60},{"value":0,"tweenMethod":"linearNone","tween":true,"target":176,"key":"rotation","index":90},{"value":0,"tweenMethod":"linearNone","tween":true,"target":176,"label":null,"key":"rotation","index":110},{"value":20,"tweenMethod":"linearNone","tween":true,"target":176,"label":null,"key":"rotation","index":130},{"value":20,"tweenMethod":"linearNone","tween":true,"target":176,"label":null,"key":"rotation","index":160},{"value":0,"tweenMethod":"linearNone","tween":true,"target":176,"key":"rotation","index":180},{"value":0,"tweenMethod":"linearNone","tween":true,"target":176,"label":null,"key":"rotation","index":195},{"value":6,"tweenMethod":"linearNone","tween":true,"target":176,"key":"rotation","index":210},{"value":-10,"tweenMethod":"linearNone","tween":true,"target":176,"key":"rotation","index":225},{"value":0,"tweenMethod":"linearNone","tween":true,"target":176,"key":"rotation","index":240},{"value":0,"tweenMethod":"linearNone","tween":true,"target":176,"key":"rotation","index":255},{"value":8,"tweenMethod":"linearNone","tween":true,"target":176,"key":"rotation","index":270},{"value":0,"tweenMethod":"linearNone","tween":true,"target":176,"key":"rotation","index":285},{"value":8,"tweenMethod":"linearNone","tween":true,"target":176,"key":"rotation","index":300},{"value":0,"tweenMethod":"linearNone","tween":true,"target":176,"key":"rotation","index":310},{"value":8,"tweenMethod":"linearNone","tween":true,"target":176,"key":"rotation","index":325},{"value":0,"tweenMethod":"linearNone","tween":true,"target":176,"label":null,"key":"rotation","index":340},{"value":0,"tweenMethod":"linearNone","tween":true,"target":176,"label":null,"key":"rotation","index":370}],"pivotY":[{"value":401,"tweenMethod":"linearNone","tween":true,"target":176,"key":"pivotY","index":0},{"value":401,"tweenMethod":"linearNone","tween":true,"target":176,"label":null,"key":"pivotY","index":130},{"value":401,"tweenMethod":"linearNone","tween":true,"target":176,"label":null,"key":"pivotY","index":160}],"pivotX":[{"value":253,"tweenMethod":"linearNone","tween":true,"target":176,"key":"pivotX","index":0},{"value":253,"tweenMethod":"linearNone","tween":true,"target":176,"label":null,"key":"pivotX","index":130},{"value":253,"tweenMethod":"linearNone","tween":true,"target":176,"label":null,"key":"pivotX","index":160}]}},{"target":177,"keyframes":{"zOrder":[{"value":99,"tweenMethod":"linearNone","tween":true,"target":177,"key":"zOrder","index":0}],"y":[{"value":394,"tweenMethod":"linearNone","tween":true,"target":177,"key":"y","index":0},{"value":394,"tweenMethod":"linearNone","tween":true,"target":177,"key":"y","index":240},{"value":334,"tweenMethod":"linearNone","tween":true,"target":177,"key":"y","index":255},{"value":334,"tweenMethod":"linearNone","tween":true,"target":177,"label":null,"key":"y","index":340},{"value":394,"tweenMethod":"linearNone","tween":true,"target":177,"label":null,"key":"y","index":370}],"x":[{"value":274,"tweenMethod":"linearNone","tween":true,"target":177,"key":"x","index":0},{"value":274,"tweenMethod":"linearNone","tween":true,"target":177,"key":"x","index":240},{"value":305,"tweenMethod":"linearNone","tween":true,"target":177,"key":"x","index":255},{"value":305,"tweenMethod":"linearNone","tween":true,"target":177,"label":null,"key":"x","index":340},{"value":274,"tweenMethod":"linearNone","tween":true,"target":177,"label":null,"key":"x","index":370}],"rotation":[{"value":0,"tweenMethod":"linearNone","tween":true,"target":177,"key":"rotation","index":0},{"value":0,"tweenMethod":"linearNone","tween":true,"target":177,"key":"rotation","index":240},{"value":17,"tweenMethod":"linearNone","tween":true,"target":177,"key":"rotation","index":255},{"value":17,"tweenMethod":"linearNone","tween":true,"target":177,"label":null,"key":"rotation","index":340},{"value":0,"tweenMethod":"linearNone","tween":true,"target":177,"label":null,"key":"rotation","index":370}]}},{"target":174,"keyframes":{"rotation":[{"value":0,"tweenMethod":"linearNone","tween":true,"target":174,"key":"rotation","index":0},{"value":0,"tweenMethod":"linearNone","tween":true,"target":174,"key":"rotation","index":240},{"value":-134,"tweenMethod":"linearNone","tween":true,"target":174,"key":"rotation","index":255},{"value":-134,"tweenMethod":"linearNone","tween":true,"target":174,"label":null,"key":"rotation","index":340},{"value":0,"tweenMethod":"linearNone","tween":true,"target":174,"label":null,"key":"rotation","index":370}]}},{"target":172,"keyframes":{"zOrder":[{"value":95,"tweenMethod":"linearNone","tween":true,"target":172,"key":"zOrder","index":0}],"y":[{"value":331,"tweenMethod":"linearNone","tween":true,"target":172,"key":"y","index":0},{"value":340,"tweenMethod":"linearNone","tween":true,"target":172,"key":"y","index":255}],"x":[{"value":217,"tweenMethod":"linearNone","tween":true,"target":172,"key":"x","index":0},{"value":218.5,"tweenMethod":"linearNone","tween":true,"target":172,"key":"x","index":255}],"rotation":[{"value":0,"tweenMethod":"linearNone","tween":true,"target":172,"key":"rotation","index":0},{"value":0,"tweenMethod":"linearNone","tween":true,"target":172,"key":"rotation","index":240},{"value":-61,"tweenMethod":"linearNone","tween":true,"target":172,"key":"rotation","index":255},{"value":-61,"tweenMethod":"linearNone","tween":true,"target":172,"label":null,"key":"rotation","index":340},{"value":0,"tweenMethod":"linearNone","tween":true,"target":172,"label":null,"key":"rotation","index":370}]}},{"target":168,"keyframes":{"zOrder":[{"value":100,"tweenMethod":"linearNone","tween":true,"target":168,"key":"zOrder","index":0},{"value":100,"tweenMethod":"linearNone","tween":true,"target":168,"label":null,"key":"zOrder","index":90},{"value":99,"tweenMethod":"linearNone","tween":true,"target":168,"label":null,"key":"zOrder","index":240},{"value":101,"tweenMethod":"linearNone","tween":true,"target":168,"key":"zOrder","index":255},{"value":101,"tweenMethod":"linearNone","tween":true,"target":168,"label":null,"key":"zOrder","index":340},{"value":99,"tweenMethod":"linearNone","tween":true,"target":168,"label":null,"key":"zOrder","index":370}],"y":[{"value":443,"tweenMethod":"linearNone","tween":true,"target":168,"key":"y","index":0},{"value":443,"tweenMethod":"linearNone","tween":true,"target":168,"label":null,"key":"y","index":90},{"value":443,"tweenMethod":"linearNone","tween":true,"target":168,"label":null,"key":"y","index":240},{"value":387,"tweenMethod":"linearNone","tween":true,"target":168,"key":"y","index":255},{"value":387,"tweenMethod":"linearNone","tween":true,"target":168,"label":null,"key":"y","index":340},{"value":443,"tweenMethod":"linearNone","tween":true,"target":168,"label":null,"key":"y","index":370}],"x":[{"value":318,"tweenMethod":"linearNone","tween":true,"target":168,"key":"x","index":0},{"value":318,"tweenMethod":"linearNone","tween":true,"target":168,"label":null,"key":"x","index":90},{"value":318,"tweenMethod":"linearNone","tween":true,"target":168,"label":null,"key":"x","index":240},{"value":357.5,"tweenMethod":"linearNone","tween":true,"target":168,"key":"x","index":255},{"value":357.5,"tweenMethod":"linearNone","tween":true,"target":168,"label":null,"key":"x","index":340},{"value":318,"tweenMethod":"linearNone","tween":true,"target":168,"label":null,"key":"x","index":370}],"rotation":[{"value":0,"tweenMethod":"linearNone","tween":true,"target":168,"key":"rotation","index":0},{"value":-115,"tweenMethod":"linearNone","tween":true,"target":168,"key":"rotation","index":30},{"value":-115,"tweenMethod":"linearNone","tween":true,"target":168,"label":null,"key":"rotation","index":60},{"value":0,"tweenMethod":"linearNone","tween":true,"target":168,"label":null,"key":"rotation","index":90},{"value":0,"tweenMethod":"linearNone","tween":true,"target":168,"key":"rotation","index":110},{"value":40,"tweenMethod":"linearNone","tween":true,"target":168,"key":"rotation","index":130},{"value":40,"tweenMethod":"linearNone","tween":true,"target":168,"label":null,"key":"rotation","index":160},{"value":0,"tweenMethod":"linearNone","tween":true,"target":168,"key":"rotation","index":180},{"value":0,"tweenMethod":"linearNone","tween":true,"target":168,"label":null,"key":"rotation","index":195},{"value":0,"tweenMethod":"linearNone","tween":true,"target":168,"key":"rotation","index":210},{"value":0,"tweenMethod":"linearNone","tween":true,"target":168,"label":null,"key":"rotation","index":240},{"value":-135,"tweenMethod":"linearNone","tween":true,"target":168,"key":"rotation","index":255},{"value":-135,"tweenMethod":"linearNone","tween":true,"target":168,"label":null,"key":"rotation","index":340},{"value":0,"tweenMethod":"linearNone","tween":true,"target":168,"label":null,"key":"rotation","index":370}]}},{"target":170,"keyframes":{"rotation":[{"value":0,"tweenMethod":"linearNone","tween":true,"target":170,"key":"rotation","index":0},{"value":-111,"tweenMethod":"linearNone","tween":true,"target":170,"key":"rotation","index":30},{"value":-111,"tweenMethod":"linearNone","tween":true,"target":170,"label":null,"key":"rotation","index":60},{"value":0,"tweenMethod":"linearNone","tween":true,"target":170,"label":null,"key":"rotation","index":90},{"value":0,"tweenMethod":"linearNone","tween":true,"target":170,"key":"rotation","index":110},{"value":50,"tweenMethod":"linearNone","tween":true,"target":170,"key":"rotation","index":130},{"value":50,"tweenMethod":"linearNone","tween":true,"target":170,"label":null,"key":"rotation","index":160},{"value":0,"tweenMethod":"linearNone","tween":true,"target":170,"key":"rotation","index":180},{"value":0,"tweenMethod":"linearNone","tween":true,"target":170,"label":null,"key":"rotation","index":195},{"value":0,"tweenMethod":"linearNone","tween":true,"target":170,"key":"rotation","index":210},{"value":0,"tweenMethod":"linearNone","tween":true,"target":170,"key":"rotation","index":240},{"value":47,"tweenMethod":"linearNone","tween":true,"target":170,"key":"rotation","index":255},{"value":83,"tweenMethod":"linearNone","tween":true,"target":170,"key":"rotation","index":270},{"value":37,"tweenMethod":"linearNone","tween":true,"target":170,"key":"rotation","index":285},{"value":76,"tweenMethod":"linearNone","tween":true,"target":170,"key":"rotation","index":300},{"value":32,"tweenMethod":"linearNone","tween":true,"target":170,"key":"rotation","index":310},{"value":83,"tweenMethod":"linearNone","tween":true,"target":170,"label":null,"key":"rotation","index":325},{"value":47,"tweenMethod":"linearNone","tween":true,"target":170,"label":null,"key":"rotation","index":340},{"value":0,"tweenMethod":"linearNone","tween":true,"target":170,"label":null,"key":"rotation","index":370}]}},{"target":164,"keyframes":{"zOrder":[{"value":98,"tweenMethod":"linearNone","tween":true,"target":164,"key":"zOrder","index":0}],"rotation":[{"value":0,"tweenMethod":"linearNone","tween":true,"target":164,"key":"rotation","index":0}]}},{"target":152,"keyframes":{"y":[{"value":152,"tweenMethod":"linearNone","tween":true,"target":152,"key":"y","index":0},{"value":163.5,"tweenMethod":"linearNone","tween":true,"target":152,"key":"y","index":30},{"value":163.5,"tweenMethod":"linearNone","tween":true,"target":152,"label":null,"key":"y","index":60},{"value":175,"tweenMethod":"linearNone","tween":true,"target":152,"key":"y","index":95},{"value":175,"tweenMethod":"linearNone","tween":true,"target":152,"label":null,"key":"y","index":105},{"value":168,"tweenMethod":"linearNone","tween":true,"target":152,"key":"y","index":130},{"value":168,"tweenMethod":"linearNone","tween":true,"target":152,"key":"y","index":160},{"value":152,"tweenMethod":"linearNone","tween":true,"target":152,"label":null,"key":"y","index":180},{"value":152,"tweenMethod":"linearNone","tween":true,"target":152,"label":null,"key":"y","index":195},{"value":163.5,"tweenMethod":"linearNone","tween":true,"target":152,"key":"y","index":225}],"x":[{"value":380,"tweenMethod":"linearNone","tween":true,"target":152,"key":"x","index":0},{"value":374.5,"tweenMethod":"linearNone","tween":true,"target":152,"key":"x","index":30},{"value":374.5,"tweenMethod":"linearNone","tween":true,"target":152,"label":null,"key":"x","index":60},{"value":360,"tweenMethod":"linearNone","tween":true,"target":152,"key":"x","index":95},{"value":360,"tweenMethod":"linearNone","tween":true,"target":152,"label":null,"key":"x","index":105},{"value":367,"tweenMethod":"linearNone","tween":true,"target":152,"key":"x","index":130},{"value":367,"tweenMethod":"linearNone","tween":true,"target":152,"key":"x","index":160},{"value":380,"tweenMethod":"linearNone","tween":true,"target":152,"label":null,"key":"x","index":180},{"value":380,"tweenMethod":"linearNone","tween":true,"target":152,"label":null,"key":"x","index":195},{"value":374.5,"tweenMethod":"linearNone","tween":true,"target":152,"key":"x","index":225}],"rotation":[{"value":0,"tweenMethod":"linearNone","tween":true,"target":152,"key":"rotation","index":0},{"value":26,"tweenMethod":"linearNone","tween":true,"target":152,"key":"rotation","index":30},{"value":26,"tweenMethod":"linearNone","tween":true,"target":152,"label":null,"key":"rotation","index":60},{"value":0,"tweenMethod":"linearNone","tween":true,"target":152,"key":"rotation","index":90},{"value":-24,"tweenMethod":"linearNone","tween":true,"target":152,"key":"rotation","index":95},{"value":8,"tweenMethod":"linearNone","tween":true,"target":152,"label":null,"key":"rotation","index":100},{"value":-24,"tweenMethod":"linearNone","tween":true,"target":152,"label":null,"key":"rotation","index":105},{"value":0,"tweenMethod":"linearNone","tween":true,"target":152,"label":null,"key":"rotation","index":110},{"value":27,"tweenMethod":"linearNone","tween":true,"target":152,"key":"rotation","index":130},{"value":27,"tweenMethod":"linearNone","tween":true,"target":152,"label":null,"key":"rotation","index":160},{"value":1,"tweenMethod":"linearNone","tween":true,"target":152,"key":"rotation","index":180},{"value":1,"tweenMethod":"linearNone","tween":true,"target":152,"label":null,"key":"rotation","index":195},{"value":11,"tweenMethod":"linearNone","tween":true,"target":152,"key":"rotation","index":210},{"value":-14,"tweenMethod":"linearNone","tween":true,"target":152,"key":"rotation","index":225},{"value":0,"tweenMethod":"linearNone","tween":true,"target":152,"key":"rotation","index":240}]}},{"target":154,"keyframes":{"y":[{"value":144,"tweenMethod":"linearNone","tween":true,"target":154,"key":"y","index":0},{"value":162.5,"tweenMethod":"linearNone","tween":true,"target":154,"key":"y","index":30},{"value":162.5,"tweenMethod":"linearNone","tween":true,"target":154,"label":null,"key":"y","index":60},{"value":160.5,"tweenMethod":"linearNone","tween":true,"target":154,"key":"y","index":95},{"value":160.5,"tweenMethod":"linearNone","tween":true,"target":154,"label":null,"key":"y","index":105},{"value":160,"tweenMethod":"linearNone","tween":true,"target":154,"key":"y","index":130},{"value":160,"tweenMethod":"linearNone","tween":true,"target":154,"key":"y","index":160},{"value":144,"tweenMethod":"linearNone","tween":true,"target":154,"label":null,"key":"y","index":180},{"value":144,"tweenMethod":"linearNone","tween":true,"target":154,"label":null,"key":"y","index":195},{"value":152,"tweenMethod":"linearNone","tween":true,"target":154,"key":"y","index":210},{"value":162.5,"tweenMethod":"linearNone","tween":true,"target":154,"key":"y","index":225}],"x":[{"value":120,"tweenMethod":"linearNone","tween":true,"target":154,"key":"x","index":0},{"value":130.5,"tweenMethod":"linearNone","tween":true,"target":154,"key":"x","index":30},{"value":130.5,"tweenMethod":"linearNone","tween":true,"target":154,"label":null,"key":"x","index":60},{"value":137.5,"tweenMethod":"linearNone","tween":true,"target":154,"key":"x","index":95},{"value":137.5,"tweenMethod":"linearNone","tween":true,"target":154,"label":null,"key":"x","index":105},{"value":135,"tweenMethod":"linearNone","tween":true,"target":154,"key":"x","index":130},{"value":135,"tweenMethod":"linearNone","tween":true,"target":154,"key":"x","index":160},{"value":120,"tweenMethod":"linearNone","tween":true,"target":154,"label":null,"key":"x","index":180},{"value":120,"tweenMethod":"linearNone","tween":true,"target":154,"label":null,"key":"x","index":195},{"value":122,"tweenMethod":"linearNone","tween":true,"target":154,"key":"x","index":210}],"rotation":[{"value":0,"tweenMethod":"linearNone","tween":true,"target":154,"key":"rotation","index":0},{"value":-31,"tweenMethod":"linearNone","tween":true,"target":154,"key":"rotation","index":30},{"value":-31,"tweenMethod":"linearNone","tween":true,"target":154,"label":null,"key":"rotation","index":60},{"value":0,"tweenMethod":"linearNone","tween":true,"target":154,"key":"rotation","index":90},{"value":22,"tweenMethod":"linearNone","tween":true,"target":154,"key":"rotation","index":95},{"value":-11,"tweenMethod":"linearNone","tween":true,"target":154,"label":null,"key":"rotation","index":100},{"value":22,"tweenMethod":"linearNone","tween":true,"target":154,"label":null,"key":"rotation","index":105},{"value":0,"tweenMethod":"linearNone","tween":true,"target":154,"label":null,"key":"rotation","index":110},{"value":-32,"tweenMethod":"linearNone","tween":true,"target":154,"key":"rotation","index":130},{"value":-32,"tweenMethod":"linearNone","tween":true,"target":154,"label":null,"key":"rotation","index":160},{"value":0,"tweenMethod":"linearNone","tween":true,"target":154,"label":null,"key":"rotation","index":180},{"value":0,"tweenMethod":"linearNone","tween":true,"target":154,"label":null,"key":"rotation","index":195},{"value":11,"tweenMethod":"linearNone","tween":true,"target":154,"key":"rotation","index":210},{"value":-20,"tweenMethod":"linearNone","tween":true,"target":154,"key":"rotation","index":225},{"value":0,"tweenMethod":"linearNone","tween":true,"target":154,"key":"rotation","index":240}]}},{"target":156,"keyframes":{"scaleY":[{"value":1,"tweenMethod":"linearNone","tween":true,"target":156,"key":"scaleY","index":0},{"value":1,"tweenMethod":"linearNone","tween":true,"target":156,"key":"scaleY","index":37},{"value":0,"tweenMethod":"linearNone","tween":true,"target":156,"key":"scaleY","index":40},{"value":1,"tweenMethod":"linearNone","tween":true,"target":156,"key":"scaleY","index":43},{"value":1,"tweenMethod":"linearNone","tween":true,"target":156,"key":"scaleY","index":135},{"value":0,"tweenMethod":"linearNone","tween":true,"target":156,"key":"scaleY","index":137},{"value":1,"tweenMethod":"linearNone","tween":true,"target":156,"key":"scaleY","index":139}]}},{"target":158,"keyframes":{"scaleY":[{"value":1,"tweenMethod":"linearNone","tween":true,"target":158,"key":"scaleY","index":0},{"value":1,"tweenMethod":"linearNone","tween":true,"target":158,"key":"scaleY","index":37},{"value":0,"tweenMethod":"linearNone","tween":true,"target":158,"key":"scaleY","index":40},{"value":1,"tweenMethod":"linearNone","tween":true,"target":158,"key":"scaleY","index":43},{"value":1,"tweenMethod":"linearNone","tween":true,"target":158,"key":"scaleY","index":135},{"value":0,"tweenMethod":"linearNone","tween":true,"target":158,"key":"scaleY","index":137},{"value":1,"tweenMethod":"linearNone","tween":true,"target":158,"key":"scaleY","index":139}]}},{"target":162,"keyframes":{"scaleY":[{"value":1,"tweenMethod":"linearNone","tween":true,"target":162,"key":"scaleY","index":0},{"value":1,"tweenMethod":"linearNone","tween":true,"target":162,"key":"scaleY","index":48},{"value":0.7,"tweenMethod":"linearNone","tween":true,"target":162,"key":"scaleY","index":53},{"value":1,"tweenMethod":"linearNone","tween":true,"target":162,"key":"scaleY","index":58},{"value":1,"tweenMethod":"linearNone","tween":true,"target":162,"key":"scaleY","index":145},{"value":0.7,"tweenMethod":"linearNone","tween":true,"target":162,"key":"scaleY","index":150},{"value":1,"tweenMethod":"linearNone","tween":true,"target":162,"key":"scaleY","index":160}],"scaleX":[{"value":1,"tweenMethod":"linearNone","tween":true,"target":162,"key":"scaleX","index":0},{"value":1,"tweenMethod":"linearNone","tween":true,"target":162,"key":"scaleX","index":48},{"value":0.7,"tweenMethod":"linearNone","tween":true,"target":162,"key":"scaleX","index":53},{"value":1,"tweenMethod":"linearNone","tween":true,"target":162,"key":"scaleX","index":58},{"value":1,"tweenMethod":"linearNone","tween":true,"target":162,"key":"scaleX","index":145},{"value":0.7,"tweenMethod":"linearNone","tween":true,"target":162,"key":"scaleX","index":150},{"value":1,"tweenMethod":"linearNone","tween":true,"target":162,"key":"scaleX","index":160}]}},{"target":166,"keyframes":{"rotation":[{"value":0,"tweenMethod":"linearNone","tween":true,"target":166,"key":"rotation","index":0},{"value":-31,"tweenMethod":"linearNone","tween":true,"target":166,"key":"rotation","index":30},{"value":-2,"tweenMethod":"linearNone","tween":true,"target":166,"key":"rotation","index":43},{"value":-31,"tweenMethod":"linearNone","tween":true,"target":166,"label":null,"key":"rotation","index":60},{"value":0,"tweenMethod":"linearNone","tween":true,"target":166,"key":"rotation","index":90},{"value":0,"tweenMethod":"linearNone","tween":true,"target":166,"key":"rotation","index":110},{"value":20,"tweenMethod":"linearNone","tween":true,"target":166,"key":"rotation","index":130},{"value":20,"tweenMethod":"linearNone","tween":true,"target":166,"key":"rotation","index":160},{"value":0,"tweenMethod":"linearNone","tween":true,"target":166,"key":"rotation","index":180},{"value":0,"tweenMethod":"linearNone","tween":true,"target":166,"label":null,"key":"rotation","index":195},{"value":-25,"tweenMethod":"linearNone","tween":true,"target":166,"key":"rotation","index":210},{"value":0,"tweenMethod":"linearNone","tween":true,"target":166,"key":"rotation","index":240},{"value":0,"tweenMethod":"linearNone","tween":true,"target":166,"key":"rotation","index":255},{"value":-20,"tweenMethod":"linearNone","tween":true,"target":166,"key":"rotation","index":270},{"value":0,"tweenMethod":"linearNone","tween":true,"target":166,"key":"rotation","index":285},{"value":-20,"tweenMethod":"linearNone","tween":true,"target":166,"key":"rotation","index":300},{"value":0,"tweenMethod":"linearNone","tween":true,"target":166,"key":"rotation","index":310},{"value":-20,"tweenMethod":"linearNone","tween":true,"target":166,"key":"rotation","index":325},{"value":0,"tweenMethod":"linearNone","tween":true,"target":166,"key":"rotation","index":340}]}}],"name":"action1_0","id":1,"frameRate":60,"action":0}],"loadList":["Frame/UI/ui_orthogon_white.png","Game/UI/GameScene/Level6/niuyibamask.png","Game/UI/GameScene/Level6/niuyiba.png","Game/UI/GameScene/Level6/niutuimask.png","Game/UI/GameScene/Level6/niutui.png","Game/UI/GameScene/Level6/niunaizimask.png","Game/UI/GameScene/Level6/niunaizi.png","Game/UI/GameScene/Level6/niu shenti mask.png","Game/UI/GameScene/Level6/niu shenti .png","Game/UI/GameScene/Level6/niujiaomask.png","Game/UI/GameScene/Level6/niujiao.png","Game/UI/GameScene/Level6/niuerduiomask.png","Game/UI/GameScene/Level6/niuerduio.png","Game/UI/GameScene/Level6/niulian mask.png","Game/UI/GameScene/Level6/niulian .png","Game/UI/GameScene/Level6/niuyan .png","Game/UI/GameScene/Level6/bikong.png"],"loadList3D":[]}