{"type":"View","props":{"width":720,"height":1280},"compId":2,"child":[{"type":"Image","props":{"width":720,"var":"Background","top":0,"skin":"Frame/UI/ui_orthogon_white.png","sizeGrid":"16,15,18,8","right":0,"name":"Background","left":0,"height":1280,"bottom":0},"compId":11},{"type":"Image","props":{"y":0,"x":0,"width":720,"var":"DrawRoot","scaleY":1,"scaleX":1,"name":"DrawRoot","height":801},"compId":13,"child":[{"type":"Image","props":{"y":749,"x":428,"width":458,"var":"OldWomanDing","pivotY":662,"pivotX":297,"name":"OldWomanDing","height":692},"compId":514,"child":[{"type":"Image","props":{"zOrder":97,"y":583,"x":287,"width":105,"var":"Draw16","skin":"Game/UI/GameScene/Level11/tuimask.png","pivotY":26,"pivotX":41,"name":"Draw16","height":131},"compId":564,"child":[{"type":"Image","props":{"y":0,"x":0,"skin":"Game/UI/GameScene/Level11/tuimask.png","renderType":"mask","name":"Mask"},"compId":566},{"type":"Image","props":{"skin":"Game/UI/GameScene/Level11/tui.png","name":"Pic"},"compId":567}]},{"type":"Image","props":{"zOrder":98,"y":583,"x":184,"width":105,"var":"Draw15","skin":"Game/UI/GameScene/Level11/tuimask.png","pivotY":26,"pivotX":41,"name":"Draw15","height":131},"compId":568,"child":[{"type":"Image","props":{"y":0,"x":0,"skin":"Game/UI/GameScene/Level11/tuimask.png","renderType":"mask","name":"Mask"},"compId":569},{"type":"Image","props":{"skin":"Game/UI/GameScene/Level11/tui.png","name":"Pic"},"compId":571}]},{"type":"Image","props":{"zOrder":99,"y":491,"x":236,"width":318,"pivotY":121,"pivotX":159,"name":"Body","height":242},"compId":579,"child":[{"type":"Image","props":{"y":21,"x":217,"width":112,"var":"Draw12","skin":"Game/UI/GameScene/Level11/shoubimask.png","pivotY":21,"pivotX":15,"name":"Draw12","height":134},"compId":557,"child":[{"type":"Image","props":{"skin":"Game/UI/GameScene/Level11/shoubimask.png","renderType":"mask","name":"Mask"},"compId":558},{"type":"Image","props":{"skin":"Game/UI/GameScene/Level11/shoubi.png","name":"Pic"},"compId":559}]},{"type":"Image","props":{"y":23,"x":83,"width":112,"var":"Draw11","skin":"Game/UI/GameScene/Level11/shoubimask.png","scaleX":-1,"pivotY":21,"pivotX":29,"name":"Draw11","height":134},"compId":576,"child":[{"type":"Image","props":{"skin":"Game/UI/GameScene/Level11/shoubimask.png","renderType":"mask","name":"Mask"},"compId":577},{"type":"Image","props":{"skin":"Game/UI/GameScene/Level11/shoubi.png","name":"Pic"},"compId":578}]},{"type":"Image","props":{"y":-42,"x":20,"width":281,"var":"Draw10","skin":"Game/UI/GameScene/Level11/yifumask.png","name":"Draw10","height":287},"compId":552,"child":[{"type":"Image","props":{"skin":"Game/UI/GameScene/Level11/yifumask.png","renderType":"mask","name":"Mask"},"compId":555},{"type":"Image","props":{"y":24,"x":29,"width":222,"skin":"Game/UI/GameScene/Level11/yifumask.png","name":"MaskBoard","height":245},"compId":554},{"type":"Image","props":{"y":0,"x":0,"skin":"Game/UI/GameScene/Level11/yifu.png","name":"Pic"},"compId":553}]},{"type":"Image","props":{"y":153,"x":159,"width":111,"var":"Draw14","skin":"Game/UI/GameScene/Level11/kouzimask.png","pivotY":56,"pivotX":56,"name":"Draw14","height":111},"compId":572,"child":[{"type":"Image","props":{"skin":"Game/UI/GameScene/Level11/kouzimask.png","renderType":"mask","name":"Mask"},"compId":573},{"type":"Image","props":{"y":32,"x":32,"width":47,"skin":"Game/UI/GameScene/Level11/kouzimask.png","name":"MaskBoard","height":47},"compId":574},{"type":"Image","props":{"y":0,"x":0,"skin":"Game/UI/GameScene/Level11/kouzi.png","name":"Pic"},"compId":575}]},{"type":"Image","props":{"y":67,"x":157,"width":111,"var":"Draw13","skin":"Game/UI/GameScene/Level11/kouzimask.png","pivotY":56,"pivotX":56,"name":"Draw13","height":111},"compId":582,"child":[{"type":"Image","props":{"skin":"Game/UI/GameScene/Level11/kouzimask.png","renderType":"mask","name":"Mask"},"compId":583},{"type":"Image","props":{"y":32,"x":32,"width":47,"skin":"Game/UI/GameScene/Level11/kouzimask.png","name":"MaskBoard","height":47},"compId":584},{"type":"Image","props":{"y":0,"x":0,"skin":"Game/UI/GameScene/Level11/kouzi.png","name":"Pic"},"compId":585}]}]},{"type":"Image","props":{"zOrder":100,"y":375,"x":231,"width":364,"pivotY":351,"pivotX":182,"name":"Head","height":412},"compId":551,"child":[{"type":"Image","props":{"zOrder":92,"y":231,"x":251,"width":97,"var":"Draw9","skin":"Game/UI/GameScene/Level11/erduomask.png","pivotY":74,"name":"Draw9","height":147},"compId":545,"child":[{"type":"Image","props":{"y":0,"x":0,"skin":"Game/UI/GameScene/Level11/erduomask.png","renderType":"mask","name":"Mask"},"compId":547},{"type":"Image","props":{"skin":"Game/UI/GameScene/Level11/erduo.png","name":"Pic"},"compId":546}]},{"type":"Image","props":{"zOrder":92,"y":231,"x":120,"width":97,"var":"Draw8","skin":"Game/UI/GameScene/Level11/erduomask.png","scaleX":-1,"pivotY":74,"name":"Draw8","height":147},"compId":548,"child":[{"type":"Image","props":{"y":0,"x":0,"skin":"Game/UI/GameScene/Level11/erduomask.png","renderType":"mask","name":"Mask","mouseThrough":false},"compId":549},{"type":"Image","props":{"skin":"Game/UI/GameScene/Level11/erduo.png","name":"Pic"},"compId":550}]},{"type":"Image","props":{"zOrder":93,"y":221,"x":186,"width":265,"var":"Draw1","skin":"Game/UI/GameScene/Level11/lianmask.png","pivotY":163,"pivotX":133,"name":"Draw1","height":325},"compId":517,"child":[{"type":"Image","props":{"y":0,"x":0,"skin":"Game/UI/GameScene/Level11/lianmask.png","renderType":"mask","name":"Mask"},"compId":519},{"type":"Image","props":{"y":28,"x":28,"width":208,"skin":"Game/UI/GameScene/Level11/lianmask.png","name":"MaskBoard","height":271},"compId":580},{"type":"Image","props":{"y":-2,"x":0,"skin":"Game/UI/GameScene/Level11/lian.png","name":"Pic"},"compId":518}]},{"type":"Image","props":{"zOrder":95,"y":52,"x":191,"width":174,"var":"Draw7","skin":"Game/UI/GameScene/Level11/fajimask.png","pivotY":89,"pivotX":87,"name":"Draw7","height":148},"compId":520,"child":[{"type":"Image","props":{"skin":"Game/UI/GameScene/Level11/fajimask.png","renderType":"mask","name":"Mask","mouseThrough":false},"compId":521},{"type":"Image","props":{"y":28,"x":25,"width":124,"skin":"Game/UI/GameScene/Level11/fajimask.png","name":"MaskBoard","height":93},"compId":581},{"type":"Image","props":{"skin":"Game/UI/GameScene/Level11/faji.png","name":"Pic"},"compId":522}]},{"type":"Image","props":{"zOrder":94,"y":184,"x":186,"width":122,"var":"Draw3","skin":"Game/UI/GameScene/Level11/zouwenmask.png","pivotY":47,"pivotX":61,"name":"Draw3","height":94},"compId":532,"child":[{"type":"Image","props":{"skin":"Game/UI/GameScene/Level11/zouwenmask.png","renderType":"mask","name":"Mask"},"compId":533},{"type":"Image","props":{"skin":"Game/UI/GameScene/Level11/zouwen.png","name":"Pic"},"compId":534}]},{"type":"Image","props":{"zOrder":96,"y":142,"x":182,"width":247,"var":"Draw2","skin":"Game/UI/GameScene/Level11/toufamask.png","pivotY":87,"pivotX":124,"name":"Draw2","height":173},"compId":529,"child":[{"type":"Image","props":{"y":0,"x":0,"skin":"Game/UI/GameScene/Level11/toufamask.png","renderType":"mask","name":"Mask"},"compId":531},{"type":"Image","props":{"skin":"Game/UI/GameScene/Level11/toufa.png","name":"Pic"},"compId":530}]},{"type":"Image","props":{"zOrder":97,"y":245,"x":186,"width":75,"var":"Draw4","skin":"Game/UI/GameScene/Level11/bizimask.png","pivotY":64,"pivotX":38,"name":"Draw4","height":128},"compId":535,"child":[{"type":"Image","props":{"skin":"Game/UI/GameScene/Level11/bizimask.png","renderType":"mask","name":"Mask"},"compId":537},{"type":"Image","props":{"skin":"Game/UI/GameScene/Level11/bizi.png","name":"Pic"},"compId":538}]},{"type":"Image","props":{"zOrder":99,"y":226,"x":188,"width":179,"var":"Draw5","skin":"Game/UI/GameScene/Level11/yanjingmask.png","pivotY":44,"pivotX":90,"name":"Draw5","height":87},"compId":539,"child":[{"type":"Image","props":{"skin":"Game/UI/GameScene/Level11/yanjingmask.png","renderType":"mask","name":"Mask"},"compId":540},{"type":"Image","props":{"skin":"Game/UI/GameScene/Level11/yanjing.png","name":"Pic"},"compId":541}]},{"type":"Image","props":{"zOrder":100,"y":306,"x":184,"width":125,"var":"Draw6","skin":"Game/UI/GameScene/Level11/zuimask.png","pivotY":48,"pivotX":63,"name":"Draw6","height":96},"compId":542,"child":[{"type":"Image","props":{"skin":"Game/UI/GameScene/Level11/zuimask.png","renderType":"mask","name":"Mask"},"compId":543},{"type":"Image","props":{"skin":"Game/UI/GameScene/Level11/zui.png","name":"Pic"},"compId":544}]}]}]}]}],"animations":[{"nodes":[{"target":579,"keyframes":{"y":[{"value":612,"tweenMethod":"linearNone","tween":true,"target":579,"key":"y","index":0},{"value":612,"tweenMethod":"linearNone","tween":true,"target":579,"label":null,"key":"y","index":485},{"value":612,"tweenMethod":"linearNone","tween":true,"target":579,"label":null,"key":"y","index":505},{"value":612,"tweenMethod":"linearNone","tween":true,"target":579,"label":null,"key":"y","index":530},{"value":666,"tweenMethod":"linearNone","tween":true,"target":579,"key":"y","index":550},{"value":666,"tweenMethod":"linearNone","tween":true,"target":579,"label":null,"key":"y","index":560},{"value":666,"tweenMethod":"linearNone","tween":true,"target":579,"label":null,"key":"y","index":650},{"value":666,"tweenMethod":"linearNone","tween":true,"target":579,"label":null,"key":"y","index":651},{"value":612,"tweenMethod":"linearNone","tween":true,"target":579,"label":null,"key":"y","index":675}],"x":[{"value":236,"tweenMethod":"linearNone","tween":true,"target":579,"key":"x","index":0},{"value":236,"tweenMethod":"linearNone","tween":true,"target":579,"label":null,"key":"x","index":485},{"value":236,"tweenMethod":"linearNone","tween":true,"target":579,"label":null,"key":"x","index":505},{"value":236,"tweenMethod":"linearNone","tween":true,"target":579,"label":null,"key":"x","index":530},{"value":236.5,"tweenMethod":"linearNone","tween":true,"target":579,"key":"x","index":550},{"value":236.5,"tweenMethod":"linearNone","tween":true,"target":579,"label":null,"key":"x","index":560},{"value":236.5,"tweenMethod":"linearNone","tween":true,"target":579,"label":null,"key":"x","index":650},{"value":236.5,"tweenMethod":"linearNone","tween":true,"target":579,"label":null,"key":"x","index":651},{"value":236,"tweenMethod":"linearNone","tween":true,"target":579,"label":null,"key":"x","index":675}],"rotation":[{"value":0,"tweenMethod":"linearNone","tween":true,"target":579,"key":"rotation","index":0},{"value":17,"tweenMethod":"linearNone","tween":true,"target":579,"key":"rotation","index":20},{"value":8,"tweenMethod":"linearNone","tween":true,"target":579,"key":"rotation","index":30},{"value":17,"tweenMethod":"linearNone","tween":true,"target":579,"label":null,"key":"rotation","index":40},{"value":8,"tweenMethod":"linearNone","tween":true,"target":579,"label":null,"key":"rotation","index":50},{"value":17,"tweenMethod":"linearNone","tween":true,"target":579,"label":null,"key":"rotation","index":60},{"value":8,"tweenMethod":"linearNone","tween":true,"target":579,"label":null,"key":"rotation","index":70},{"value":17,"tweenMethod":"linearNone","tween":true,"target":579,"label":null,"key":"rotation","index":80},{"value":8,"tweenMethod":"linearNone","tween":true,"target":579,"label":null,"key":"rotation","index":90},{"value":17,"tweenMethod":"linearNone","tween":true,"target":579,"label":null,"key":"rotation","index":105},{"value":8,"tweenMethod":"linearNone","tween":true,"target":579,"label":null,"key":"rotation","index":120},{"value":17,"tweenMethod":"linearNone","tween":true,"target":579,"label":null,"key":"rotation","index":130},{"value":8,"tweenMethod":"linearNone","tween":true,"target":579,"label":null,"key":"rotation","index":145},{"value":17,"tweenMethod":"linearNone","tween":true,"target":579,"label":null,"key":"rotation","index":160},{"value":8,"tweenMethod":"linearNone","tween":true,"target":579,"label":null,"key":"rotation","index":180},{"value":17,"tweenMethod":"linearNone","tween":true,"target":579,"label":null,"key":"rotation","index":205},{"value":8,"tweenMethod":"linearNone","tween":true,"target":579,"label":null,"key":"rotation","index":220},{"value":8,"tweenMethod":"linearNone","tween":true,"target":579,"label":null,"key":"rotation","index":221},{"value":0,"tweenMethod":"linearNone","tween":true,"target":579,"label":null,"key":"rotation","index":235},{"value":0,"tweenMethod":"linearNone","tween":true,"target":579,"label":null,"key":"rotation","index":250},{"value":-16,"tweenMethod":"linearNone","tween":true,"target":579,"label":null,"key":"rotation","index":270},{"value":-8,"tweenMethod":"linearNone","tween":true,"target":579,"label":null,"key":"rotation","index":280},{"value":-16,"tweenMethod":"linearNone","tween":true,"target":579,"label":null,"key":"rotation","index":290},{"value":-8,"tweenMethod":"linearNone","tween":true,"target":579,"label":null,"key":"rotation","index":300},{"value":-16,"tweenMethod":"linearNone","tween":true,"target":579,"label":null,"key":"rotation","index":310},{"value":-8,"tweenMethod":"linearNone","tween":true,"target":579,"label":null,"key":"rotation","index":320},{"value":-16,"tweenMethod":"linearNone","tween":true,"target":579,"label":null,"key":"rotation","index":330},{"value":-8,"tweenMethod":"linearNone","tween":true,"target":579,"label":null,"key":"rotation","index":340},{"value":-16,"tweenMethod":"linearNone","tween":true,"target":579,"label":null,"key":"rotation","index":355},{"value":-8,"tweenMethod":"linearNone","tween":true,"target":579,"label":null,"key":"rotation","index":370},{"value":-16,"tweenMethod":"linearNone","tween":true,"target":579,"label":null,"key":"rotation","index":380},{"value":-8,"tweenMethod":"linearNone","tween":true,"target":579,"label":null,"key":"rotation","index":395},{"value":-16,"tweenMethod":"linearNone","tween":true,"target":579,"label":null,"key":"rotation","index":410},{"value":-8,"tweenMethod":"linearNone","tween":true,"target":579,"label":null,"key":"rotation","index":430},{"value":-16,"tweenMethod":"linearNone","tween":true,"target":579,"label":null,"key":"rotation","index":455},{"value":-8,"tweenMethod":"linearNone","tween":true,"target":579,"label":null,"key":"rotation","index":470},{"value":-8,"tweenMethod":"linearNone","tween":true,"target":579,"label":null,"key":"rotation","index":471},{"value":-16,"tweenMethod":"linearNone","tween":true,"target":579,"label":null,"key":"rotation","index":485},{"value":0,"tweenMethod":"linearNone","tween":true,"target":579,"label":null,"key":"rotation","index":505},{"value":0,"tweenMethod":"linearNone","tween":true,"target":579,"label":null,"key":"rotation","index":530},{"value":0,"tweenMethod":"linearNone","tween":true,"target":579,"label":null,"key":"rotation","index":675}],"pivotY":[{"value":242,"tweenMethod":"linearNone","tween":true,"target":579,"key":"pivotY","index":0},{"value":242,"tweenMethod":"linearNone","tween":true,"target":579,"label":null,"key":"pivotY","index":235},{"value":242,"tweenMethod":"linearNone","tween":true,"target":579,"label":null,"key":"pivotY","index":250},{"value":242,"tweenMethod":"linearNone","tween":true,"target":579,"label":null,"key":"pivotY","index":320},{"value":242,"tweenMethod":"linearNone","tween":true,"target":579,"label":null,"key":"pivotY","index":330},{"value":242,"tweenMethod":"linearNone","tween":true,"target":579,"label":null,"key":"pivotY","index":355},{"value":242,"tweenMethod":"linearNone","tween":true,"target":579,"label":null,"key":"pivotY","index":370},{"value":242,"tweenMethod":"linearNone","tween":true,"target":579,"label":null,"key":"pivotY","index":380},{"value":242,"tweenMethod":"linearNone","tween":true,"target":579,"label":null,"key":"pivotY","index":410},{"value":242,"tweenMethod":"linearNone","tween":true,"target":579,"label":null,"key":"pivotY","index":455},{"value":242,"tweenMethod":"linearNone","tween":true,"target":579,"label":null,"key":"pivotY","index":470},{"value":242,"tweenMethod":"linearNone","tween":true,"target":579,"label":null,"key":"pivotY","index":471},{"value":242,"tweenMethod":"linearNone","tween":true,"target":579,"label":null,"key":"pivotY","index":485},{"value":242,"tweenMethod":"linearNone","tween":true,"target":579,"label":null,"key":"pivotY","index":505},{"value":242,"tweenMethod":"linearNone","tween":true,"target":579,"label":null,"key":"pivotY","index":530},{"value":242,"tweenMethod":"linearNone","tween":true,"target":579,"label":null,"key":"pivotY","index":675}]}},{"target":551,"keyframes":{"y":[{"value":375,"tweenMethod":"linearNone","tween":true,"target":551,"key":"y","index":0},{"value":377,"tweenMethod":"linearNone","tween":true,"target":551,"key":"y","index":20},{"value":377,"tweenMethod":"linearNone","tween":true,"target":551,"label":null,"key":"y","index":40},{"value":377,"tweenMethod":"linearNone","tween":true,"target":551,"label":null,"key":"y","index":60},{"value":375,"tweenMethod":"linearNone","tween":true,"target":551,"label":null,"key":"y","index":70},{"value":377,"tweenMethod":"linearNone","tween":true,"target":551,"label":null,"key":"y","index":80},{"value":375,"tweenMethod":"linearNone","tween":true,"target":551,"label":null,"key":"y","index":90},{"value":377,"tweenMethod":"linearNone","tween":true,"target":551,"label":null,"key":"y","index":105},{"value":375,"tweenMethod":"linearNone","tween":true,"target":551,"label":null,"key":"y","index":120},{"value":377,"tweenMethod":"linearNone","tween":true,"target":551,"label":null,"key":"y","index":130},{"value":375,"tweenMethod":"linearNone","tween":true,"target":551,"label":null,"key":"y","index":145},{"value":377,"tweenMethod":"linearNone","tween":true,"target":551,"label":null,"key":"y","index":160},{"value":375,"tweenMethod":"linearNone","tween":true,"target":551,"label":null,"key":"y","index":180},{"value":377,"tweenMethod":"linearNone","tween":true,"target":551,"label":null,"key":"y","index":205},{"value":375,"tweenMethod":"linearNone","tween":true,"target":551,"label":null,"key":"y","index":220},{"value":375,"tweenMethod":"linearNone","tween":true,"target":551,"label":null,"key":"y","index":221},{"value":375,"tweenMethod":"linearNone","tween":true,"target":551,"label":null,"key":"y","index":235},{"value":375,"tweenMethod":"linearNone","tween":true,"target":551,"label":null,"key":"y","index":250},{"value":377,"tweenMethod":"linearNone","tween":true,"target":551,"label":null,"key":"y","index":270},{"value":377,"tweenMethod":"linearNone","tween":true,"target":551,"label":null,"key":"y","index":280},{"value":377,"tweenMethod":"linearNone","tween":true,"target":551,"label":null,"key":"y","index":290},{"value":377,"tweenMethod":"linearNone","tween":true,"target":551,"label":null,"key":"y","index":300},{"value":377,"tweenMethod":"linearNone","tween":true,"target":551,"label":null,"key":"y","index":310},{"value":377,"tweenMethod":"linearNone","tween":true,"target":551,"label":null,"key":"y","index":320},{"value":377,"tweenMethod":"linearNone","tween":true,"target":551,"label":null,"key":"y","index":330},{"value":377,"tweenMethod":"linearNone","tween":true,"target":551,"label":null,"key":"y","index":340},{"value":377,"tweenMethod":"linearNone","tween":true,"target":551,"label":null,"key":"y","index":355},{"value":377,"tweenMethod":"linearNone","tween":true,"target":551,"label":null,"key":"y","index":370},{"value":377,"tweenMethod":"linearNone","tween":true,"target":551,"label":null,"key":"y","index":380},{"value":377,"tweenMethod":"linearNone","tween":true,"target":551,"label":null,"key":"y","index":395},{"value":377,"tweenMethod":"linearNone","tween":true,"target":551,"label":null,"key":"y","index":410},{"value":377,"tweenMethod":"linearNone","tween":true,"target":551,"label":null,"key":"y","index":430},{"value":377,"tweenMethod":"linearNone","tween":true,"target":551,"label":null,"key":"y","index":455},{"value":377,"tweenMethod":"linearNone","tween":true,"target":551,"label":null,"key":"y","index":470},{"value":377,"tweenMethod":"linearNone","tween":true,"target":551,"label":null,"key":"y","index":471},{"value":377,"tweenMethod":"linearNone","tween":true,"target":551,"label":null,"key":"y","index":485},{"value":375,"tweenMethod":"linearNone","tween":true,"target":551,"label":null,"key":"y","index":505},{"value":375,"tweenMethod":"linearNone","tween":true,"target":551,"label":null,"key":"y","index":530},{"value":450,"tweenMethod":"linearNone","tween":true,"target":551,"key":"y","index":550},{"value":477,"tweenMethod":"linearNone","tween":true,"target":551,"label":null,"key":"y","index":560},{"value":456.8888888888889,"tweenMethod":"linearNone","tween":true,"target":551,"key":"y","index":570},{"value":477,"tweenMethod":"linearNone","tween":true,"target":551,"label":null,"key":"y","index":580},{"value":456.8888888888889,"tweenMethod":"linearNone","tween":true,"target":551,"label":null,"key":"y","index":590},{"value":477,"tweenMethod":"linearNone","tween":true,"target":551,"label":null,"key":"y","index":600},{"value":456.8888888888889,"tweenMethod":"linearNone","tween":true,"target":551,"label":null,"key":"y","index":610},{"value":477,"tweenMethod":"linearNone","tween":true,"target":551,"label":null,"key":"y","index":620},{"value":456.8888888888889,"tweenMethod":"linearNone","tween":true,"target":551,"label":null,"key":"y","index":630},{"value":477,"tweenMethod":"linearNone","tween":true,"target":551,"label":null,"key":"y","index":640},{"value":456.8888888888889,"tweenMethod":"linearNone","tween":true,"target":551,"label":null,"key":"y","index":650},{"value":456.8888888888889,"tweenMethod":"linearNone","tween":true,"target":551,"label":null,"key":"y","index":651},{"value":375,"tweenMethod":"linearNone","tween":true,"target":551,"label":null,"key":"y","index":675}],"x":[{"value":231,"tweenMethod":"linearNone","tween":true,"target":551,"key":"x","index":0},{"value":308,"tweenMethod":"linearNone","tween":true,"target":551,"key":"x","index":20},{"value":269,"tweenMethod":"linearNone","tween":true,"target":551,"key":"x","index":30},{"value":308,"tweenMethod":"linearNone","tween":true,"target":551,"label":null,"key":"x","index":40},{"value":269,"tweenMethod":"linearNone","tween":true,"target":551,"label":null,"key":"x","index":50},{"value":308,"tweenMethod":"linearNone","tween":true,"target":551,"label":null,"key":"x","index":60},{"value":269,"tweenMethod":"linearNone","tween":true,"target":551,"label":null,"key":"x","index":70},{"value":308,"tweenMethod":"linearNone","tween":true,"target":551,"label":null,"key":"x","index":80},{"value":269,"tweenMethod":"linearNone","tween":true,"target":551,"label":null,"key":"x","index":90},{"value":308,"tweenMethod":"linearNone","tween":true,"target":551,"label":null,"key":"x","index":105},{"value":269,"tweenMethod":"linearNone","tween":true,"target":551,"label":null,"key":"x","index":120},{"value":308,"tweenMethod":"linearNone","tween":true,"target":551,"label":null,"key":"x","index":130},{"value":269,"tweenMethod":"linearNone","tween":true,"target":551,"label":null,"key":"x","index":145},{"value":308,"tweenMethod":"linearNone","tween":true,"target":551,"label":null,"key":"x","index":160},{"value":269,"tweenMethod":"linearNone","tween":true,"target":551,"label":null,"key":"x","index":180},{"value":308,"tweenMethod":"linearNone","tween":true,"target":551,"label":null,"key":"x","index":205},{"value":269,"tweenMethod":"linearNone","tween":true,"target":551,"label":null,"key":"x","index":220},{"value":269,"tweenMethod":"linearNone","tween":true,"target":551,"label":null,"key":"x","index":221},{"value":231,"tweenMethod":"linearNone","tween":true,"target":551,"label":null,"key":"x","index":235},{"value":231,"tweenMethod":"linearNone","tween":true,"target":551,"label":null,"key":"x","index":250},{"value":149,"tweenMethod":"linearNone","tween":true,"target":551,"label":null,"key":"x","index":270},{"value":198,"tweenMethod":"linearNone","tween":true,"target":551,"label":null,"key":"x","index":280},{"value":149,"tweenMethod":"linearNone","tween":true,"target":551,"label":null,"key":"x","index":290},{"value":198,"tweenMethod":"linearNone","tween":true,"target":551,"label":null,"key":"x","index":300},{"value":149,"tweenMethod":"linearNone","tween":true,"target":551,"label":null,"key":"x","index":310},{"value":198,"tweenMethod":"linearNone","tween":true,"target":551,"label":null,"key":"x","index":320},{"value":149,"tweenMethod":"linearNone","tween":true,"target":551,"label":null,"key":"x","index":330},{"value":198,"tweenMethod":"linearNone","tween":true,"target":551,"label":null,"key":"x","index":340},{"value":149,"tweenMethod":"linearNone","tween":true,"target":551,"label":null,"key":"x","index":355},{"value":198,"tweenMethod":"linearNone","tween":true,"target":551,"label":null,"key":"x","index":370},{"value":149,"tweenMethod":"linearNone","tween":true,"target":551,"label":null,"key":"x","index":380},{"value":198,"tweenMethod":"linearNone","tween":true,"target":551,"label":null,"key":"x","index":395},{"value":149,"tweenMethod":"linearNone","tween":true,"target":551,"label":null,"key":"x","index":410},{"value":198,"tweenMethod":"linearNone","tween":true,"target":551,"label":null,"key":"x","index":430},{"value":149,"tweenMethod":"linearNone","tween":true,"target":551,"label":null,"key":"x","index":455},{"value":198,"tweenMethod":"linearNone","tween":true,"target":551,"label":null,"key":"x","index":470},{"value":198,"tweenMethod":"linearNone","tween":true,"target":551,"label":null,"key":"x","index":471},{"value":149,"tweenMethod":"linearNone","tween":true,"target":551,"label":null,"key":"x","index":485},{"value":231,"tweenMethod":"linearNone","tween":true,"target":551,"label":null,"key":"x","index":505},{"value":231,"tweenMethod":"linearNone","tween":true,"target":551,"label":null,"key":"x","index":530},{"value":229,"tweenMethod":"linearNone","tween":true,"target":551,"key":"x","index":550},{"value":229,"tweenMethod":"linearNone","tween":true,"target":551,"label":null,"key":"x","index":560},{"value":229,"tweenMethod":"linearNone","tween":true,"target":551,"label":null,"key":"x","index":580},{"value":229,"tweenMethod":"linearNone","tween":true,"target":551,"label":null,"key":"x","index":600},{"value":229,"tweenMethod":"linearNone","tween":true,"target":551,"label":null,"key":"x","index":620},{"value":229,"tweenMethod":"linearNone","tween":true,"target":551,"label":null,"key":"x","index":640},{"value":229,"tweenMethod":"linearNone","tween":true,"target":551,"label":null,"key":"x","index":650},{"value":229,"tweenMethod":"linearNone","tween":true,"target":551,"label":null,"key":"x","index":651},{"value":231,"tweenMethod":"linearNone","tween":true,"target":551,"label":null,"key":"x","index":675}],"rotation":[{"value":0,"tweenMethod":"linearNone","tween":true,"target":551,"key":"rotation","index":0},{"value":-2,"tweenMethod":"linearNone","tween":true,"target":551,"key":"rotation","index":20},{"value":6,"tweenMethod":"linearNone","tween":true,"target":551,"key":"rotation","index":30},{"value":-2,"tweenMethod":"linearNone","tween":true,"target":551,"label":null,"key":"rotation","index":40},{"value":6,"tweenMethod":"linearNone","tween":true,"target":551,"label":null,"key":"rotation","index":50},{"value":-2,"tweenMethod":"linearNone","tween":true,"target":551,"label":null,"key":"rotation","index":60},{"value":6,"tweenMethod":"linearNone","tween":true,"target":551,"label":null,"key":"rotation","index":70},{"value":-2,"tweenMethod":"linearNone","tween":true,"target":551,"label":null,"key":"rotation","index":80},{"value":6,"tweenMethod":"linearNone","tween":true,"target":551,"label":null,"key":"rotation","index":90},{"value":-2,"tweenMethod":"linearNone","tween":true,"target":551,"label":null,"key":"rotation","index":105},{"value":6,"tweenMethod":"linearNone","tween":true,"target":551,"label":null,"key":"rotation","index":120},{"value":-2,"tweenMethod":"linearNone","tween":true,"target":551,"label":null,"key":"rotation","index":130},{"value":6,"tweenMethod":"linearNone","tween":true,"target":551,"label":null,"key":"rotation","index":145},{"value":-2,"tweenMethod":"linearNone","tween":true,"target":551,"label":null,"key":"rotation","index":160},{"value":6,"tweenMethod":"linearNone","tween":true,"target":551,"label":null,"key":"rotation","index":180},{"value":-2,"tweenMethod":"linearNone","tween":true,"target":551,"label":null,"key":"rotation","index":205},{"value":6,"tweenMethod":"linearNone","tween":true,"target":551,"label":null,"key":"rotation","index":220},{"value":6,"tweenMethod":"linearNone","tween":true,"target":551,"label":null,"key":"rotation","index":221},{"value":0,"tweenMethod":"linearNone","tween":true,"target":551,"label":null,"key":"rotation","index":235},{"value":0,"tweenMethod":"linearNone","tween":true,"target":551,"label":null,"key":"rotation","index":250},{"value":-3,"tweenMethod":"linearNone","tween":true,"target":551,"label":null,"key":"rotation","index":270},{"value":-13,"tweenMethod":"linearNone","tween":true,"target":551,"label":null,"key":"rotation","index":280},{"value":-3,"tweenMethod":"linearNone","tween":true,"target":551,"label":null,"key":"rotation","index":290},{"value":-13,"tweenMethod":"linearNone","tween":true,"target":551,"label":null,"key":"rotation","index":300},{"value":-3,"tweenMethod":"linearNone","tween":true,"target":551,"label":null,"key":"rotation","index":310},{"value":-13,"tweenMethod":"linearNone","tween":true,"target":551,"label":null,"key":"rotation","index":320},{"value":-3,"tweenMethod":"linearNone","tween":true,"target":551,"label":null,"key":"rotation","index":330},{"value":-13,"tweenMethod":"linearNone","tween":true,"target":551,"label":null,"key":"rotation","index":340},{"value":-3,"tweenMethod":"linearNone","tween":true,"target":551,"label":null,"key":"rotation","index":355},{"value":-13,"tweenMethod":"linearNone","tween":true,"target":551,"label":null,"key":"rotation","index":370},{"value":-3,"tweenMethod":"linearNone","tween":true,"target":551,"label":null,"key":"rotation","index":380},{"value":-13,"tweenMethod":"linearNone","tween":true,"target":551,"label":null,"key":"rotation","index":395},{"value":-3,"tweenMethod":"linearNone","tween":true,"target":551,"label":null,"key":"rotation","index":410},{"value":-13,"tweenMethod":"linearNone","tween":true,"target":551,"label":null,"key":"rotation","index":430},{"value":-3,"tweenMethod":"linearNone","tween":true,"target":551,"label":null,"key":"rotation","index":455},{"value":-13,"tweenMethod":"linearNone","tween":true,"target":551,"label":null,"key":"rotation","index":470},{"value":-13,"tweenMethod":"linearNone","tween":true,"target":551,"label":null,"key":"rotation","index":471},{"value":-3,"tweenMethod":"linearNone","tween":true,"target":551,"label":null,"key":"rotation","index":485},{"value":0,"tweenMethod":"linearNone","tween":true,"target":551,"label":null,"key":"rotation","index":505},{"value":0,"tweenMethod":"linearNone","tween":true,"target":551,"label":null,"key":"rotation","index":530},{"value":0,"tweenMethod":"linearNone","tween":true,"target":551,"label":null,"key":"rotation","index":675}]}},{"target":568,"keyframes":{"y":[{"value":583,"tweenMethod":"linearNone","tween":true,"target":568,"key":"y","index":0},{"value":562.1,"tweenMethod":"linearNone","tween":true,"target":568,"key":"y","index":20},{"value":562.55,"tweenMethod":"linearNone","tween":true,"target":568,"key":"y","index":30},{"value":562.1,"tweenMethod":"linearNone","tween":true,"target":568,"label":null,"key":"y","index":40},{"value":562.55,"tweenMethod":"linearNone","tween":true,"target":568,"label":null,"key":"y","index":50},{"value":562.1,"tweenMethod":"linearNone","tween":true,"target":568,"label":null,"key":"y","index":60},{"value":562.55,"tweenMethod":"linearNone","tween":true,"target":568,"label":null,"key":"y","index":70},{"value":562.1,"tweenMethod":"linearNone","tween":true,"target":568,"label":null,"key":"y","index":80},{"value":562.55,"tweenMethod":"linearNone","tween":true,"target":568,"label":null,"key":"y","index":90},{"value":562.1,"tweenMethod":"linearNone","tween":true,"target":568,"label":null,"key":"y","index":105},{"value":562.55,"tweenMethod":"linearNone","tween":true,"target":568,"label":null,"key":"y","index":120},{"value":562.1,"tweenMethod":"linearNone","tween":true,"target":568,"label":null,"key":"y","index":130},{"value":562.55,"tweenMethod":"linearNone","tween":true,"target":568,"label":null,"key":"y","index":145},{"value":562.1,"tweenMethod":"linearNone","tween":true,"target":568,"label":null,"key":"y","index":160},{"value":562.55,"tweenMethod":"linearNone","tween":true,"target":568,"label":null,"key":"y","index":180},{"value":562.1,"tweenMethod":"linearNone","tween":true,"target":568,"label":null,"key":"y","index":205},{"value":562.55,"tweenMethod":"linearNone","tween":true,"target":568,"label":null,"key":"y","index":220},{"value":562.55,"tweenMethod":"linearNone","tween":true,"target":568,"label":null,"key":"y","index":221},{"value":583,"tweenMethod":"linearNone","tween":true,"target":568,"label":null,"key":"y","index":235},{"value":583,"tweenMethod":"linearNone","tween":true,"target":568,"label":null,"key":"y","index":250},{"value":583,"tweenMethod":"linearNone","tween":true,"target":568,"key":"y","index":270},{"value":583,"tweenMethod":"linearNone","tween":true,"target":568,"label":null,"key":"y","index":280},{"value":583,"tweenMethod":"linearNone","tween":true,"target":568,"label":null,"key":"y","index":290},{"value":583,"tweenMethod":"linearNone","tween":true,"target":568,"label":null,"key":"y","index":300},{"value":583,"tweenMethod":"linearNone","tween":true,"target":568,"label":null,"key":"y","index":310},{"value":583,"tweenMethod":"linearNone","tween":true,"target":568,"label":null,"key":"y","index":320},{"value":583,"tweenMethod":"linearNone","tween":true,"target":568,"label":null,"key":"y","index":330},{"value":583,"tweenMethod":"linearNone","tween":true,"target":568,"label":null,"key":"y","index":340},{"value":583,"tweenMethod":"linearNone","tween":true,"target":568,"label":null,"key":"y","index":355},{"value":583,"tweenMethod":"linearNone","tween":true,"target":568,"label":null,"key":"y","index":370},{"value":583,"tweenMethod":"linearNone","tween":true,"target":568,"label":null,"key":"y","index":380},{"value":583,"tweenMethod":"linearNone","tween":true,"target":568,"label":null,"key":"y","index":395},{"value":583,"tweenMethod":"linearNone","tween":true,"target":568,"label":null,"key":"y","index":410},{"value":583,"tweenMethod":"linearNone","tween":true,"target":568,"label":null,"key":"y","index":430},{"value":583,"tweenMethod":"linearNone","tween":true,"target":568,"label":null,"key":"y","index":455},{"value":583,"tweenMethod":"linearNone","tween":true,"target":568,"label":null,"key":"y","index":470},{"value":583,"tweenMethod":"linearNone","tween":true,"target":568,"label":null,"key":"y","index":471},{"value":583,"tweenMethod":"linearNone","tween":true,"target":568,"label":null,"key":"y","index":485},{"value":583,"tweenMethod":"linearNone","tween":true,"target":568,"label":null,"key":"y","index":505},{"value":583,"tweenMethod":"linearNone","tween":true,"target":568,"label":null,"key":"y","index":530},{"value":583,"tweenMethod":"linearNone","tween":true,"target":568,"label":null,"key":"y","index":675}],"x":[{"value":184,"tweenMethod":"linearNone","tween":true,"target":568,"key":"x","index":0},{"value":193,"tweenMethod":"linearNone","tween":true,"target":568,"key":"x","index":20},{"value":193,"tweenMethod":"linearNone","tween":true,"target":568,"key":"x","index":30},{"value":193,"tweenMethod":"linearNone","tween":true,"target":568,"label":null,"key":"x","index":40},{"value":193,"tweenMethod":"linearNone","tween":true,"target":568,"label":null,"key":"x","index":50},{"value":193,"tweenMethod":"linearNone","tween":true,"target":568,"label":null,"key":"x","index":60},{"value":193,"tweenMethod":"linearNone","tween":true,"target":568,"label":null,"key":"x","index":70},{"value":193,"tweenMethod":"linearNone","tween":true,"target":568,"label":null,"key":"x","index":80},{"value":193,"tweenMethod":"linearNone","tween":true,"target":568,"label":null,"key":"x","index":90},{"value":193,"tweenMethod":"linearNone","tween":true,"target":568,"label":null,"key":"x","index":105},{"value":193,"tweenMethod":"linearNone","tween":true,"target":568,"label":null,"key":"x","index":120},{"value":193,"tweenMethod":"linearNone","tween":true,"target":568,"label":null,"key":"x","index":130},{"value":193,"tweenMethod":"linearNone","tween":true,"target":568,"label":null,"key":"x","index":145},{"value":193,"tweenMethod":"linearNone","tween":true,"target":568,"label":null,"key":"x","index":160},{"value":193,"tweenMethod":"linearNone","tween":true,"target":568,"label":null,"key":"x","index":180},{"value":193,"tweenMethod":"linearNone","tween":true,"target":568,"label":null,"key":"x","index":205},{"value":193,"tweenMethod":"linearNone","tween":true,"target":568,"label":null,"key":"x","index":220},{"value":193,"tweenMethod":"linearNone","tween":true,"target":568,"label":null,"key":"x","index":221},{"value":184,"tweenMethod":"linearNone","tween":true,"target":568,"label":null,"key":"x","index":235},{"value":184,"tweenMethod":"linearNone","tween":true,"target":568,"label":null,"key":"x","index":250},{"value":184,"tweenMethod":"linearNone","tween":true,"target":568,"label":null,"key":"x","index":470},{"value":184,"tweenMethod":"linearNone","tween":true,"target":568,"label":null,"key":"x","index":471},{"value":184,"tweenMethod":"linearNone","tween":true,"target":568,"label":null,"key":"x","index":485},{"value":184,"tweenMethod":"linearNone","tween":true,"target":568,"label":null,"key":"x","index":505},{"value":184,"tweenMethod":"linearNone","tween":true,"target":568,"label":null,"key":"x","index":530},{"value":184,"tweenMethod":"linearNone","tween":true,"target":568,"label":null,"key":"x","index":675}],"rotation":[{"value":0,"tweenMethod":"linearNone","tween":true,"target":568,"key":"rotation","index":0},{"value":53,"tweenMethod":"linearNone","tween":true,"target":568,"key":"rotation","index":20},{"value":42,"tweenMethod":"linearNone","tween":true,"target":568,"key":"rotation","index":30},{"value":53,"tweenMethod":"linearNone","tween":true,"target":568,"label":null,"key":"rotation","index":40},{"value":42,"tweenMethod":"linearNone","tween":true,"target":568,"label":null,"key":"rotation","index":50},{"value":53,"tweenMethod":"linearNone","tween":true,"target":568,"label":null,"key":"rotation","index":60},{"value":42,"tweenMethod":"linearNone","tween":true,"target":568,"label":null,"key":"rotation","index":70},{"value":53,"tweenMethod":"linearNone","tween":true,"target":568,"label":null,"key":"rotation","index":80},{"value":42,"tweenMethod":"linearNone","tween":true,"target":568,"label":null,"key":"rotation","index":90},{"value":53,"tweenMethod":"linearNone","tween":true,"target":568,"label":null,"key":"rotation","index":105},{"value":42,"tweenMethod":"linearNone","tween":true,"target":568,"label":null,"key":"rotation","index":120},{"value":53,"tweenMethod":"linearNone","tween":true,"target":568,"label":null,"key":"rotation","index":130},{"value":42,"tweenMethod":"linearNone","tween":true,"target":568,"label":null,"key":"rotation","index":145},{"value":53,"tweenMethod":"linearNone","tween":true,"target":568,"label":null,"key":"rotation","index":160},{"value":42,"tweenMethod":"linearNone","tween":true,"target":568,"label":null,"key":"rotation","index":180},{"value":53,"tweenMethod":"linearNone","tween":true,"target":568,"label":null,"key":"rotation","index":205},{"value":42,"tweenMethod":"linearNone","tween":true,"target":568,"label":null,"key":"rotation","index":220},{"value":42,"tweenMethod":"linearNone","tween":true,"target":568,"label":null,"key":"rotation","index":221},{"value":0,"tweenMethod":"linearNone","tween":true,"target":568,"label":null,"key":"rotation","index":235},{"value":0,"tweenMethod":"linearNone","tween":true,"target":568,"label":null,"key":"rotation","index":250},{"value":0,"tweenMethod":"linearNone","tween":true,"target":568,"label":null,"key":"rotation","index":470},{"value":0,"tweenMethod":"linearNone","tween":true,"target":568,"label":null,"key":"rotation","index":471},{"value":0,"tweenMethod":"linearNone","tween":true,"target":568,"label":null,"key":"rotation","index":485},{"value":0,"tweenMethod":"linearNone","tween":true,"target":568,"label":null,"key":"rotation","index":505},{"value":0,"tweenMethod":"linearNone","tween":true,"target":568,"label":null,"key":"rotation","index":530},{"value":0,"tweenMethod":"linearNone","tween":true,"target":568,"label":null,"key":"rotation","index":675}]}},{"target":576,"keyframes":{"rotation":[{"value":0,"tweenMethod":"linearNone","tween":true,"target":576,"key":"rotation","index":0},{"value":53,"tweenMethod":"linearNone","tween":true,"target":576,"key":"rotation","index":20},{"value":7,"tweenMethod":"linearNone","tween":true,"target":576,"key":"rotation","index":30},{"value":53,"tweenMethod":"linearNone","tween":true,"target":576,"label":null,"key":"rotation","index":40},{"value":7,"tweenMethod":"linearNone","tween":true,"target":576,"label":null,"key":"rotation","index":50},{"value":53,"tweenMethod":"linearNone","tween":true,"target":576,"label":null,"key":"rotation","index":60},{"value":7,"tweenMethod":"linearNone","tween":true,"target":576,"label":null,"key":"rotation","index":70},{"value":53,"tweenMethod":"linearNone","tween":true,"target":576,"label":null,"key":"rotation","index":80},{"value":-307,"tweenMethod":"linearNone","tween":true,"target":576,"label":null,"key":"rotation","index":105},{"value":-335,"tweenMethod":"linearNone","tween":true,"target":576,"label":null,"key":"rotation","index":120},{"value":-299,"tweenMethod":"linearNone","tween":true,"target":576,"key":"rotation","index":130},{"value":-347,"tweenMethod":"linearNone","tween":true,"target":576,"label":null,"key":"rotation","index":145},{"value":-307,"tweenMethod":"linearNone","tween":true,"target":576,"label":null,"key":"rotation","index":160},{"value":-1027,"tweenMethod":"linearNone","tween":true,"target":576,"label":null,"key":"rotation","index":205},{"value":-1066,"tweenMethod":"linearNone","tween":true,"target":576,"label":null,"key":"rotation","index":220},{"value":14,"tweenMethod":"linearNone","tween":true,"target":576,"label":null,"key":"rotation","index":221},{"value":0,"tweenMethod":"linearNone","tween":true,"target":576,"label":null,"key":"rotation","index":235},{"value":0,"tweenMethod":"linearNone","tween":true,"target":576,"label":null,"key":"rotation","index":250},{"value":70,"tweenMethod":"linearNone","tween":true,"target":576,"label":null,"key":"rotation","index":270},{"value":7,"tweenMethod":"linearNone","tween":true,"target":576,"label":null,"key":"rotation","index":280},{"value":70,"tweenMethod":"linearNone","tween":true,"target":576,"label":null,"key":"rotation","index":290},{"value":7,"tweenMethod":"linearNone","tween":true,"target":576,"label":null,"key":"rotation","index":300},{"value":70,"tweenMethod":"linearNone","tween":true,"target":576,"label":null,"key":"rotation","index":310},{"value":7,"tweenMethod":"linearNone","tween":true,"target":576,"label":null,"key":"rotation","index":320},{"value":70,"tweenMethod":"linearNone","tween":true,"target":576,"label":null,"key":"rotation","index":330},{"value":70,"tweenMethod":"linearNone","tween":true,"target":576,"label":null,"key":"rotation","index":355},{"value":35,"tweenMethod":"linearNone","tween":true,"target":576,"label":null,"key":"rotation","index":370},{"value":-325,"tweenMethod":"linearNone","tween":true,"target":576,"label":null,"key":"rotation","index":395},{"value":-298,"tweenMethod":"linearNone","tween":true,"target":576,"label":null,"key":"rotation","index":410},{"value":-1018,"tweenMethod":"linearNone","tween":true,"target":576,"label":null,"key":"rotation","index":455},{"value":-1061,"tweenMethod":"linearNone","tween":true,"target":576,"label":null,"key":"rotation","index":470},{"value":20,"tweenMethod":"linearNone","tween":true,"target":576,"label":null,"key":"rotation","index":471},{"value":70,"tweenMethod":"linearNone","tween":true,"target":576,"label":null,"key":"rotation","index":485},{"value":0,"tweenMethod":"linearNone","tween":true,"target":576,"label":null,"key":"rotation","index":505},{"value":0,"tweenMethod":"linearNone","tween":true,"target":576,"label":null,"key":"rotation","index":530},{"value":40,"tweenMethod":"linearNone","tween":true,"target":576,"key":"rotation","index":550},{"value":40,"tweenMethod":"linearNone","tween":true,"target":576,"label":null,"key":"rotation","index":560},{"value":-1760,"tweenMethod":"linearNone","tween":true,"target":576,"label":null,"key":"rotation","index":650},{"value":40,"tweenMethod":"linearNone","tween":true,"target":576,"label":null,"key":"rotation","index":651},{"value":0,"tweenMethod":"linearNone","tween":true,"target":576,"label":null,"key":"rotation","index":675}]}},{"target":557,"keyframes":{"rotation":[{"value":0,"tweenMethod":"linearNone","tween":true,"target":557,"key":"rotation","index":0},{"value":-7,"tweenMethod":"linearNone","tween":true,"target":557,"key":"rotation","index":20},{"value":-51,"tweenMethod":"linearNone","tween":true,"target":557,"key":"rotation","index":30},{"value":-7,"tweenMethod":"linearNone","tween":true,"target":557,"label":null,"key":"rotation","index":40},{"value":-51,"tweenMethod":"linearNone","tween":true,"target":557,"label":null,"key":"rotation","index":50},{"value":-7,"tweenMethod":"linearNone","tween":true,"target":557,"label":null,"key":"rotation","index":60},{"value":-51,"tweenMethod":"linearNone","tween":true,"target":557,"label":null,"key":"rotation","index":70},{"value":-7,"tweenMethod":"linearNone","tween":true,"target":557,"label":null,"key":"rotation","index":80},{"value":-58,"tweenMethod":"linearNone","tween":true,"target":557,"key":"rotation","index":90},{"value":-10,"tweenMethod":"linearNone","tween":true,"target":557,"label":null,"key":"rotation","index":105},{"value":-50,"tweenMethod":"linearNone","tween":true,"target":557,"label":null,"key":"rotation","index":120},{"value":310,"tweenMethod":"linearNone","tween":true,"target":557,"label":null,"key":"rotation","index":145},{"value":353,"tweenMethod":"linearNone","tween":true,"target":557,"label":null,"key":"rotation","index":160},{"value":1073,"tweenMethod":"linearNone","tween":true,"target":557,"label":null,"key":"rotation","index":205},{"value":1025,"tweenMethod":"linearNone","tween":true,"target":557,"label":null,"key":"rotation","index":220},{"value":-55,"tweenMethod":"linearNone","tween":true,"target":557,"label":null,"key":"rotation","index":221},{"value":0,"tweenMethod":"linearNone","tween":true,"target":557,"label":null,"key":"rotation","index":235},{"value":0,"tweenMethod":"linearNone","tween":true,"target":557,"label":null,"key":"rotation","index":250},{"value":-31,"tweenMethod":"linearNone","tween":true,"target":557,"label":null,"key":"rotation","index":270},{"value":-71,"tweenMethod":"linearNone","tween":true,"target":557,"label":null,"key":"rotation","index":280},{"value":-31,"tweenMethod":"linearNone","tween":true,"target":557,"label":null,"key":"rotation","index":290},{"value":-71,"tweenMethod":"linearNone","tween":true,"target":557,"label":null,"key":"rotation","index":300},{"value":-31,"tweenMethod":"linearNone","tween":true,"target":557,"label":null,"key":"rotation","index":310},{"value":-71,"tweenMethod":"linearNone","tween":true,"target":557,"label":null,"key":"rotation","index":320},{"value":-31,"tweenMethod":"linearNone","tween":true,"target":557,"label":null,"key":"rotation","index":330},{"value":329,"tweenMethod":"linearNone","tween":true,"target":557,"label":null,"key":"rotation","index":355},{"value":299,"tweenMethod":"linearNone","tween":true,"target":557,"label":null,"key":"rotation","index":370},{"value":321,"tweenMethod":"linearNone","tween":true,"target":557,"key":"rotation","index":380},{"value":299,"tweenMethod":"linearNone","tween":true,"target":557,"label":null,"key":"rotation","index":395},{"value":334,"tweenMethod":"linearNone","tween":true,"target":557,"label":null,"key":"rotation","index":410},{"value":1054,"tweenMethod":"linearNone","tween":true,"target":557,"label":null,"key":"rotation","index":455},{"value":1024,"tweenMethod":"linearNone","tween":true,"target":557,"label":null,"key":"rotation","index":470},{"value":-56,"tweenMethod":"linearNone","tween":true,"target":557,"label":null,"key":"rotation","index":471},{"value":-31,"tweenMethod":"linearNone","tween":true,"target":557,"label":null,"key":"rotation","index":485},{"value":0,"tweenMethod":"linearNone","tween":true,"target":557,"label":null,"key":"rotation","index":505},{"value":0,"tweenMethod":"linearNone","tween":true,"target":557,"label":null,"key":"rotation","index":530},{"value":-38,"tweenMethod":"linearNone","tween":true,"target":557,"key":"rotation","index":550},{"value":-38,"tweenMethod":"linearNone","tween":true,"target":557,"label":null,"key":"rotation","index":560},{"value":1762,"tweenMethod":"linearNone","tween":true,"target":557,"label":null,"key":"rotation","index":650},{"value":-38,"tweenMethod":"linearNone","tween":true,"target":557,"label":null,"key":"rotation","index":651},{"value":0,"tweenMethod":"linearNone","tween":true,"target":557,"label":null,"key":"rotation","index":675}]}},{"target":564,"keyframes":{"y":[{"value":583,"tweenMethod":"linearNone","tween":true,"target":564,"key":"y","index":0},{"value":583,"tweenMethod":"linearNone","tween":true,"target":564,"label":null,"key":"y","index":250},{"value":569,"tweenMethod":"linearNone","tween":true,"target":564,"key":"y","index":270},{"value":569,"tweenMethod":"linearNone","tween":true,"target":564,"label":null,"key":"y","index":290},{"value":569,"tweenMethod":"linearNone","tween":true,"target":564,"label":null,"key":"y","index":310},{"value":569,"tweenMethod":"linearNone","tween":true,"target":564,"label":null,"key":"y","index":330},{"value":569,"tweenMethod":"linearNone","tween":true,"target":564,"label":null,"key":"y","index":355},{"value":569,"tweenMethod":"linearNone","tween":true,"target":564,"label":null,"key":"y","index":380},{"value":569,"tweenMethod":"linearNone","tween":true,"target":564,"label":null,"key":"y","index":410},{"value":569,"tweenMethod":"linearNone","tween":true,"target":564,"label":null,"key":"y","index":455},{"value":569,"tweenMethod":"linearNone","tween":true,"target":564,"label":null,"key":"y","index":470},{"value":569,"tweenMethod":"linearNone","tween":true,"target":564,"label":null,"key":"y","index":471},{"value":569,"tweenMethod":"linearNone","tween":true,"target":564,"label":null,"key":"y","index":485},{"value":583,"tweenMethod":"linearNone","tween":true,"target":564,"label":null,"key":"y","index":505},{"value":583,"tweenMethod":"linearNone","tween":true,"target":564,"label":null,"key":"y","index":530},{"value":583,"tweenMethod":"linearNone","tween":true,"target":564,"label":null,"key":"y","index":675}],"x":[{"value":287,"tweenMethod":"linearNone","tween":true,"target":564,"key":"x","index":0},{"value":287,"tweenMethod":"linearNone","tween":true,"target":564,"label":null,"key":"x","index":250},{"value":289,"tweenMethod":"linearNone","tween":true,"target":564,"key":"x","index":270},{"value":289,"tweenMethod":"linearNone","tween":true,"target":564,"label":null,"key":"x","index":290},{"value":289,"tweenMethod":"linearNone","tween":true,"target":564,"label":null,"key":"x","index":310},{"value":289,"tweenMethod":"linearNone","tween":true,"target":564,"label":null,"key":"x","index":330},{"value":289,"tweenMethod":"linearNone","tween":true,"target":564,"label":null,"key":"x","index":355},{"value":289,"tweenMethod":"linearNone","tween":true,"target":564,"label":null,"key":"x","index":380},{"value":289,"tweenMethod":"linearNone","tween":true,"target":564,"label":null,"key":"x","index":410},{"value":289,"tweenMethod":"linearNone","tween":true,"target":564,"label":null,"key":"x","index":455},{"value":289,"tweenMethod":"linearNone","tween":true,"target":564,"label":null,"key":"x","index":470},{"value":289,"tweenMethod":"linearNone","tween":true,"target":564,"label":null,"key":"x","index":471},{"value":289,"tweenMethod":"linearNone","tween":true,"target":564,"label":null,"key":"x","index":485},{"value":287,"tweenMethod":"linearNone","tween":true,"target":564,"label":null,"key":"x","index":505},{"value":287,"tweenMethod":"linearNone","tween":true,"target":564,"label":null,"key":"x","index":530},{"value":287,"tweenMethod":"linearNone","tween":true,"target":564,"label":null,"key":"x","index":675}],"rotation":[{"value":0,"tweenMethod":"linearNone","tween":true,"target":564,"key":"rotation","index":0},{"value":0,"tweenMethod":"linearNone","tween":true,"target":564,"label":null,"key":"rotation","index":250},{"value":-30,"tweenMethod":"linearNone","tween":true,"target":564,"key":"rotation","index":270},{"value":-18,"tweenMethod":"linearNone","tween":true,"target":564,"key":"rotation","index":280},{"value":-30,"tweenMethod":"linearNone","tween":true,"target":564,"label":null,"key":"rotation","index":290},{"value":-18,"tweenMethod":"linearNone","tween":true,"target":564,"label":null,"key":"rotation","index":300},{"value":-30,"tweenMethod":"linearNone","tween":true,"target":564,"label":null,"key":"rotation","index":310},{"value":-18,"tweenMethod":"linearNone","tween":true,"target":564,"label":null,"key":"rotation","index":320},{"value":-30,"tweenMethod":"linearNone","tween":true,"target":564,"label":null,"key":"rotation","index":330},{"value":-18,"tweenMethod":"linearNone","tween":true,"target":564,"label":null,"key":"rotation","index":340},{"value":-30,"tweenMethod":"linearNone","tween":true,"target":564,"label":null,"key":"rotation","index":355},{"value":-18,"tweenMethod":"linearNone","tween":true,"target":564,"label":null,"key":"rotation","index":370},{"value":-30,"tweenMethod":"linearNone","tween":true,"target":564,"label":null,"key":"rotation","index":380},{"value":-18,"tweenMethod":"linearNone","tween":true,"target":564,"label":null,"key":"rotation","index":395},{"value":-30,"tweenMethod":"linearNone","tween":true,"target":564,"label":null,"key":"rotation","index":410},{"value":-30,"tweenMethod":"linearNone","tween":true,"target":564,"label":null,"key":"rotation","index":455},{"value":-18,"tweenMethod":"linearNone","tween":true,"target":564,"label":null,"key":"rotation","index":470},{"value":-18,"tweenMethod":"linearNone","tween":true,"target":564,"label":null,"key":"rotation","index":471},{"value":-30,"tweenMethod":"linearNone","tween":true,"target":564,"label":null,"key":"rotation","index":485},{"value":0,"tweenMethod":"linearNone","tween":true,"target":564,"label":null,"key":"rotation","index":505},{"value":0,"tweenMethod":"linearNone","tween":true,"target":564,"label":null,"key":"rotation","index":530},{"value":0,"tweenMethod":"linearNone","tween":true,"target":564,"label":null,"key":"rotation","index":675}]}},{"target":542,"keyframes":{"y":[{"value":306,"tweenMethod":"linearNone","tween":true,"target":542,"key":"y","index":0},{"value":306,"tweenMethod":"linearNone","tween":true,"target":542,"label":null,"key":"y","index":10},{"value":306,"tweenMethod":"linearNone","tween":true,"target":542,"label":null,"key":"y","index":30},{"value":306,"tweenMethod":"linearNone","tween":true,"target":542,"label":null,"key":"y","index":50},{"value":306,"tweenMethod":"linearNone","tween":true,"target":542,"label":null,"key":"y","index":240},{"value":306,"tweenMethod":"linearNone","tween":true,"target":542,"label":null,"key":"y","index":270},{"value":306,"tweenMethod":"linearNone","tween":true,"target":542,"key":"y","index":515},{"value":306,"tweenMethod":"linearNone","tween":true,"target":542,"label":null,"key":"y","index":545},{"value":306,"tweenMethod":"linearNone","tween":true,"target":542,"label":null,"key":"y","index":565},{"value":306,"tweenMethod":"linearNone","tween":true,"target":542,"label":null,"key":"y","index":585},{"value":306,"tweenMethod":"linearNone","tween":true,"target":542,"label":null,"key":"y","index":605},{"value":306,"tweenMethod":"linearNone","tween":true,"target":542,"label":null,"key":"y","index":625},{"value":306,"tweenMethod":"linearNone","tween":true,"target":542,"label":null,"key":"y","index":645}],"x":[{"value":184,"tweenMethod":"linearNone","tween":true,"target":542,"key":"x","index":0},{"value":184,"tweenMethod":"linearNone","tween":true,"target":542,"label":null,"key":"x","index":10},{"value":184,"tweenMethod":"linearNone","tween":true,"target":542,"label":null,"key":"x","index":30},{"value":184,"tweenMethod":"linearNone","tween":true,"target":542,"label":null,"key":"x","index":50},{"value":184,"tweenMethod":"linearNone","tween":true,"target":542,"label":null,"key":"x","index":240},{"value":184,"tweenMethod":"linearNone","tween":true,"target":542,"label":null,"key":"x","index":270},{"value":184,"tweenMethod":"linearNone","tween":true,"target":542,"key":"x","index":515},{"value":184,"tweenMethod":"linearNone","tween":true,"target":542,"label":null,"key":"x","index":545},{"value":184,"tweenMethod":"linearNone","tween":true,"target":542,"label":null,"key":"x","index":565},{"value":184,"tweenMethod":"linearNone","tween":true,"target":542,"label":null,"key":"x","index":585},{"value":184,"tweenMethod":"linearNone","tween":true,"target":542,"label":null,"key":"x","index":605},{"value":184,"tweenMethod":"linearNone","tween":true,"target":542,"label":null,"key":"x","index":625},{"value":184,"tweenMethod":"linearNone","tween":true,"target":542,"label":null,"key":"x","index":645}],"scaleY":[{"value":1,"tweenMethod":"linearNone","tween":true,"target":542,"key":"scaleY","index":0},{"value":0.5,"tweenMethod":"linearNone","tween":true,"target":542,"label":null,"key":"scaleY","index":10},{"value":1,"tweenMethod":"linearNone","tween":true,"target":542,"label":null,"key":"scaleY","index":20},{"value":0.5,"tweenMethod":"linearNone","tween":true,"target":542,"label":null,"key":"scaleY","index":30},{"value":1,"tweenMethod":"linearNone","tween":true,"target":542,"label":null,"key":"scaleY","index":40},{"value":0.5,"tweenMethod":"linearNone","tween":true,"target":542,"label":null,"key":"scaleY","index":50},{"value":1,"tweenMethod":"linearNone","tween":true,"target":542,"label":null,"key":"scaleY","index":60},{"value":1,"tweenMethod":"linearNone","tween":true,"target":542,"key":"scaleY","index":230},{"value":0.5,"tweenMethod":"linearNone","tween":true,"target":542,"label":null,"key":"scaleY","index":240},{"value":1,"tweenMethod":"linearNone","tween":true,"target":542,"label":null,"key":"scaleY","index":250},{"value":1,"tweenMethod":"linearNone","tween":true,"target":542,"label":null,"key":"scaleY","index":260},{"value":0.5,"tweenMethod":"linearNone","tween":true,"target":542,"label":null,"key":"scaleY","index":270},{"value":1,"tweenMethod":"linearNone","tween":true,"target":542,"label":null,"key":"scaleY","index":280},{"value":1,"tweenMethod":"linearNone","tween":true,"target":542,"key":"scaleY","index":505},{"value":0.5,"tweenMethod":"linearNone","tween":true,"target":542,"key":"scaleY","index":515},{"value":1,"tweenMethod":"linearNone","tween":true,"target":542,"key":"scaleY","index":525},{"value":0.5,"tweenMethod":"linearNone","tween":true,"target":542,"label":null,"key":"scaleY","index":545},{"value":1,"tweenMethod":"linearNone","tween":true,"target":542,"label":null,"key":"scaleY","index":555},{"value":0.5,"tweenMethod":"linearNone","tween":true,"target":542,"label":null,"key":"scaleY","index":565},{"value":1,"tweenMethod":"linearNone","tween":true,"target":542,"label":null,"key":"scaleY","index":575},{"value":0.5,"tweenMethod":"linearNone","tween":true,"target":542,"label":null,"key":"scaleY","index":585},{"value":1,"tweenMethod":"linearNone","tween":true,"target":542,"label":null,"key":"scaleY","index":595},{"value":0.5,"tweenMethod":"linearNone","tween":true,"target":542,"label":null,"key":"scaleY","index":605},{"value":1,"tweenMethod":"linearNone","tween":true,"target":542,"label":null,"key":"scaleY","index":615},{"value":0.5,"tweenMethod":"linearNone","tween":true,"target":542,"label":null,"key":"scaleY","index":625},{"value":1,"tweenMethod":"linearNone","tween":true,"target":542,"label":null,"key":"scaleY","index":635},{"value":0.5,"tweenMethod":"linearNone","tween":true,"target":542,"label":null,"key":"scaleY","index":645},{"value":1,"tweenMethod":"linearNone","tween":true,"target":542,"label":null,"key":"scaleY","index":655}],"scaleX":[{"value":1,"tweenMethod":"linearNone","tween":true,"target":542,"key":"scaleX","index":0},{"value":0.5,"tweenMethod":"linearNone","tween":true,"target":542,"label":null,"key":"scaleX","index":10},{"value":1,"tweenMethod":"linearNone","tween":true,"target":542,"label":null,"key":"scaleX","index":20},{"value":0.5,"tweenMethod":"linearNone","tween":true,"target":542,"label":null,"key":"scaleX","index":30},{"value":1,"tweenMethod":"linearNone","tween":true,"target":542,"label":null,"key":"scaleX","index":40},{"value":0.5,"tweenMethod":"linearNone","tween":true,"target":542,"label":null,"key":"scaleX","index":50},{"value":1,"tweenMethod":"linearNone","tween":true,"target":542,"label":null,"key":"scaleX","index":60},{"value":1,"tweenMethod":"linearNone","tween":true,"target":542,"key":"scaleX","index":230},{"value":0.5,"tweenMethod":"linearNone","tween":true,"target":542,"label":null,"key":"scaleX","index":240},{"value":1,"tweenMethod":"linearNone","tween":true,"target":542,"label":null,"key":"scaleX","index":250},{"value":1,"tweenMethod":"linearNone","tween":true,"target":542,"label":null,"key":"scaleX","index":260},{"value":0.5,"tweenMethod":"linearNone","tween":true,"target":542,"label":null,"key":"scaleX","index":270},{"value":1,"tweenMethod":"linearNone","tween":true,"target":542,"label":null,"key":"scaleX","index":280},{"value":1,"tweenMethod":"linearNone","tween":true,"target":542,"key":"scaleX","index":485},{"value":1,"tweenMethod":"linearNone","tween":true,"target":542,"key":"scaleX","index":505},{"value":0.5,"tweenMethod":"linearNone","tween":true,"target":542,"key":"scaleX","index":515},{"value":1,"tweenMethod":"linearNone","tween":true,"target":542,"key":"scaleX","index":525},{"value":1,"tweenMethod":"linearNone","tween":true,"target":542,"label":null,"key":"scaleX","index":535},{"value":0.5,"tweenMethod":"linearNone","tween":true,"target":542,"label":null,"key":"scaleX","index":545},{"value":1,"tweenMethod":"linearNone","tween":true,"target":542,"label":null,"key":"scaleX","index":555},{"value":0.5,"tweenMethod":"linearNone","tween":true,"target":542,"label":null,"key":"scaleX","index":565},{"value":1,"tweenMethod":"linearNone","tween":true,"target":542,"label":null,"key":"scaleX","index":575},{"value":0.5,"tweenMethod":"linearNone","tween":true,"target":542,"label":null,"key":"scaleX","index":585},{"value":1,"tweenMethod":"linearNone","tween":true,"target":542,"label":null,"key":"scaleX","index":595},{"value":0.5,"tweenMethod":"linearNone","tween":true,"target":542,"label":null,"key":"scaleX","index":605},{"value":1,"tweenMethod":"linearNone","tween":true,"target":542,"label":null,"key":"scaleX","index":615},{"value":0.5,"tweenMethod":"linearNone","tween":true,"target":542,"label":null,"key":"scaleX","index":625},{"value":1,"tweenMethod":"linearNone","tween":true,"target":542,"label":null,"key":"scaleX","index":635},{"value":0.5,"tweenMethod":"linearNone","tween":true,"target":542,"label":null,"key":"scaleX","index":645},{"value":1,"tweenMethod":"linearNone","tween":true,"target":542,"label":null,"key":"scaleX","index":655},{"value":1,"tweenMethod":"linearNone","tween":true,"target":542,"label":null,"key":"scaleX","index":675}]}},{"target":520,"keyframes":{"rotation":[{"value":0,"tweenMethod":"linearNone","tween":true,"target":520,"key":"rotation","index":0},{"value":11,"tweenMethod":"linearNone","tween":true,"target":520,"key":"rotation","index":20},{"value":-12,"tweenMethod":"linearNone","tween":true,"target":520,"key":"rotation","index":30},{"value":11,"tweenMethod":"linearNone","tween":true,"target":520,"label":null,"key":"rotation","index":40},{"value":-12,"tweenMethod":"linearNone","tween":true,"target":520,"label":null,"key":"rotation","index":50},{"value":11,"tweenMethod":"linearNone","tween":true,"target":520,"label":null,"key":"rotation","index":60},{"value":-12,"tweenMethod":"linearNone","tween":true,"target":520,"label":null,"key":"rotation","index":70},{"value":11,"tweenMethod":"linearNone","tween":true,"target":520,"label":null,"key":"rotation","index":80},{"value":-12,"tweenMethod":"linearNone","tween":true,"target":520,"label":null,"key":"rotation","index":90},{"value":11,"tweenMethod":"linearNone","tween":true,"target":520,"label":null,"key":"rotation","index":105},{"value":-12,"tweenMethod":"linearNone","tween":true,"target":520,"label":null,"key":"rotation","index":120},{"value":11,"tweenMethod":"linearNone","tween":true,"target":520,"label":null,"key":"rotation","index":130},{"value":-12,"tweenMethod":"linearNone","tween":true,"target":520,"label":null,"key":"rotation","index":145},{"value":11,"tweenMethod":"linearNone","tween":true,"target":520,"label":null,"key":"rotation","index":160},{"value":-12,"tweenMethod":"linearNone","tween":true,"target":520,"label":null,"key":"rotation","index":180},{"value":11,"tweenMethod":"linearNone","tween":true,"target":520,"label":null,"key":"rotation","index":205},{"value":-12,"tweenMethod":"linearNone","tween":true,"target":520,"label":null,"key":"rotation","index":220},{"value":-12,"tweenMethod":"linearNone","tween":true,"target":520,"label":null,"key":"rotation","index":221},{"value":0,"tweenMethod":"linearNone","tween":true,"target":520,"label":null,"key":"rotation","index":235},{"value":0,"tweenMethod":"linearNone","tween":true,"target":520,"label":null,"key":"rotation","index":250},{"value":15,"tweenMethod":"linearNone","tween":true,"target":520,"key":"rotation","index":270},{"value":-14,"tweenMethod":"linearNone","tween":true,"target":520,"key":"rotation","index":280},{"value":15,"tweenMethod":"linearNone","tween":true,"target":520,"label":null,"key":"rotation","index":290},{"value":-14,"tweenMethod":"linearNone","tween":true,"target":520,"label":null,"key":"rotation","index":300},{"value":15,"tweenMethod":"linearNone","tween":true,"target":520,"label":null,"key":"rotation","index":310},{"value":-14,"tweenMethod":"linearNone","tween":true,"target":520,"label":null,"key":"rotation","index":320},{"value":15,"tweenMethod":"linearNone","tween":true,"target":520,"label":null,"key":"rotation","index":330},{"value":-14,"tweenMethod":"linearNone","tween":true,"target":520,"label":null,"key":"rotation","index":340},{"value":15,"tweenMethod":"linearNone","tween":true,"target":520,"label":null,"key":"rotation","index":355},{"value":-14,"tweenMethod":"linearNone","tween":true,"target":520,"label":null,"key":"rotation","index":370},{"value":15,"tweenMethod":"linearNone","tween":true,"target":520,"label":null,"key":"rotation","index":380},{"value":-14,"tweenMethod":"linearNone","tween":true,"target":520,"label":null,"key":"rotation","index":395},{"value":15,"tweenMethod":"linearNone","tween":true,"target":520,"label":null,"key":"rotation","index":410},{"value":-14,"tweenMethod":"linearNone","tween":true,"target":520,"label":null,"key":"rotation","index":430},{"value":15,"tweenMethod":"linearNone","tween":true,"target":520,"label":null,"key":"rotation","index":455},{"value":-14,"tweenMethod":"linearNone","tween":true,"target":520,"label":null,"key":"rotation","index":470},{"value":-14,"tweenMethod":"linearNone","tween":true,"target":520,"label":null,"key":"rotation","index":471},{"value":15,"tweenMethod":"linearNone","tween":true,"target":520,"label":null,"key":"rotation","index":485},{"value":0,"tweenMethod":"linearNone","tween":true,"target":520,"label":null,"key":"rotation","index":505},{"value":0,"tweenMethod":"linearNone","tween":true,"target":520,"key":"rotation","index":560},{"value":19,"tweenMethod":"linearNone","tween":true,"target":520,"key":"rotation","index":570},{"value":-10,"tweenMethod":"linearNone","tween":true,"target":520,"key":"rotation","index":580},{"value":19,"tweenMethod":"linearNone","tween":true,"target":520,"label":null,"key":"rotation","index":590},{"value":-10,"tweenMethod":"linearNone","tween":true,"target":520,"label":null,"key":"rotation","index":600},{"value":19,"tweenMethod":"linearNone","tween":true,"target":520,"label":null,"key":"rotation","index":610},{"value":-10,"tweenMethod":"linearNone","tween":true,"target":520,"label":null,"key":"rotation","index":620},{"value":19,"tweenMethod":"linearNone","tween":true,"target":520,"label":null,"key":"rotation","index":630},{"value":-10,"tweenMethod":"linearNone","tween":true,"target":520,"label":null,"key":"rotation","index":640},{"value":19,"tweenMethod":"linearNone","tween":true,"target":520,"label":null,"key":"rotation","index":650},{"value":19,"tweenMethod":"linearNone","tween":true,"target":520,"label":null,"key":"rotation","index":651}]}}],"name":"action1","id":1,"frameRate":50,"action":0},{"nodes":[{"target":176,"keyframes":{"y":[{"value":420,"tweenMethod":"linearNone","tween":true,"target":176,"key":"y","index":0},{"value":420,"tweenMethod":"linearNone","tween":true,"target":176,"label":null,"key":"y","index":130},{"value":420,"tweenMethod":"linearNone","tween":true,"target":176,"label":null,"key":"y","index":160},{"value":420,"tweenMethod":"linearNone","tween":true,"target":176,"key":"y","index":240},{"value":309,"tweenMethod":"linearNone","tween":true,"target":176,"key":"y","index":255},{"value":309,"tweenMethod":"linearNone","tween":true,"target":176,"label":null,"key":"y","index":340},{"value":420,"tweenMethod":"linearNone","tween":true,"target":176,"label":null,"key":"y","index":370}],"x":[{"value":287,"tweenMethod":"linearNone","tween":true,"target":176,"key":"x","index":0},{"value":287,"tweenMethod":"linearNone","tween":true,"target":176,"label":null,"key":"x","index":130},{"value":287,"tweenMethod":"linearNone","tween":true,"target":176,"label":null,"key":"x","index":160},{"value":287,"tweenMethod":"linearNone","tween":true,"target":176,"key":"x","index":240},{"value":296,"tweenMethod":"linearNone","tween":true,"target":176,"key":"x","index":255},{"value":296,"tweenMethod":"linearNone","tween":true,"target":176,"label":null,"key":"x","index":340},{"value":287,"tweenMethod":"linearNone","tween":true,"target":176,"label":null,"key":"x","index":370}],"rotation":[{"value":0,"tweenMethod":"linearNone","tween":true,"target":176,"key":"rotation","index":0},{"value":-20,"tweenMethod":"linearNone","tween":true,"target":176,"key":"rotation","index":30},{"value":-20,"tweenMethod":"linearNone","tween":true,"target":176,"label":null,"key":"rotation","index":60},{"value":0,"tweenMethod":"linearNone","tween":true,"target":176,"key":"rotation","index":90},{"value":0,"tweenMethod":"linearNone","tween":true,"target":176,"label":null,"key":"rotation","index":110},{"value":20,"tweenMethod":"linearNone","tween":true,"target":176,"label":null,"key":"rotation","index":130},{"value":20,"tweenMethod":"linearNone","tween":true,"target":176,"label":null,"key":"rotation","index":160},{"value":0,"tweenMethod":"linearNone","tween":true,"target":176,"key":"rotation","index":180},{"value":0,"tweenMethod":"linearNone","tween":true,"target":176,"label":null,"key":"rotation","index":195},{"value":6,"tweenMethod":"linearNone","tween":true,"target":176,"key":"rotation","index":210},{"value":-10,"tweenMethod":"linearNone","tween":true,"target":176,"key":"rotation","index":225},{"value":0,"tweenMethod":"linearNone","tween":true,"target":176,"key":"rotation","index":240},{"value":0,"tweenMethod":"linearNone","tween":true,"target":176,"key":"rotation","index":255},{"value":8,"tweenMethod":"linearNone","tween":true,"target":176,"key":"rotation","index":270},{"value":0,"tweenMethod":"linearNone","tween":true,"target":176,"key":"rotation","index":285},{"value":8,"tweenMethod":"linearNone","tween":true,"target":176,"key":"rotation","index":300},{"value":0,"tweenMethod":"linearNone","tween":true,"target":176,"key":"rotation","index":310},{"value":8,"tweenMethod":"linearNone","tween":true,"target":176,"key":"rotation","index":325},{"value":0,"tweenMethod":"linearNone","tween":true,"target":176,"label":null,"key":"rotation","index":340},{"value":0,"tweenMethod":"linearNone","tween":true,"target":176,"label":null,"key":"rotation","index":370}],"pivotY":[{"value":401,"tweenMethod":"linearNone","tween":true,"target":176,"key":"pivotY","index":0},{"value":401,"tweenMethod":"linearNone","tween":true,"target":176,"label":null,"key":"pivotY","index":130},{"value":401,"tweenMethod":"linearNone","tween":true,"target":176,"label":null,"key":"pivotY","index":160}],"pivotX":[{"value":253,"tweenMethod":"linearNone","tween":true,"target":176,"key":"pivotX","index":0},{"value":253,"tweenMethod":"linearNone","tween":true,"target":176,"label":null,"key":"pivotX","index":130},{"value":253,"tweenMethod":"linearNone","tween":true,"target":176,"label":null,"key":"pivotX","index":160}]}},{"target":177,"keyframes":{"zOrder":[{"value":99,"tweenMethod":"linearNone","tween":true,"target":177,"key":"zOrder","index":0}],"y":[{"value":394,"tweenMethod":"linearNone","tween":true,"target":177,"key":"y","index":0},{"value":394,"tweenMethod":"linearNone","tween":true,"target":177,"key":"y","index":240},{"value":334,"tweenMethod":"linearNone","tween":true,"target":177,"key":"y","index":255},{"value":334,"tweenMethod":"linearNone","tween":true,"target":177,"label":null,"key":"y","index":340},{"value":394,"tweenMethod":"linearNone","tween":true,"target":177,"label":null,"key":"y","index":370}],"x":[{"value":274,"tweenMethod":"linearNone","tween":true,"target":177,"key":"x","index":0},{"value":274,"tweenMethod":"linearNone","tween":true,"target":177,"key":"x","index":240},{"value":305,"tweenMethod":"linearNone","tween":true,"target":177,"key":"x","index":255},{"value":305,"tweenMethod":"linearNone","tween":true,"target":177,"label":null,"key":"x","index":340},{"value":274,"tweenMethod":"linearNone","tween":true,"target":177,"label":null,"key":"x","index":370}],"rotation":[{"value":0,"tweenMethod":"linearNone","tween":true,"target":177,"key":"rotation","index":0},{"value":0,"tweenMethod":"linearNone","tween":true,"target":177,"key":"rotation","index":240},{"value":17,"tweenMethod":"linearNone","tween":true,"target":177,"key":"rotation","index":255},{"value":17,"tweenMethod":"linearNone","tween":true,"target":177,"label":null,"key":"rotation","index":340},{"value":0,"tweenMethod":"linearNone","tween":true,"target":177,"label":null,"key":"rotation","index":370}]}},{"target":174,"keyframes":{"rotation":[{"value":0,"tweenMethod":"linearNone","tween":true,"target":174,"key":"rotation","index":0},{"value":0,"tweenMethod":"linearNone","tween":true,"target":174,"key":"rotation","index":240},{"value":-134,"tweenMethod":"linearNone","tween":true,"target":174,"key":"rotation","index":255},{"value":-134,"tweenMethod":"linearNone","tween":true,"target":174,"label":null,"key":"rotation","index":340},{"value":0,"tweenMethod":"linearNone","tween":true,"target":174,"label":null,"key":"rotation","index":370}]}},{"target":172,"keyframes":{"zOrder":[{"value":95,"tweenMethod":"linearNone","tween":true,"target":172,"key":"zOrder","index":0}],"y":[{"value":331,"tweenMethod":"linearNone","tween":true,"target":172,"key":"y","index":0},{"value":340,"tweenMethod":"linearNone","tween":true,"target":172,"key":"y","index":255}],"x":[{"value":217,"tweenMethod":"linearNone","tween":true,"target":172,"key":"x","index":0},{"value":218.5,"tweenMethod":"linearNone","tween":true,"target":172,"key":"x","index":255}],"rotation":[{"value":0,"tweenMethod":"linearNone","tween":true,"target":172,"key":"rotation","index":0},{"value":0,"tweenMethod":"linearNone","tween":true,"target":172,"key":"rotation","index":240},{"value":-61,"tweenMethod":"linearNone","tween":true,"target":172,"key":"rotation","index":255},{"value":-61,"tweenMethod":"linearNone","tween":true,"target":172,"label":null,"key":"rotation","index":340},{"value":0,"tweenMethod":"linearNone","tween":true,"target":172,"label":null,"key":"rotation","index":370}]}},{"target":168,"keyframes":{"zOrder":[{"value":100,"tweenMethod":"linearNone","tween":true,"target":168,"key":"zOrder","index":0},{"value":100,"tweenMethod":"linearNone","tween":true,"target":168,"label":null,"key":"zOrder","index":90},{"value":99,"tweenMethod":"linearNone","tween":true,"target":168,"label":null,"key":"zOrder","index":240},{"value":101,"tweenMethod":"linearNone","tween":true,"target":168,"key":"zOrder","index":255},{"value":101,"tweenMethod":"linearNone","tween":true,"target":168,"label":null,"key":"zOrder","index":340},{"value":99,"tweenMethod":"linearNone","tween":true,"target":168,"label":null,"key":"zOrder","index":370}],"y":[{"value":443,"tweenMethod":"linearNone","tween":true,"target":168,"key":"y","index":0},{"value":443,"tweenMethod":"linearNone","tween":true,"target":168,"label":null,"key":"y","index":90},{"value":443,"tweenMethod":"linearNone","tween":true,"target":168,"label":null,"key":"y","index":240},{"value":387,"tweenMethod":"linearNone","tween":true,"target":168,"key":"y","index":255},{"value":387,"tweenMethod":"linearNone","tween":true,"target":168,"label":null,"key":"y","index":340},{"value":443,"tweenMethod":"linearNone","tween":true,"target":168,"label":null,"key":"y","index":370}],"x":[{"value":318,"tweenMethod":"linearNone","tween":true,"target":168,"key":"x","index":0},{"value":318,"tweenMethod":"linearNone","tween":true,"target":168,"label":null,"key":"x","index":90},{"value":318,"tweenMethod":"linearNone","tween":true,"target":168,"label":null,"key":"x","index":240},{"value":357.5,"tweenMethod":"linearNone","tween":true,"target":168,"key":"x","index":255},{"value":357.5,"tweenMethod":"linearNone","tween":true,"target":168,"label":null,"key":"x","index":340},{"value":318,"tweenMethod":"linearNone","tween":true,"target":168,"label":null,"key":"x","index":370}],"rotation":[{"value":0,"tweenMethod":"linearNone","tween":true,"target":168,"key":"rotation","index":0},{"value":-115,"tweenMethod":"linearNone","tween":true,"target":168,"key":"rotation","index":30},{"value":-115,"tweenMethod":"linearNone","tween":true,"target":168,"label":null,"key":"rotation","index":60},{"value":0,"tweenMethod":"linearNone","tween":true,"target":168,"label":null,"key":"rotation","index":90},{"value":0,"tweenMethod":"linearNone","tween":true,"target":168,"key":"rotation","index":110},{"value":40,"tweenMethod":"linearNone","tween":true,"target":168,"key":"rotation","index":130},{"value":40,"tweenMethod":"linearNone","tween":true,"target":168,"label":null,"key":"rotation","index":160},{"value":0,"tweenMethod":"linearNone","tween":true,"target":168,"key":"rotation","index":180},{"value":0,"tweenMethod":"linearNone","tween":true,"target":168,"label":null,"key":"rotation","index":195},{"value":0,"tweenMethod":"linearNone","tween":true,"target":168,"key":"rotation","index":210},{"value":0,"tweenMethod":"linearNone","tween":true,"target":168,"label":null,"key":"rotation","index":240},{"value":-135,"tweenMethod":"linearNone","tween":true,"target":168,"key":"rotation","index":255},{"value":-135,"tweenMethod":"linearNone","tween":true,"target":168,"label":null,"key":"rotation","index":340},{"value":0,"tweenMethod":"linearNone","tween":true,"target":168,"label":null,"key":"rotation","index":370}]}},{"target":170,"keyframes":{"rotation":[{"value":0,"tweenMethod":"linearNone","tween":true,"target":170,"key":"rotation","index":0},{"value":-111,"tweenMethod":"linearNone","tween":true,"target":170,"key":"rotation","index":30},{"value":-111,"tweenMethod":"linearNone","tween":true,"target":170,"label":null,"key":"rotation","index":60},{"value":0,"tweenMethod":"linearNone","tween":true,"target":170,"label":null,"key":"rotation","index":90},{"value":0,"tweenMethod":"linearNone","tween":true,"target":170,"key":"rotation","index":110},{"value":50,"tweenMethod":"linearNone","tween":true,"target":170,"key":"rotation","index":130},{"value":50,"tweenMethod":"linearNone","tween":true,"target":170,"label":null,"key":"rotation","index":160},{"value":0,"tweenMethod":"linearNone","tween":true,"target":170,"key":"rotation","index":180},{"value":0,"tweenMethod":"linearNone","tween":true,"target":170,"label":null,"key":"rotation","index":195},{"value":0,"tweenMethod":"linearNone","tween":true,"target":170,"key":"rotation","index":210},{"value":0,"tweenMethod":"linearNone","tween":true,"target":170,"key":"rotation","index":240},{"value":47,"tweenMethod":"linearNone","tween":true,"target":170,"key":"rotation","index":255},{"value":83,"tweenMethod":"linearNone","tween":true,"target":170,"key":"rotation","index":270},{"value":37,"tweenMethod":"linearNone","tween":true,"target":170,"key":"rotation","index":285},{"value":76,"tweenMethod":"linearNone","tween":true,"target":170,"key":"rotation","index":300},{"value":32,"tweenMethod":"linearNone","tween":true,"target":170,"key":"rotation","index":310},{"value":83,"tweenMethod":"linearNone","tween":true,"target":170,"label":null,"key":"rotation","index":325},{"value":47,"tweenMethod":"linearNone","tween":true,"target":170,"label":null,"key":"rotation","index":340},{"value":0,"tweenMethod":"linearNone","tween":true,"target":170,"label":null,"key":"rotation","index":370}]}},{"target":164,"keyframes":{"zOrder":[{"value":98,"tweenMethod":"linearNone","tween":true,"target":164,"key":"zOrder","index":0}],"rotation":[{"value":0,"tweenMethod":"linearNone","tween":true,"target":164,"key":"rotation","index":0}]}},{"target":152,"keyframes":{"y":[{"value":152,"tweenMethod":"linearNone","tween":true,"target":152,"key":"y","index":0},{"value":163.5,"tweenMethod":"linearNone","tween":true,"target":152,"key":"y","index":30},{"value":163.5,"tweenMethod":"linearNone","tween":true,"target":152,"label":null,"key":"y","index":60},{"value":175,"tweenMethod":"linearNone","tween":true,"target":152,"key":"y","index":95},{"value":175,"tweenMethod":"linearNone","tween":true,"target":152,"label":null,"key":"y","index":105},{"value":168,"tweenMethod":"linearNone","tween":true,"target":152,"key":"y","index":130},{"value":168,"tweenMethod":"linearNone","tween":true,"target":152,"key":"y","index":160},{"value":152,"tweenMethod":"linearNone","tween":true,"target":152,"label":null,"key":"y","index":180},{"value":152,"tweenMethod":"linearNone","tween":true,"target":152,"label":null,"key":"y","index":195},{"value":163.5,"tweenMethod":"linearNone","tween":true,"target":152,"key":"y","index":225}],"x":[{"value":380,"tweenMethod":"linearNone","tween":true,"target":152,"key":"x","index":0},{"value":374.5,"tweenMethod":"linearNone","tween":true,"target":152,"key":"x","index":30},{"value":374.5,"tweenMethod":"linearNone","tween":true,"target":152,"label":null,"key":"x","index":60},{"value":360,"tweenMethod":"linearNone","tween":true,"target":152,"key":"x","index":95},{"value":360,"tweenMethod":"linearNone","tween":true,"target":152,"label":null,"key":"x","index":105},{"value":367,"tweenMethod":"linearNone","tween":true,"target":152,"key":"x","index":130},{"value":367,"tweenMethod":"linearNone","tween":true,"target":152,"key":"x","index":160},{"value":380,"tweenMethod":"linearNone","tween":true,"target":152,"label":null,"key":"x","index":180},{"value":380,"tweenMethod":"linearNone","tween":true,"target":152,"label":null,"key":"x","index":195},{"value":374.5,"tweenMethod":"linearNone","tween":true,"target":152,"key":"x","index":225}],"rotation":[{"value":0,"tweenMethod":"linearNone","tween":true,"target":152,"key":"rotation","index":0},{"value":26,"tweenMethod":"linearNone","tween":true,"target":152,"key":"rotation","index":30},{"value":26,"tweenMethod":"linearNone","tween":true,"target":152,"label":null,"key":"rotation","index":60},{"value":0,"tweenMethod":"linearNone","tween":true,"target":152,"key":"rotation","index":90},{"value":-24,"tweenMethod":"linearNone","tween":true,"target":152,"key":"rotation","index":95},{"value":8,"tweenMethod":"linearNone","tween":true,"target":152,"label":null,"key":"rotation","index":100},{"value":-24,"tweenMethod":"linearNone","tween":true,"target":152,"label":null,"key":"rotation","index":105},{"value":0,"tweenMethod":"linearNone","tween":true,"target":152,"label":null,"key":"rotation","index":110},{"value":27,"tweenMethod":"linearNone","tween":true,"target":152,"key":"rotation","index":130},{"value":27,"tweenMethod":"linearNone","tween":true,"target":152,"label":null,"key":"rotation","index":160},{"value":1,"tweenMethod":"linearNone","tween":true,"target":152,"key":"rotation","index":180},{"value":1,"tweenMethod":"linearNone","tween":true,"target":152,"label":null,"key":"rotation","index":195},{"value":11,"tweenMethod":"linearNone","tween":true,"target":152,"key":"rotation","index":210},{"value":-14,"tweenMethod":"linearNone","tween":true,"target":152,"key":"rotation","index":225},{"value":0,"tweenMethod":"linearNone","tween":true,"target":152,"key":"rotation","index":240}]}},{"target":154,"keyframes":{"y":[{"value":144,"tweenMethod":"linearNone","tween":true,"target":154,"key":"y","index":0},{"value":162.5,"tweenMethod":"linearNone","tween":true,"target":154,"key":"y","index":30},{"value":162.5,"tweenMethod":"linearNone","tween":true,"target":154,"label":null,"key":"y","index":60},{"value":160.5,"tweenMethod":"linearNone","tween":true,"target":154,"key":"y","index":95},{"value":160.5,"tweenMethod":"linearNone","tween":true,"target":154,"label":null,"key":"y","index":105},{"value":160,"tweenMethod":"linearNone","tween":true,"target":154,"key":"y","index":130},{"value":160,"tweenMethod":"linearNone","tween":true,"target":154,"key":"y","index":160},{"value":144,"tweenMethod":"linearNone","tween":true,"target":154,"label":null,"key":"y","index":180},{"value":144,"tweenMethod":"linearNone","tween":true,"target":154,"label":null,"key":"y","index":195},{"value":152,"tweenMethod":"linearNone","tween":true,"target":154,"key":"y","index":210},{"value":162.5,"tweenMethod":"linearNone","tween":true,"target":154,"key":"y","index":225}],"x":[{"value":120,"tweenMethod":"linearNone","tween":true,"target":154,"key":"x","index":0},{"value":130.5,"tweenMethod":"linearNone","tween":true,"target":154,"key":"x","index":30},{"value":130.5,"tweenMethod":"linearNone","tween":true,"target":154,"label":null,"key":"x","index":60},{"value":137.5,"tweenMethod":"linearNone","tween":true,"target":154,"key":"x","index":95},{"value":137.5,"tweenMethod":"linearNone","tween":true,"target":154,"label":null,"key":"x","index":105},{"value":135,"tweenMethod":"linearNone","tween":true,"target":154,"key":"x","index":130},{"value":135,"tweenMethod":"linearNone","tween":true,"target":154,"key":"x","index":160},{"value":120,"tweenMethod":"linearNone","tween":true,"target":154,"label":null,"key":"x","index":180},{"value":120,"tweenMethod":"linearNone","tween":true,"target":154,"label":null,"key":"x","index":195},{"value":122,"tweenMethod":"linearNone","tween":true,"target":154,"key":"x","index":210}],"rotation":[{"value":0,"tweenMethod":"linearNone","tween":true,"target":154,"key":"rotation","index":0},{"value":-31,"tweenMethod":"linearNone","tween":true,"target":154,"key":"rotation","index":30},{"value":-31,"tweenMethod":"linearNone","tween":true,"target":154,"label":null,"key":"rotation","index":60},{"value":0,"tweenMethod":"linearNone","tween":true,"target":154,"key":"rotation","index":90},{"value":22,"tweenMethod":"linearNone","tween":true,"target":154,"key":"rotation","index":95},{"value":-11,"tweenMethod":"linearNone","tween":true,"target":154,"label":null,"key":"rotation","index":100},{"value":22,"tweenMethod":"linearNone","tween":true,"target":154,"label":null,"key":"rotation","index":105},{"value":0,"tweenMethod":"linearNone","tween":true,"target":154,"label":null,"key":"rotation","index":110},{"value":-32,"tweenMethod":"linearNone","tween":true,"target":154,"key":"rotation","index":130},{"value":-32,"tweenMethod":"linearNone","tween":true,"target":154,"label":null,"key":"rotation","index":160},{"value":0,"tweenMethod":"linearNone","tween":true,"target":154,"label":null,"key":"rotation","index":180},{"value":0,"tweenMethod":"linearNone","tween":true,"target":154,"label":null,"key":"rotation","index":195},{"value":11,"tweenMethod":"linearNone","tween":true,"target":154,"key":"rotation","index":210},{"value":-20,"tweenMethod":"linearNone","tween":true,"target":154,"key":"rotation","index":225},{"value":0,"tweenMethod":"linearNone","tween":true,"target":154,"key":"rotation","index":240}]}},{"target":156,"keyframes":{"scaleY":[{"value":1,"tweenMethod":"linearNone","tween":true,"target":156,"key":"scaleY","index":0},{"value":1,"tweenMethod":"linearNone","tween":true,"target":156,"key":"scaleY","index":37},{"value":0,"tweenMethod":"linearNone","tween":true,"target":156,"key":"scaleY","index":40},{"value":1,"tweenMethod":"linearNone","tween":true,"target":156,"key":"scaleY","index":43},{"value":1,"tweenMethod":"linearNone","tween":true,"target":156,"key":"scaleY","index":135},{"value":0,"tweenMethod":"linearNone","tween":true,"target":156,"key":"scaleY","index":137},{"value":1,"tweenMethod":"linearNone","tween":true,"target":156,"key":"scaleY","index":139}]}},{"target":158,"keyframes":{"scaleY":[{"value":1,"tweenMethod":"linearNone","tween":true,"target":158,"key":"scaleY","index":0},{"value":1,"tweenMethod":"linearNone","tween":true,"target":158,"key":"scaleY","index":37},{"value":0,"tweenMethod":"linearNone","tween":true,"target":158,"key":"scaleY","index":40},{"value":1,"tweenMethod":"linearNone","tween":true,"target":158,"key":"scaleY","index":43},{"value":1,"tweenMethod":"linearNone","tween":true,"target":158,"key":"scaleY","index":135},{"value":0,"tweenMethod":"linearNone","tween":true,"target":158,"key":"scaleY","index":137},{"value":1,"tweenMethod":"linearNone","tween":true,"target":158,"key":"scaleY","index":139}]}},{"target":162,"keyframes":{"scaleY":[{"value":1,"tweenMethod":"linearNone","tween":true,"target":162,"key":"scaleY","index":0},{"value":1,"tweenMethod":"linearNone","tween":true,"target":162,"key":"scaleY","index":48},{"value":0.7,"tweenMethod":"linearNone","tween":true,"target":162,"key":"scaleY","index":53},{"value":1,"tweenMethod":"linearNone","tween":true,"target":162,"key":"scaleY","index":58},{"value":1,"tweenMethod":"linearNone","tween":true,"target":162,"key":"scaleY","index":145},{"value":0.7,"tweenMethod":"linearNone","tween":true,"target":162,"key":"scaleY","index":150},{"value":1,"tweenMethod":"linearNone","tween":true,"target":162,"key":"scaleY","index":160}],"scaleX":[{"value":1,"tweenMethod":"linearNone","tween":true,"target":162,"key":"scaleX","index":0},{"value":1,"tweenMethod":"linearNone","tween":true,"target":162,"key":"scaleX","index":48},{"value":0.7,"tweenMethod":"linearNone","tween":true,"target":162,"key":"scaleX","index":53},{"value":1,"tweenMethod":"linearNone","tween":true,"target":162,"key":"scaleX","index":58},{"value":1,"tweenMethod":"linearNone","tween":true,"target":162,"key":"scaleX","index":145},{"value":0.7,"tweenMethod":"linearNone","tween":true,"target":162,"key":"scaleX","index":150},{"value":1,"tweenMethod":"linearNone","tween":true,"target":162,"key":"scaleX","index":160}]}},{"target":166,"keyframes":{"rotation":[{"value":0,"tweenMethod":"linearNone","tween":true,"target":166,"key":"rotation","index":0},{"value":-31,"tweenMethod":"linearNone","tween":true,"target":166,"key":"rotation","index":30},{"value":-2,"tweenMethod":"linearNone","tween":true,"target":166,"key":"rotation","index":43},{"value":-31,"tweenMethod":"linearNone","tween":true,"target":166,"label":null,"key":"rotation","index":60},{"value":0,"tweenMethod":"linearNone","tween":true,"target":166,"key":"rotation","index":90},{"value":0,"tweenMethod":"linearNone","tween":true,"target":166,"key":"rotation","index":110},{"value":20,"tweenMethod":"linearNone","tween":true,"target":166,"key":"rotation","index":130},{"value":20,"tweenMethod":"linearNone","tween":true,"target":166,"key":"rotation","index":160},{"value":0,"tweenMethod":"linearNone","tween":true,"target":166,"key":"rotation","index":180},{"value":0,"tweenMethod":"linearNone","tween":true,"target":166,"label":null,"key":"rotation","index":195},{"value":-25,"tweenMethod":"linearNone","tween":true,"target":166,"key":"rotation","index":210},{"value":0,"tweenMethod":"linearNone","tween":true,"target":166,"key":"rotation","index":240},{"value":0,"tweenMethod":"linearNone","tween":true,"target":166,"key":"rotation","index":255},{"value":-20,"tweenMethod":"linearNone","tween":true,"target":166,"key":"rotation","index":270},{"value":0,"tweenMethod":"linearNone","tween":true,"target":166,"key":"rotation","index":285},{"value":-20,"tweenMethod":"linearNone","tween":true,"target":166,"key":"rotation","index":300},{"value":0,"tweenMethod":"linearNone","tween":true,"target":166,"key":"rotation","index":310},{"value":-20,"tweenMethod":"linearNone","tween":true,"target":166,"key":"rotation","index":325},{"value":0,"tweenMethod":"linearNone","tween":true,"target":166,"key":"rotation","index":340}]}}],"name":"action1_0","id":1,"frameRate":60,"action":0}],"loadList":["Frame/UI/ui_orthogon_white.png","Game/UI/GameScene/Level11/tuimask.png","Game/UI/GameScene/Level11/tui.png","Game/UI/GameScene/Level11/shoubimask.png","Game/UI/GameScene/Level11/shoubi.png","Game/UI/GameScene/Level11/yifumask.png","Game/UI/GameScene/Level11/yifu.png","Game/UI/GameScene/Level11/kouzimask.png","Game/UI/GameScene/Level11/kouzi.png","Game/UI/GameScene/Level11/erduomask.png","Game/UI/GameScene/Level11/erduo.png","Game/UI/GameScene/Level11/lianmask.png","Game/UI/GameScene/Level11/lian.png","Game/UI/GameScene/Level11/fajimask.png","Game/UI/GameScene/Level11/faji.png","Game/UI/GameScene/Level11/zouwenmask.png","Game/UI/GameScene/Level11/zouwen.png","Game/UI/GameScene/Level11/toufamask.png","Game/UI/GameScene/Level11/toufa.png","Game/UI/GameScene/Level11/bizimask.png","Game/UI/GameScene/Level11/bizi.png","Game/UI/GameScene/Level11/yanjingmask.png","Game/UI/GameScene/Level11/yanjing.png","Game/UI/GameScene/Level11/zuimask.png","Game/UI/GameScene/Level11/zui.png"],"loadList3D":[]}