{"type":"View","props":{"width":720,"height":1280},"compId":2,"child":[{"type":"Image","props":{"y":0,"x":0,"width":720,"var":"Background","skin":"Game/UI/Common/d2.png","sizeGrid":"16,15,18,8","name":"Background","height":1280},"compId":11},{"type":"Image","props":{"y":0,"x":0,"width":720,"var":"DrawingBoard","skin":"Frame/UI/ui_orthogon_white.png","sizeGrid":"13,14,16,16","rotation":0,"name":"DrawingBoard","height":1200},"compId":213,"child":[{"type":"Image","props":{"y":78,"x":0,"width":720,"var":"DrawRoot","name":"DrawRoot","height":626},"compId":13,"child":[{"type":"Image","props":{"y":580,"x":360,"width":685,"rotation":0,"pivotY":459,"pivotX":343,"name":"Yu","height":459},"compId":178,"child":[{"type":"Image","props":{"zOrder":95,"y":235,"x":389,"width":445,"var":"Draw2","skin":"Game/UI/GameScene/Level4/shenzimask.png","pivotY":158,"pivotX":223,"name":"Draw2","height":316},"compId":191,"child":[{"type":"Sprite","props":{"y":0,"x":0,"texture":"Game/UI/GameScene/Level4/shenzi.png","name":"Pic"},"compId":193},{"type":"Image","props":{"y":0,"x":0,"skin":"Game/UI/GameScene/Level4/shenzimask.png","renderType":"mask"},"compId":192}]},{"type":"Image","props":{"zOrder":96,"y":208,"x":201,"width":188,"var":"Draw3","skin":"Game/UI/GameScene/Level4/yibamask.png","pivotY":147,"pivotX":168,"name":"Draw3","height":251},"compId":195,"child":[{"type":"Image","props":{"y":0,"x":0,"skin":"Game/UI/GameScene/Level4/yibamask.png","renderType":"mask"},"compId":196},{"type":"Image","props":{"skin":"Game/UI/GameScene/Level4/yiba.png","name":"Pic"},"compId":197}]},{"type":"Image","props":{"zOrder":97,"y":120,"x":403,"width":155,"var":"Draw5","skin":"Game/UI/GameScene/Level4/yuqimask.png","pivotY":122,"pivotX":78,"height":141},"compId":198,"child":[{"type":"Image","props":{"y":0,"x":0,"skin":"Game/UI/GameScene/Level4/yuqimask.png","renderType":"mask"},"compId":199},{"type":"Image","props":{"skin":"Game/UI/GameScene/Level4/yuqi.png","name":"Pic"},"compId":200}]},{"type":"Image","props":{"zOrder":100,"y":205,"x":434,"width":49,"skin":"Game/UI/GameScene/Level4/yajnzhuzi.png","pivotY":25,"pivotX":25,"name":"Eye1","height":50},"compId":201},{"type":"Image","props":{"zOrder":100,"y":205,"x":521,"width":49,"skin":"Game/UI/GameScene/Level4/yajnzhuzi.png","pivotY":25,"pivotX":25,"name":"Eye2","height":50},"compId":202},{"type":"Image","props":{"zOrder":98,"y":296,"x":481,"width":159,"var":"Draw1","skin":"Game/UI/GameScene/Level4/zuimask.png","pivotY":61,"pivotX":80,"name":"Draw1","height":121},"compId":203,"child":[{"type":"Image","props":{"y":0,"x":0,"skin":"Game/UI/GameScene/Level4/zui.png","name":"Pic"},"compId":205},{"type":"Image","props":{"y":0,"x":0,"skin":"Game/UI/GameScene/Level4/zuimask.png","renderType":"mask"},"compId":204}]},{"type":"Image","props":{"zOrder":99,"y":280,"x":316,"width":145,"var":"Draw4","skin":"Game/UI/GameScene/Level4/fuqimask.png","pivotY":31,"pivotX":89,"name":"Draw4","height":160},"compId":206,"child":[{"type":"Image","props":{"y":15,"x":18.5,"width":108,"skin":"Game/UI/GameScene/Level4/fuqimask.png","height":130},"compId":210},{"type":"Image","props":{"y":0,"x":0,"skin":"Game/UI/GameScene/Level4/fuqi.png","name":"Pic"},"compId":208},{"type":"Image","props":{"y":0,"x":0,"skin":"Game/UI/GameScene/Level4/fuqimask.png","renderType":"mask"},"compId":207}]}]}]}]}],"animations":[{"nodes":[{"target":178,"keyframes":{"y":[{"value":351,"tweenMethod":"linearNone","tween":true,"target":178,"key":"y","index":0},{"value":400,"tweenMethod":"linearNone","tween":true,"target":178,"key":"y","index":20},{"value":351,"tweenMethod":"linearNone","tween":true,"target":178,"label":null,"key":"y","index":40},{"value":400,"tweenMethod":"linearNone","tween":true,"target":178,"label":null,"key":"y","index":60},{"value":351,"tweenMethod":"linearNone","tween":true,"target":178,"label":null,"key":"y","index":80},{"value":524,"tweenMethod":"linearNone","tween":true,"target":178,"key":"y","index":100},{"value":491,"tweenMethod":"linearNone","tween":true,"target":178,"label":null,"key":"y","index":120},{"value":434,"tweenMethod":"linearNone","tween":true,"target":178,"label":null,"key":"y","index":290},{"value":434,"tweenMethod":"linearNone","tween":true,"target":178,"key":"y","index":360},{"value":400,"tweenMethod":"linearNone","tween":true,"target":178,"label":null,"key":"y","index":480},{"value":371,"tweenMethod":"linearNone","tween":true,"target":178,"label":null,"key":"y","index":500},{"value":351,"tweenMethod":"linearNone","tween":true,"target":178,"label":null,"key":"y","index":510}],"x":[{"value":376,"tweenMethod":"linearNone","tween":true,"target":178,"key":"x","index":0},{"value":376,"tweenMethod":"linearNone","tween":true,"target":178,"label":null,"key":"x","index":40},{"value":376,"tweenMethod":"linearNone","tween":true,"target":178,"label":null,"key":"x","index":80},{"value":367,"tweenMethod":"linearNone","tween":true,"target":178,"key":"x","index":100},{"value":367,"tweenMethod":"linearNone","tween":true,"target":178,"label":null,"key":"x","index":120},{"value":360,"tweenMethod":"linearNone","tween":true,"target":178,"label":null,"key":"x","index":290},{"value":360,"tweenMethod":"linearNone","tween":true,"target":178,"key":"x","index":360},{"value":376,"tweenMethod":"linearNone","tween":true,"target":178,"label":null,"key":"x","index":500},{"value":376,"tweenMethod":"linearNone","tween":true,"target":178,"label":null,"key":"x","index":510}],"width":[{"value":685,"tweenMethod":"linearNone","tween":true,"target":178,"key":"width","index":0},{"value":685,"tweenMethod":"linearNone","tween":true,"target":178,"label":null,"key":"width","index":40},{"value":685,"tweenMethod":"linearNone","tween":true,"target":178,"label":null,"key":"width","index":80},{"value":685,"tweenMethod":"linearNone","tween":true,"target":178,"label":null,"key":"width","index":500},{"value":685,"tweenMethod":"linearNone","tween":true,"target":178,"label":null,"key":"width","index":510}],"scaleY":[{"value":1,"tweenMethod":"linearNone","tween":true,"target":178,"key":"scaleY","index":0},{"value":1,"tweenMethod":"linearNone","tween":true,"target":178,"label":null,"key":"scaleY","index":40},{"value":1,"tweenMethod":"linearNone","tween":true,"target":178,"label":null,"key":"scaleY","index":80},{"value":0.5,"tweenMethod":"linearNone","tween":true,"target":178,"key":"scaleY","index":100},{"value":0.5,"tweenMethod":"linearNone","tween":true,"target":178,"label":null,"key":"scaleY","index":120},{"value":0.5,"tweenMethod":"linearNone","tween":true,"target":178,"key":"scaleY","index":240},{"value":0.5,"tweenMethod":"linearNone","tween":true,"target":178,"label":null,"key":"scaleY","index":290},{"value":0.5,"tweenMethod":"linearNone","tween":true,"target":178,"key":"scaleY","index":460},{"value":0.5,"tweenMethod":"linearNone","tween":true,"target":178,"key":"scaleY","index":480},{"value":1,"tweenMethod":"linearNone","tween":true,"target":178,"label":null,"key":"scaleY","index":500},{"value":1,"tweenMethod":"linearNone","tween":true,"target":178,"label":null,"key":"scaleY","index":510}],"scaleX":[{"value":1,"tweenMethod":"linearNone","tween":true,"target":178,"key":"scaleX","index":0},{"value":1,"tweenMethod":"linearNone","tween":true,"target":178,"label":null,"key":"scaleX","index":40},{"value":1,"tweenMethod":"linearNone","tween":true,"target":178,"label":null,"key":"scaleX","index":80},{"value":0.5,"tweenMethod":"linearNone","tween":true,"target":178,"key":"scaleX","index":100},{"value":0.5,"tweenMethod":"linearNone","tween":true,"target":178,"label":null,"key":"scaleX","index":120},{"value":0.5,"tweenMethod":"linearNone","tween":true,"target":178,"key":"scaleX","index":240},{"value":0.5,"tweenMethod":"linearNone","tween":true,"target":178,"key":"scaleX","index":245},{"value":0.5,"tweenMethod":"linearNone","tween":true,"target":178,"label":null,"key":"scaleX","index":290},{"value":0.5,"tweenMethod":"linearNone","tween":true,"target":178,"key":"scaleX","index":460},{"value":0.5,"tweenMethod":"linearNone","tween":true,"target":178,"key":"scaleX","index":480},{"value":1,"tweenMethod":"linearNone","tween":true,"target":178,"label":null,"key":"scaleX","index":500},{"value":1,"tweenMethod":"linearNone","tween":true,"target":178,"label":null,"key":"scaleX","index":510}],"rotation":[{"value":0,"tweenMethod":"linearNone","tween":true,"target":178,"key":"rotation","index":0},{"value":0,"tweenMethod":"linearNone","tween":true,"target":178,"label":null,"key":"rotation","index":40},{"value":0,"tweenMethod":"linearNone","tween":true,"target":178,"label":null,"key":"rotation","index":80},{"value":0,"tweenMethod":"linearNone","tween":true,"target":178,"key":"rotation","index":100},{"value":0,"tweenMethod":"linearNone","tween":true,"target":178,"label":null,"key":"rotation","index":120},{"value":360,"tweenMethod":"linearNone","tween":true,"target":178,"key":"rotation","index":240},{"value":720,"tweenMethod":"linearNone","tween":true,"target":178,"label":null,"key":"rotation","index":290},{"value":1260,"tweenMethod":"linearNone","tween":true,"target":178,"key":"rotation","index":360},{"value":1440,"tweenMethod":"linearNone","tween":true,"target":178,"key":"rotation","index":460},{"value":1432,"tweenMethod":"linearNone","tween":true,"target":178,"key":"rotation","index":480},{"value":1440,"tweenMethod":"linearNone","tween":true,"target":178,"label":null,"key":"rotation","index":500},{"value":1440,"tweenMethod":"linearNone","tween":true,"target":178,"label":null,"key":"rotation","index":510}],"pivotY":[{"value":230,"tweenMethod":"linearNone","tween":true,"target":178,"key":"pivotY","index":0},{"value":230,"tweenMethod":"linearNone","tween":true,"target":178,"label":null,"key":"pivotY","index":40},{"value":230,"tweenMethod":"linearNone","tween":true,"target":178,"label":null,"key":"pivotY","index":80},{"value":658,"tweenMethod":"linearNone","tween":true,"target":178,"key":"pivotY","index":100},{"value":658,"tweenMethod":"linearNone","tween":true,"target":178,"label":null,"key":"pivotY","index":120},{"value":557,"tweenMethod":"linearNone","tween":true,"target":178,"label":null,"key":"pivotY","index":290},{"value":557,"tweenMethod":"linearNone","tween":true,"target":178,"key":"pivotY","index":360},{"value":230,"tweenMethod":"linearNone","tween":true,"target":178,"label":null,"key":"pivotY","index":500},{"value":230,"tweenMethod":"linearNone","tween":true,"target":178,"label":null,"key":"pivotY","index":510}],"pivotX":[{"value":359,"tweenMethod":"linearNone","tween":true,"target":178,"key":"pivotX","index":0},{"value":359,"tweenMethod":"linearNone","tween":true,"target":178,"label":null,"key":"pivotX","index":40},{"value":359,"tweenMethod":"linearNone","tween":true,"target":178,"label":null,"key":"pivotX","index":80},{"value":343,"tweenMethod":"linearNone","tween":true,"target":178,"key":"pivotX","index":100},{"value":343,"tweenMethod":"linearNone","tween":true,"target":178,"label":null,"key":"pivotX","index":120},{"value":343,"tweenMethod":"linearNone","tween":true,"target":178,"label":null,"key":"pivotX","index":290},{"value":343,"tweenMethod":"linearNone","tween":true,"target":178,"key":"pivotX","index":360},{"value":359,"tweenMethod":"linearNone","tween":true,"target":178,"label":null,"key":"pivotX","index":500},{"value":359,"tweenMethod":"linearNone","tween":true,"target":178,"label":null,"key":"pivotX","index":510}]}},{"target":195,"keyframes":{"y":[{"value":208,"tweenMethod":"linearNone","tween":true,"target":195,"key":"y","index":0},{"value":208,"tweenMethod":"linearNone","tween":true,"target":195,"label":null,"key":"y","index":80},{"value":208,"tweenMethod":"linearNone","tween":true,"target":195,"label":null,"key":"y","index":510}],"x":[{"value":201,"tweenMethod":"linearNone","tween":true,"target":195,"key":"x","index":0},{"value":201,"tweenMethod":"linearNone","tween":true,"target":195,"label":null,"key":"x","index":80},{"value":201,"tweenMethod":"linearNone","tween":true,"target":195,"label":null,"key":"x","index":510}],"rotation":[{"value":0,"tweenMethod":"linearNone","tween":true,"target":195,"key":"rotation","index":0},{"value":10,"tweenMethod":"linearNone","tween":true,"target":195,"key":"rotation","index":20},{"value":-10,"tweenMethod":"linearNone","tween":true,"target":195,"key":"rotation","index":40},{"value":10,"tweenMethod":"linearNone","tween":true,"target":195,"key":"rotation","index":60},{"value":-10,"tweenMethod":"linearNone","tween":true,"target":195,"label":null,"key":"rotation","index":80},{"value":10,"tweenMethod":"linearNone","tween":true,"target":195,"key":"rotation","index":100},{"value":-40,"tweenMethod":"linearNone","tween":true,"target":195,"label":null,"key":"rotation","index":120},{"value":-20,"tweenMethod":"linearNone","tween":true,"target":195,"key":"rotation","index":140},{"value":40,"tweenMethod":"linearNone","tween":true,"target":195,"key":"rotation","index":160},{"value":-40,"tweenMethod":"linearNone","tween":true,"target":195,"key":"rotation","index":180},{"value":40,"tweenMethod":"linearNone","tween":true,"target":195,"key":"rotation","index":200},{"value":-40,"tweenMethod":"linearNone","tween":true,"target":195,"key":"rotation","index":220},{"value":40,"tweenMethod":"linearNone","tween":true,"target":195,"key":"rotation","index":240},{"value":-40,"tweenMethod":"linearNone","tween":true,"target":195,"key":"rotation","index":245},{"value":40,"tweenMethod":"linearNone","tween":true,"target":195,"key":"rotation","index":250},{"value":-40,"tweenMethod":"linearNone","tween":true,"target":195,"label":null,"key":"rotation","index":255},{"value":40,"tweenMethod":"linearNone","tween":true,"target":195,"label":null,"key":"rotation","index":260},{"value":-40,"tweenMethod":"linearNone","tween":true,"target":195,"label":null,"key":"rotation","index":265},{"value":40,"tweenMethod":"linearNone","tween":true,"target":195,"label":null,"key":"rotation","index":270},{"value":-40,"tweenMethod":"linearNone","tween":true,"target":195,"label":null,"key":"rotation","index":275},{"value":40,"tweenMethod":"linearNone","tween":true,"target":195,"label":null,"key":"rotation","index":280},{"value":-40,"tweenMethod":"linearNone","tween":true,"target":195,"label":null,"key":"rotation","index":285},{"value":40,"tweenMethod":"linearNone","tween":true,"target":195,"label":null,"key":"rotation","index":290},{"value":-40,"tweenMethod":"linearNone","tween":true,"target":195,"label":null,"key":"rotation","index":295},{"value":40,"tweenMethod":"linearNone","tween":true,"target":195,"label":null,"key":"rotation","index":300},{"value":-40,"tweenMethod":"linearNone","tween":true,"target":195,"label":null,"key":"rotation","index":305},{"value":40,"tweenMethod":"linearNone","tween":true,"target":195,"label":null,"key":"rotation","index":310},{"value":-40,"tweenMethod":"linearNone","tween":true,"target":195,"label":null,"key":"rotation","index":315},{"value":40,"tweenMethod":"linearNone","tween":true,"target":195,"label":null,"key":"rotation","index":320},{"value":-40,"tweenMethod":"linearNone","tween":true,"target":195,"label":null,"key":"rotation","index":325},{"value":40,"tweenMethod":"linearNone","tween":true,"target":195,"label":null,"key":"rotation","index":330},{"value":-40,"tweenMethod":"linearNone","tween":true,"target":195,"label":null,"key":"rotation","index":335},{"value":40,"tweenMethod":"linearNone","tween":true,"target":195,"label":null,"key":"rotation","index":340},{"value":-40,"tweenMethod":"linearNone","tween":true,"target":195,"label":null,"key":"rotation","index":345},{"value":40,"tweenMethod":"linearNone","tween":true,"target":195,"label":null,"key":"rotation","index":350},{"value":-40,"tweenMethod":"linearNone","tween":true,"target":195,"label":null,"key":"rotation","index":355},{"value":40,"tweenMethod":"linearNone","tween":true,"target":195,"label":null,"key":"rotation","index":360},{"value":-30,"tweenMethod":"linearNone","tween":true,"target":195,"key":"rotation","index":380},{"value":30,"tweenMethod":"linearNone","tween":true,"target":195,"label":null,"key":"rotation","index":400},{"value":-30,"tweenMethod":"linearNone","tween":true,"target":195,"label":null,"key":"rotation","index":420},{"value":30,"tweenMethod":"linearNone","tween":true,"target":195,"label":null,"key":"rotation","index":440},{"value":-20,"tweenMethod":"linearNone","tween":true,"target":195,"label":null,"key":"rotation","index":460},{"value":10,"tweenMethod":"linearNone","tween":true,"target":195,"label":null,"key":"rotation","index":480},{"value":-10,"tweenMethod":"linearNone","tween":true,"target":195,"label":null,"key":"rotation","index":500},{"value":0,"tweenMethod":"linearNone","tween":true,"target":195,"label":null,"key":"rotation","index":510}]}},{"target":198,"keyframes":{"rotation":[{"value":0,"tweenMethod":"linearNone","tween":true,"target":198,"key":"rotation","index":0},{"value":0,"tweenMethod":"linearNone","tween":true,"target":198,"label":null,"key":"rotation","index":80},{"value":10,"tweenMethod":"linearNone","tween":true,"target":198,"key":"rotation","index":100},{"value":10,"tweenMethod":"linearNone","tween":true,"target":198,"label":null,"key":"rotation","index":120},{"value":10,"tweenMethod":"linearNone","tween":true,"target":198,"key":"rotation","index":140},{"value":10,"tweenMethod":"linearNone","tween":true,"target":198,"key":"rotation","index":160},{"value":-10,"tweenMethod":"linearNone","tween":true,"target":198,"key":"rotation","index":180},{"value":10,"tweenMethod":"linearNone","tween":true,"target":198,"key":"rotation","index":200},{"value":-10,"tweenMethod":"linearNone","tween":true,"target":198,"key":"rotation","index":220},{"value":10,"tweenMethod":"linearNone","tween":true,"target":198,"key":"rotation","index":240},{"value":-10,"tweenMethod":"linearNone","tween":true,"target":198,"key":"rotation","index":245},{"value":10,"tweenMethod":"linearNone","tween":true,"target":198,"key":"rotation","index":250},{"value":-10,"tweenMethod":"linearNone","tween":true,"target":198,"key":"rotation","index":255},{"value":10,"tweenMethod":"linearNone","tween":true,"target":198,"key":"rotation","index":260},{"value":-10,"tweenMethod":"linearNone","tween":true,"target":198,"key":"rotation","index":265},{"value":10,"tweenMethod":"linearNone","tween":true,"target":198,"key":"rotation","index":270},{"value":-10,"tweenMethod":"linearNone","tween":true,"target":198,"key":"rotation","index":275},{"value":10,"tweenMethod":"linearNone","tween":true,"target":198,"key":"rotation","index":280},{"value":-10,"tweenMethod":"linearNone","tween":true,"target":198,"key":"rotation","index":285},{"value":10,"tweenMethod":"linearNone","tween":true,"target":198,"key":"rotation","index":290},{"value":-10,"tweenMethod":"linearNone","tween":true,"target":198,"key":"rotation","index":295},{"value":10,"tweenMethod":"linearNone","tween":true,"target":198,"key":"rotation","index":300},{"value":-10,"tweenMethod":"linearNone","tween":true,"target":198,"key":"rotation","index":305},{"value":10,"tweenMethod":"linearNone","tween":true,"target":198,"key":"rotation","index":310},{"value":-10,"tweenMethod":"linearNone","tween":true,"target":198,"key":"rotation","index":315},{"value":10,"tweenMethod":"linearNone","tween":true,"target":198,"key":"rotation","index":320},{"value":-10,"tweenMethod":"linearNone","tween":true,"target":198,"key":"rotation","index":325},{"value":10,"tweenMethod":"linearNone","tween":true,"target":198,"key":"rotation","index":330},{"value":-10,"tweenMethod":"linearNone","tween":true,"target":198,"key":"rotation","index":335},{"value":10,"tweenMethod":"linearNone","tween":true,"target":198,"key":"rotation","index":340},{"value":-10,"tweenMethod":"linearNone","tween":true,"target":198,"key":"rotation","index":345},{"value":10,"tweenMethod":"linearNone","tween":true,"target":198,"key":"rotation","index":350},{"value":-10,"tweenMethod":"linearNone","tween":true,"target":198,"key":"rotation","index":355},{"value":10,"tweenMethod":"linearNone","tween":true,"target":198,"key":"rotation","index":360},{"value":-10,"tweenMethod":"linearNone","tween":true,"target":198,"key":"rotation","index":380},{"value":-10,"tweenMethod":"linearNone","tween":true,"target":198,"key":"rotation","index":400},{"value":10,"tweenMethod":"linearNone","tween":true,"target":198,"key":"rotation","index":420},{"value":-10,"tweenMethod":"linearNone","tween":true,"target":198,"key":"rotation","index":440},{"value":10,"tweenMethod":"linearNone","tween":true,"target":198,"key":"rotation","index":460},{"value":0,"tweenMethod":"linearNone","tween":true,"target":198,"key":"rotation","index":480},{"value":0,"tweenMethod":"linearNone","tween":true,"target":198,"key":"rotation","index":500},{"value":0,"tweenMethod":"linearNone","tween":true,"target":198,"label":null,"key":"rotation","index":510}]}},{"target":206,"keyframes":{"rotation":[{"value":0,"tweenMethod":"linearNone","tween":true,"target":206,"key":"rotation","index":0},{"value":-10,"tweenMethod":"linearNone","tween":true,"target":206,"key":"rotation","index":20},{"value":5,"tweenMethod":"linearNone","tween":true,"target":206,"key":"rotation","index":40},{"value":-10,"tweenMethod":"linearNone","tween":true,"target":206,"key":"rotation","index":60},{"value":10,"tweenMethod":"linearNone","tween":true,"target":206,"label":null,"key":"rotation","index":80},{"value":-10,"tweenMethod":"linearNone","tween":true,"target":206,"key":"rotation","index":100},{"value":-50,"tweenMethod":"linearNone","tween":true,"target":206,"label":null,"key":"rotation","index":120},{"value":30,"tweenMethod":"linearNone","tween":true,"target":206,"key":"rotation","index":140},{"value":30,"tweenMethod":"linearNone","tween":true,"target":206,"label":null,"key":"rotation","index":160},{"value":30,"tweenMethod":"linearNone","tween":true,"target":206,"label":null,"key":"rotation","index":180},{"value":30,"tweenMethod":"linearNone","tween":true,"target":206,"label":null,"key":"rotation","index":200},{"value":30,"tweenMethod":"linearNone","tween":true,"target":206,"label":null,"key":"rotation","index":220},{"value":30,"tweenMethod":"linearNone","tween":true,"target":206,"label":null,"key":"rotation","index":240},{"value":30,"tweenMethod":"linearNone","tween":true,"target":206,"key":"rotation","index":245},{"value":-30,"tweenMethod":"linearNone","tween":true,"target":206,"key":"rotation","index":250},{"value":30,"tweenMethod":"linearNone","tween":true,"target":206,"key":"rotation","index":255},{"value":-30,"tweenMethod":"linearNone","tween":true,"target":206,"label":null,"key":"rotation","index":260},{"value":30,"tweenMethod":"linearNone","tween":true,"target":206,"label":null,"key":"rotation","index":265},{"value":-30,"tweenMethod":"linearNone","tween":true,"target":206,"key":"rotation","index":270},{"value":30,"tweenMethod":"linearNone","tween":true,"target":206,"key":"rotation","index":275},{"value":-30,"tweenMethod":"linearNone","tween":true,"target":206,"key":"rotation","index":280},{"value":30,"tweenMethod":"linearNone","tween":true,"target":206,"key":"rotation","index":285},{"value":-30,"tweenMethod":"linearNone","tween":true,"target":206,"key":"rotation","index":290},{"value":30,"tweenMethod":"linearNone","tween":true,"target":206,"key":"rotation","index":295},{"value":-30,"tweenMethod":"linearNone","tween":true,"target":206,"key":"rotation","index":300},{"value":30,"tweenMethod":"linearNone","tween":true,"target":206,"key":"rotation","index":305},{"value":-30,"tweenMethod":"linearNone","tween":true,"target":206,"key":"rotation","index":310},{"value":30,"tweenMethod":"linearNone","tween":true,"target":206,"key":"rotation","index":315},{"value":-10,"tweenMethod":"linearNone","tween":true,"target":206,"key":"rotation","index":320},{"value":10,"tweenMethod":"linearNone","tween":true,"target":206,"key":"rotation","index":325},{"value":-10,"tweenMethod":"linearNone","tween":true,"target":206,"key":"rotation","index":330},{"value":10,"tweenMethod":"linearNone","tween":true,"target":206,"key":"rotation","index":335},{"value":-10,"tweenMethod":"linearNone","tween":true,"target":206,"key":"rotation","index":340},{"value":10,"tweenMethod":"linearNone","tween":true,"target":206,"key":"rotation","index":345},{"value":-10,"tweenMethod":"linearNone","tween":true,"target":206,"key":"rotation","index":350},{"value":10,"tweenMethod":"linearNone","tween":true,"target":206,"key":"rotation","index":355},{"value":-30,"tweenMethod":"linearNone","tween":true,"target":206,"key":"rotation","index":360},{"value":-15,"tweenMethod":"linearNone","tween":true,"target":206,"key":"rotation","index":380},{"value":15,"tweenMethod":"linearNone","tween":true,"target":206,"key":"rotation","index":400},{"value":-15,"tweenMethod":"linearNone","tween":true,"target":206,"key":"rotation","index":420},{"value":15,"tweenMethod":"linearNone","tween":true,"target":206,"key":"rotation","index":440},{"value":-15,"tweenMethod":"linearNone","tween":true,"target":206,"key":"rotation","index":460},{"value":15,"tweenMethod":"linearNone","tween":true,"target":206,"key":"rotation","index":480},{"value":0,"tweenMethod":"linearNone","tween":true,"target":206,"key":"rotation","index":500},{"value":0,"tweenMethod":"linearNone","tween":true,"target":206,"label":null,"key":"rotation","index":510}]}},{"target":201,"keyframes":{"y":[{"value":205,"tweenMethod":"linearNone","tween":true,"target":201,"key":"y","index":0},{"value":205,"tweenMethod":"linearNone","tween":true,"target":201,"key":"y","index":30},{"value":204.5,"tweenMethod":"linearNone","tween":true,"target":201,"key":"y","index":40},{"value":204.5,"tweenMethod":"linearNone","tween":true,"target":201,"label":null,"key":"y","index":60},{"value":205,"tweenMethod":"linearNone","tween":true,"target":201,"label":null,"key":"y","index":70},{"value":205,"tweenMethod":"linearNone","tween":true,"target":201,"label":null,"key":"y","index":80},{"value":205,"tweenMethod":"linearNone","tween":true,"target":201,"label":null,"key":"y","index":480},{"value":205,"tweenMethod":"linearNone","tween":true,"target":201,"label":null,"key":"y","index":500},{"value":205,"tweenMethod":"linearNone","tween":true,"target":201,"label":null,"key":"y","index":510}],"x":[{"value":434,"tweenMethod":"linearNone","tween":true,"target":201,"key":"x","index":0},{"value":434,"tweenMethod":"linearNone","tween":true,"target":201,"key":"x","index":30},{"value":394,"tweenMethod":"linearNone","tween":true,"target":201,"key":"x","index":40},{"value":394,"tweenMethod":"linearNone","tween":true,"target":201,"label":null,"key":"x","index":60},{"value":434,"tweenMethod":"linearNone","tween":true,"target":201,"label":null,"key":"x","index":70},{"value":434,"tweenMethod":"linearNone","tween":true,"target":201,"label":null,"key":"x","index":80},{"value":434,"tweenMethod":"linearNone","tween":true,"target":201,"label":null,"key":"x","index":480},{"value":434,"tweenMethod":"linearNone","tween":true,"target":201,"label":null,"key":"x","index":500},{"value":434,"tweenMethod":"linearNone","tween":true,"target":201,"label":null,"key":"x","index":510}],"scaleY":[{"value":1,"tweenMethod":"linearNone","tween":true,"target":201,"key":"scaleY","index":0},{"value":1,"tweenMethod":"linearNone","tween":true,"target":201,"label":null,"key":"scaleY","index":80},{"value":1,"tweenMethod":"linearNone","tween":true,"target":201,"key":"scaleY","index":240},{"value":0.7,"tweenMethod":"linearNone","tween":true,"target":201,"key":"scaleY","index":245},{"value":1,"tweenMethod":"linearNone","tween":true,"target":201,"key":"scaleY","index":360},{"value":1,"tweenMethod":"linearNone","tween":true,"target":201,"label":null,"key":"scaleY","index":480},{"value":1,"tweenMethod":"linearNone","tween":true,"target":201,"label":null,"key":"scaleY","index":500},{"value":1,"tweenMethod":"linearNone","tween":true,"target":201,"label":null,"key":"scaleY","index":510}],"scaleX":[{"value":1,"tweenMethod":"linearNone","tween":true,"target":201,"key":"scaleX","index":0},{"value":1,"tweenMethod":"linearNone","tween":true,"target":201,"label":null,"key":"scaleX","index":80},{"value":1,"tweenMethod":"linearNone","tween":true,"target":201,"key":"scaleX","index":240},{"value":1,"tweenMethod":"linearNone","tween":true,"target":201,"key":"scaleX","index":245},{"value":1,"tweenMethod":"linearNone","tween":true,"target":201,"label":null,"key":"scaleX","index":480},{"value":1,"tweenMethod":"linearNone","tween":true,"target":201,"label":null,"key":"scaleX","index":500},{"value":1,"tweenMethod":"linearNone","tween":true,"target":201,"label":null,"key":"scaleX","index":510}]}},{"target":202,"keyframes":{"y":[{"value":205,"tweenMethod":"linearNone","tween":true,"target":202,"key":"y","index":0},{"value":205,"tweenMethod":"linearNone","tween":true,"target":202,"key":"y","index":30},{"value":204.5,"tweenMethod":"linearNone","tween":true,"target":202,"key":"y","index":40},{"value":204.5,"tweenMethod":"linearNone","tween":true,"target":202,"label":null,"key":"y","index":60},{"value":205,"tweenMethod":"linearNone","tween":true,"target":202,"label":null,"key":"y","index":70},{"value":205,"tweenMethod":"linearNone","tween":true,"target":202,"label":null,"key":"y","index":80},{"value":205,"tweenMethod":"linearNone","tween":true,"target":202,"label":null,"key":"y","index":480},{"value":205,"tweenMethod":"linearNone","tween":true,"target":202,"label":null,"key":"y","index":500},{"value":205,"tweenMethod":"linearNone","tween":true,"target":202,"label":null,"key":"y","index":510}],"x":[{"value":521,"tweenMethod":"linearNone","tween":true,"target":202,"key":"x","index":0},{"value":521,"tweenMethod":"linearNone","tween":true,"target":202,"key":"x","index":30},{"value":481,"tweenMethod":"linearNone","tween":true,"target":202,"key":"x","index":40},{"value":481,"tweenMethod":"linearNone","tween":true,"target":202,"label":null,"key":"x","index":60},{"value":521,"tweenMethod":"linearNone","tween":true,"target":202,"label":null,"key":"x","index":70},{"value":521,"tweenMethod":"linearNone","tween":true,"target":202,"label":null,"key":"x","index":80},{"value":521,"tweenMethod":"linearNone","tween":true,"target":202,"label":null,"key":"x","index":480},{"value":521,"tweenMethod":"linearNone","tween":true,"target":202,"label":null,"key":"x","index":500},{"value":521,"tweenMethod":"linearNone","tween":true,"target":202,"label":null,"key":"x","index":510}],"scaleY":[{"value":1,"tweenMethod":"linearNone","tween":true,"target":202,"key":"scaleY","index":0},{"value":1,"tweenMethod":"linearNone","tween":true,"target":202,"label":null,"key":"scaleY","index":80},{"value":1,"tweenMethod":"linearNone","tween":true,"target":202,"key":"scaleY","index":240},{"value":0.7,"tweenMethod":"linearNone","tween":true,"target":202,"key":"scaleY","index":245},{"value":1,"tweenMethod":"linearNone","tween":true,"target":202,"key":"scaleY","index":360},{"value":1,"tweenMethod":"linearNone","tween":true,"target":202,"label":null,"key":"scaleY","index":480},{"value":1,"tweenMethod":"linearNone","tween":true,"target":202,"label":null,"key":"scaleY","index":500},{"value":1,"tweenMethod":"linearNone","tween":true,"target":202,"label":null,"key":"scaleY","index":510}]}}],"name":"action1","id":1,"frameRate":60,"action":0}],"loadList":["Game/UI/Common/d2.png","Frame/UI/ui_orthogon_white.png","Game/UI/GameScene/Level4/shenzimask.png","Game/UI/GameScene/Level4/shenzi.png","Game/UI/GameScene/Level4/yibamask.png","Game/UI/GameScene/Level4/yiba.png","Game/UI/GameScene/Level4/yuqimask.png","Game/UI/GameScene/Level4/yuqi.png","Game/UI/GameScene/Level4/yajnzhuzi.png","Game/UI/GameScene/Level4/zuimask.png","Game/UI/GameScene/Level4/zui.png","Game/UI/GameScene/Level4/fuqimask.png","Game/UI/GameScene/Level4/fuqi.png"],"loadList3D":[]}