{"type":"View","props":{"width":720,"height":1280},"compId":2,"child":[{"type":"Image","props":{"y":0,"x":0,"width":720,"var":"Background","skin":"Game/UI/Common/d2.png","sizeGrid":"16,15,18,8","name":"Background","height":1280},"compId":11},{"type":"Image","props":{"y":0,"x":0,"width":720,"var":"DrawingBoard","skin":"Frame/UI/ui_orthogon_white.png","sizeGrid":"13,14,16,16","rotation":0,"name":"DrawingBoard","height":1200},"compId":201,"child":[{"type":"Image","props":{"y":0,"x":0,"width":720,"var":"DrawRoot","scaleY":1,"scaleX":1,"name":"DrawRoot","height":800},"compId":13,"child":[{"type":"Image","props":{"y":94,"x":17,"width":685,"name":"Maomi","height":699},"compId":178,"child":[{"type":"Image","props":{"zOrder":97,"y":394,"x":274,"width":437,"rotation":0,"pivotY":120,"pivotX":132,"name":"Body","height":425},"compId":177,"child":[{"type":"Image","props":{"zOrder":95,"y":331,"x":217,"width":191,"var":"Draw11","skin":"Game/UI/GameScene/Level3/youjiaomask.png","rotation":0,"pivotY":37,"pivotX":133,"name":"Draw11","height":110},"compId":172,"child":[{"type":"Image","props":{"skin":"Game/UI/GameScene/Level3/youjiao.png","name":"Pic"},"compId":173},{"type":"Image","props":{"y":0,"x":0,"skin":"Game/UI/GameScene/Level3/youjiaomask.png","renderType":"mask"},"compId":188}]},{"type":"Image","props":{"zOrder":95,"y":138,"x":92,"width":191,"var":"Draw9","skin":"Game/UI/GameScene/Level3/youshoumask.png","rotation":0,"pivotY":31,"pivotX":125,"name":"Draw9","height":202},"compId":170,"child":[{"type":"Image","props":{"skin":"Game/UI/GameScene/Level3/youshou.png","name":"Pic"},"compId":171},{"type":"Image","props":{"skin":"Game/UI/GameScene/Level3/youshoumask.png","renderType":"mask"},"compId":186}]},{"type":"Image","props":{"zOrder":96,"y":262,"x":339,"width":249,"var":"Draw10","skin":"Game/UI/GameScene/Level3/weibamask.png","rotation":0,"pivotY":121,"pivotX":36,"name":"Draw10","height":181},"compId":166,"child":[{"type":"Image","props":{"skin":"Game/UI/GameScene/Level3/weiba.png","name":"Pic"},"compId":167},{"type":"Image","props":{"skin":"Game/UI/GameScene/Level3/weibamask.png","renderType":"mask"},"compId":187}]},{"type":"Image","props":{"zOrder":98,"y":213,"x":207,"width":323,"var":"Draw7","skin":"Game/UI/GameScene/Level3/shenzimask.png","rotation":0,"pivotY":156,"pivotX":162,"name":"Draw7","height":311},"compId":164,"child":[{"type":"Image","props":{"y":27.5,"x":34.5,"width":256,"skin":"Game/UI/GameScene/Level3/shenzimask.png","height":256},"compId":197},{"type":"Image","props":{"skin":"Game/UI/GameScene/Level3/shenti.png","name":"Pic"},"compId":165},{"type":"Image","props":{"skin":"Game/UI/GameScene/Level3/shenzimask.png","renderType":"mask"},"compId":184}]},{"type":"Image","props":{"zOrder":99,"y":184,"x":160,"width":191,"var":"Draw8","skin":"Game/UI/GameScene/Level3/youshoumask.png","rotation":0,"pivotY":37,"pivotX":129,"name":"Draw8","height":202},"compId":168,"child":[{"type":"Image","props":{"y":16.5,"x":16,"width":160,"skin":"Game/UI/GameScene/Level3/youshoumask.png","height":169},"compId":199},{"type":"Image","props":{"skin":"Game/UI/GameScene/Level3/youshou.png","name":"Pic"},"compId":169},{"type":"Image","props":{"skin":"Game/UI/GameScene/Level3/youshoumask.png","renderType":"mask"},"compId":185}]},{"type":"Image","props":{"zOrder":98,"y":336,"x":271,"width":191,"var":"Draw12","skin":"Game/UI/GameScene/Level3/youjiaomask.png","rotation":0,"pivotY":29,"pivotX":136,"name":"Draw12","height":110},"compId":174,"child":[{"type":"Image","props":{"y":0,"x":0,"skin":"Game/UI/GameScene/Level3/youjiaomask.png","renderType":"mask"},"compId":189},{"type":"Image","props":{"y":17,"x":20,"width":150,"skin":"Game/UI/GameScene/Level3/youjiaomask.png","name":"MaskBoard","height":77},"compId":200},{"type":"Image","props":{"y":0,"x":0,"skin":"Game/UI/GameScene/Level3/youjiao.png","name":"Pic"},"compId":175}]}]},{"type":"Image","props":{"zOrder":100,"y":420,"x":287,"width":505,"rotation":0,"pivotY":401,"pivotX":253,"name":"Head","height":401},"compId":176,"child":[{"type":"Image","props":{"zOrder":94,"y":152,"x":380,"width":176,"var":"Draw5","skin":"Game/UI/GameScene/Level3/youermask.png","rotation":0,"pivotY":115,"pivotX":43,"name":"Draw5","height":164},"compId":152,"child":[{"type":"Image","props":{"skin":"Game/UI/GameScene/Level3/youer.png","name":"Pic"},"compId":153},{"type":"Image","props":{"skin":"Game/UI/GameScene/Level3/youermask.png","renderType":"mask"},"compId":182}]},{"type":"Image","props":{"zOrder":95,"y":144,"x":120,"width":177,"var":"Draw4","skin":"Game/UI/GameScene/Level3/zuoermask.png","scaleY":1,"rotation":0,"pivotY":108,"pivotX":119,"name":"Draw4","height":165},"compId":154,"child":[{"type":"Image","props":{"y":0,"x":0,"skin":"Game/UI/GameScene/Level3/zuoer.png","name":"Pic"},"compId":155},{"type":"Image","props":{"y":0,"x":0,"skin":"Game/UI/GameScene/Level3/zuoermask.png","renderType":"mask"},"compId":181}]},{"type":"Image","props":{"zOrder":96,"y":232,"x":250,"width":488,"var":"Draw3","skin":"Game/UI/GameScene/Level3/lianmask.png","pivotY":180,"pivotX":233,"name":"Draw3","height":359},"compId":147,"child":[{"type":"Image","props":{"y":22.5,"x":35,"width":418,"skin":"Game/UI/GameScene/Level3/lianmask.png","height":314},"compId":198},{"type":"Image","props":{"skin":"Game/UI/GameScene/Level3/lian.png","name":"Pic"},"compId":148},{"type":"Image","props":{"skin":"Game/UI/GameScene/Level3/lianmask.png","renderType":"mask"},"compId":149}]},{"type":"Image","props":{"zOrder":97,"y":73,"x":251,"width":206,"var":"Draw6","skin":"Game/UI/GameScene/Level3/hudiejiemask.png","pivotY":67,"pivotX":103,"name":"Draw6","height":133},"compId":150,"child":[{"type":"Image","props":{"skin":"Game/UI/GameScene/Level3/hudiejie.png","name":"Pic"},"compId":151},{"type":"Image","props":{"skin":"Game/UI/GameScene/Level3/hudiejiemask.png","renderType":"mask"},"compId":183}]},{"type":"Image","props":{"zOrder":98,"y":228,"x":173,"width":75,"skin":"Game/UI/GameScene/Level3/yan.png","scaleY":1,"scaleX":1,"pivotY":45,"pivotX":38,"name":"Eye1","height":89},"compId":156},{"type":"Image","props":{"zOrder":98,"y":228,"x":337,"width":75,"skin":"Game/UI/GameScene/Level3/yan.png","scaleY":1,"pivotY":45,"pivotX":38,"name":"Eye2","height":89},"compId":158},{"type":"Image","props":{"zOrder":99,"y":285,"x":255,"width":105,"var":"Draw2","skin":"Game/UI/GameScene/Level3/bizimask.png","pivotY":43,"pivotX":53,"name":"Draw2","height":85},"compId":160,"child":[{"type":"Image","props":{"skin":"Game/UI/GameScene/Level3/bizi.png","name":"Pic"},"compId":161},{"type":"Image","props":{"skin":"Game/UI/GameScene/Level3/bizimask.png","renderType":"mask"},"compId":180}]},{"type":"Image","props":{"zOrder":100,"y":355,"x":255,"width":137,"var":"Draw1","skin":"Game/UI/GameScene/Level3/zuimask.png","scaleY":1,"scaleX":1,"pivotY":39,"pivotX":69,"name":"Draw1","height":78},"compId":162,"child":[{"type":"Image","props":{"skin":"Game/UI/GameScene/Level3/zui.png","name":"Pic"},"compId":163},{"type":"Image","props":{"skin":"Game/UI/GameScene/Level3/zuimask.png","renderType":"mask"},"compId":179}]}]}]}]}]}],"animations":[{"nodes":[{"target":176,"keyframes":{"y":[{"value":420,"tweenMethod":"linearNone","tween":true,"target":176,"key":"y","index":0},{"value":420,"tweenMethod":"linearNone","tween":true,"target":176,"label":null,"key":"y","index":140},{"value":420,"tweenMethod":"linearNone","tween":true,"target":176,"label":null,"key":"y","index":170},{"value":420,"tweenMethod":"linearNone","tween":true,"target":176,"key":"y","index":220},{"value":459,"tweenMethod":"linearNone","tween":true,"target":176,"key":"y","index":230},{"value":420,"tweenMethod":"linearNone","tween":true,"target":176,"label":null,"key":"y","index":240},{"value":459,"tweenMethod":"linearNone","tween":true,"target":176,"label":null,"key":"y","index":250},{"value":420,"tweenMethod":"linearNone","tween":true,"target":176,"label":null,"key":"y","index":260},{"value":420,"tweenMethod":"linearNone","tween":true,"target":176,"key":"y","index":270},{"value":334,"tweenMethod":"linearNone","tween":true,"target":176,"key":"y","index":285},{"value":334,"tweenMethod":"linearNone","tween":true,"target":176,"label":null,"key":"y","index":345},{"value":420,"tweenMethod":"linearNone","tween":true,"target":176,"label":null,"key":"y","index":360},{"value":420,"tweenMethod":"linearNone","tween":true,"target":176,"label":null,"key":"y","index":370},{"value":420,"tweenMethod":"linearNone","tween":true,"target":176,"label":null,"key":"y","index":390}],"x":[{"value":287,"tweenMethod":"linearNone","tween":true,"target":176,"key":"x","index":0},{"value":287,"tweenMethod":"linearNone","tween":true,"target":176,"label":null,"key":"x","index":140},{"value":287,"tweenMethod":"linearNone","tween":true,"target":176,"label":null,"key":"x","index":170},{"value":287,"tweenMethod":"linearNone","tween":true,"target":176,"key":"x","index":270},{"value":296,"tweenMethod":"linearNone","tween":true,"target":176,"key":"x","index":285},{"value":296,"tweenMethod":"linearNone","tween":true,"target":176,"label":null,"key":"x","index":345},{"value":287,"tweenMethod":"linearNone","tween":true,"target":176,"label":null,"key":"x","index":360},{"value":287,"tweenMethod":"linearNone","tween":true,"target":176,"label":null,"key":"x","index":370},{"value":287,"tweenMethod":"linearNone","tween":true,"target":176,"label":null,"key":"x","index":390}],"rotation":[{"value":0,"tweenMethod":"linearNone","tween":true,"target":176,"key":"rotation","index":0},{"value":-20,"tweenMethod":"linearNone","tween":true,"target":176,"key":"rotation","index":30},{"value":-20,"tweenMethod":"linearNone","tween":true,"target":176,"label":null,"key":"rotation","index":60},{"value":0,"tweenMethod":"linearNone","tween":true,"target":176,"key":"rotation","index":90},{"value":0,"tweenMethod":"linearNone","tween":true,"target":176,"label":null,"key":"rotation","index":110},{"value":20,"tweenMethod":"linearNone","tween":true,"target":176,"label":null,"key":"rotation","index":140},{"value":20,"tweenMethod":"linearNone","tween":true,"target":176,"label":null,"key":"rotation","index":170},{"value":0,"tweenMethod":"linearNone","tween":true,"target":176,"key":"rotation","index":200},{"value":0,"tweenMethod":"linearNone","tween":true,"target":176,"label":null,"key":"rotation","index":220},{"value":0,"tweenMethod":"linearNone","tween":true,"target":176,"label":null,"key":"rotation","index":240},{"value":0,"tweenMethod":"linearNone","tween":true,"target":176,"label":null,"key":"rotation","index":260},{"value":0,"tweenMethod":"linearNone","tween":true,"target":176,"key":"rotation","index":270},{"value":0,"tweenMethod":"linearNone","tween":true,"target":176,"key":"rotation","index":285},{"value":8,"tweenMethod":"linearNone","tween":true,"target":176,"key":"rotation","index":295},{"value":-5,"tweenMethod":"linearNone","tween":true,"target":176,"key":"rotation","index":305},{"value":8,"tweenMethod":"linearNone","tween":true,"target":176,"key":"rotation","index":315},{"value":-5,"tweenMethod":"linearNone","tween":true,"target":176,"key":"rotation","index":325},{"value":8,"tweenMethod":"linearNone","tween":true,"target":176,"key":"rotation","index":335},{"value":-5,"tweenMethod":"linearNone","tween":true,"target":176,"label":null,"key":"rotation","index":345},{"value":0,"tweenMethod":"linearNone","tween":true,"target":176,"label":null,"key":"rotation","index":360},{"value":0,"tweenMethod":"linearNone","tween":true,"target":176,"label":null,"key":"rotation","index":370},{"value":0,"tweenMethod":"linearNone","tween":true,"target":176,"label":null,"key":"rotation","index":390}],"pivotY":[{"value":401,"tweenMethod":"linearNone","tween":true,"target":176,"key":"pivotY","index":0},{"value":401,"tweenMethod":"linearNone","tween":true,"target":176,"label":null,"key":"pivotY","index":140},{"value":401,"tweenMethod":"linearNone","tween":true,"target":176,"label":null,"key":"pivotY","index":170},{"value":401,"tweenMethod":"linearNone","tween":true,"target":176,"label":null,"key":"pivotY","index":360},{"value":401,"tweenMethod":"linearNone","tween":true,"target":176,"label":null,"key":"pivotY","index":370},{"value":401,"tweenMethod":"linearNone","tween":true,"target":176,"label":null,"key":"pivotY","index":390}],"pivotX":[{"value":253,"tweenMethod":"linearNone","tween":true,"target":176,"key":"pivotX","index":0},{"value":253,"tweenMethod":"linearNone","tween":true,"target":176,"label":null,"key":"pivotX","index":140},{"value":253,"tweenMethod":"linearNone","tween":true,"target":176,"label":null,"key":"pivotX","index":170},{"value":253,"tweenMethod":"linearNone","tween":true,"target":176,"label":null,"key":"pivotX","index":360},{"value":253,"tweenMethod":"linearNone","tween":true,"target":176,"label":null,"key":"pivotX","index":370},{"value":253,"tweenMethod":"linearNone","tween":true,"target":176,"label":null,"key":"pivotX","index":390}]}},{"target":177,"keyframes":{"y":[{"value":394,"tweenMethod":"linearNone","tween":true,"target":177,"key":"y","index":0},{"value":394,"tweenMethod":"linearNone","tween":true,"target":177,"key":"y","index":270},{"value":334,"tweenMethod":"linearNone","tween":true,"target":177,"key":"y","index":285},{"value":334,"tweenMethod":"linearNone","tween":true,"target":177,"label":null,"key":"y","index":345},{"value":394,"tweenMethod":"linearNone","tween":true,"target":177,"label":null,"key":"y","index":360},{"value":394,"tweenMethod":"linearNone","tween":true,"target":177,"label":null,"key":"y","index":370},{"value":394,"tweenMethod":"linearNone","tween":true,"target":177,"label":null,"key":"y","index":390}],"x":[{"value":274,"tweenMethod":"linearNone","tween":true,"target":177,"key":"x","index":0},{"value":274,"tweenMethod":"linearNone","tween":true,"target":177,"key":"x","index":60},{"value":274,"tweenMethod":"linearNone","tween":true,"target":177,"key":"x","index":270},{"value":305,"tweenMethod":"linearNone","tween":true,"target":177,"key":"x","index":285},{"value":305,"tweenMethod":"linearNone","tween":true,"target":177,"label":null,"key":"x","index":345},{"value":274,"tweenMethod":"linearNone","tween":true,"target":177,"label":null,"key":"x","index":360},{"value":274,"tweenMethod":"linearNone","tween":true,"target":177,"label":null,"key":"x","index":370},{"value":274,"tweenMethod":"linearNone","tween":true,"target":177,"label":null,"key":"x","index":390}],"rotation":[{"value":0,"tweenMethod":"linearNone","tween":true,"target":177,"key":"rotation","index":0},{"value":0,"tweenMethod":"linearNone","tween":true,"target":177,"key":"rotation","index":270},{"value":17,"tweenMethod":"linearNone","tween":true,"target":177,"key":"rotation","index":285},{"value":17,"tweenMethod":"linearNone","tween":true,"target":177,"label":null,"key":"rotation","index":345},{"value":0,"tweenMethod":"linearNone","tween":true,"target":177,"label":null,"key":"rotation","index":360},{"value":0,"tweenMethod":"linearNone","tween":true,"target":177,"label":null,"key":"rotation","index":370},{"value":0,"tweenMethod":"linearNone","tween":true,"target":177,"label":null,"key":"rotation","index":390}]}},{"target":174,"keyframes":{"y":[{"value":336,"tweenMethod":"linearNone","tween":true,"target":174,"key":"y","index":0},{"value":336,"tweenMethod":"linearNone","tween":true,"target":174,"key":"y","index":30},{"value":336,"tweenMethod":"linearNone","tween":true,"target":174,"key":"y","index":60},{"value":336,"tweenMethod":"linearNone","tween":true,"target":174,"key":"y","index":90},{"value":336,"tweenMethod":"linearNone","tween":true,"target":174,"key":"y","index":110},{"value":336,"tweenMethod":"linearNone","tween":true,"target":174,"key":"y","index":140},{"value":336,"tweenMethod":"linearNone","tween":true,"target":174,"key":"y","index":170},{"value":336,"tweenMethod":"linearNone","tween":true,"target":174,"key":"y","index":200},{"value":336,"tweenMethod":"linearNone","tween":true,"target":174,"label":null,"key":"y","index":220},{"value":336,"tweenMethod":"linearNone","tween":true,"target":174,"label":null,"key":"y","index":270},{"value":336,"tweenMethod":"linearNone","tween":true,"target":174,"label":null,"key":"y","index":285},{"value":336,"tweenMethod":"linearNone","tween":true,"target":174,"key":"y","index":345},{"value":336,"tweenMethod":"linearNone","tween":true,"target":174,"label":null,"key":"y","index":360},{"value":336,"tweenMethod":"linearNone","tween":true,"target":174,"label":null,"key":"y","index":370},{"value":336,"tweenMethod":"linearNone","tween":true,"target":174,"label":null,"key":"y","index":390}],"x":[{"value":271,"tweenMethod":"linearNone","tween":true,"target":174,"key":"x","index":0},{"value":271,"tweenMethod":"linearNone","tween":true,"target":174,"key":"x","index":30},{"value":271,"tweenMethod":"linearNone","tween":true,"target":174,"key":"x","index":60},{"value":271,"tweenMethod":"linearNone","tween":true,"target":174,"key":"x","index":90},{"value":271,"tweenMethod":"linearNone","tween":true,"target":174,"key":"x","index":110},{"value":271,"tweenMethod":"linearNone","tween":true,"target":174,"key":"x","index":140},{"value":271,"tweenMethod":"linearNone","tween":true,"target":174,"key":"x","index":170},{"value":271,"tweenMethod":"linearNone","tween":true,"target":174,"key":"x","index":200},{"value":271,"tweenMethod":"linearNone","tween":true,"target":174,"label":null,"key":"x","index":220},{"value":271,"tweenMethod":"linearNone","tween":true,"target":174,"label":null,"key":"x","index":270},{"value":271,"tweenMethod":"linearNone","tween":true,"target":174,"label":null,"key":"x","index":285},{"value":271,"tweenMethod":"linearNone","tween":true,"target":174,"key":"x","index":345},{"value":271,"tweenMethod":"linearNone","tween":true,"target":174,"label":null,"key":"x","index":360},{"value":271,"tweenMethod":"linearNone","tween":true,"target":174,"label":null,"key":"x","index":370},{"value":271,"tweenMethod":"linearNone","tween":true,"target":174,"label":null,"key":"x","index":390}],"rotation":[{"value":0,"tweenMethod":"linearNone","tween":true,"target":174,"key":"rotation","index":0},{"value":0,"tweenMethod":"linearNone","tween":true,"target":174,"label":null,"key":"rotation","index":270},{"value":-134,"tweenMethod":"linearNone","tween":true,"target":174,"label":null,"key":"rotation","index":285},{"value":-134,"tweenMethod":"linearNone","tween":true,"target":174,"label":null,"key":"rotation","index":345},{"value":0,"tweenMethod":"linearNone","tween":true,"target":174,"label":null,"key":"rotation","index":360},{"value":0,"tweenMethod":"linearNone","tween":true,"target":174,"label":null,"key":"rotation","index":370},{"value":0,"tweenMethod":"linearNone","tween":true,"target":174,"label":null,"key":"rotation","index":390}]}},{"target":172,"keyframes":{"y":[{"value":331,"tweenMethod":"linearNone","tween":true,"target":172,"key":"y","index":0},{"value":340,"tweenMethod":"linearNone","tween":true,"target":172,"key":"y","index":285},{"value":340,"tweenMethod":"linearNone","tween":true,"target":172,"label":null,"key":"y","index":345},{"value":331,"tweenMethod":"linearNone","tween":true,"target":172,"label":null,"key":"y","index":360},{"value":331,"tweenMethod":"linearNone","tween":true,"target":172,"label":null,"key":"y","index":370},{"value":331,"tweenMethod":"linearNone","tween":true,"target":172,"label":null,"key":"y","index":390}],"x":[{"value":217,"tweenMethod":"linearNone","tween":true,"target":172,"key":"x","index":0},{"value":218.5,"tweenMethod":"linearNone","tween":true,"target":172,"key":"x","index":285},{"value":218.5,"tweenMethod":"linearNone","tween":true,"target":172,"label":null,"key":"x","index":345},{"value":217,"tweenMethod":"linearNone","tween":true,"target":172,"label":null,"key":"x","index":360},{"value":217,"tweenMethod":"linearNone","tween":true,"target":172,"label":null,"key":"x","index":370},{"value":217,"tweenMethod":"linearNone","tween":true,"target":172,"label":null,"key":"x","index":390}],"rotation":[{"value":0,"tweenMethod":"linearNone","tween":true,"target":172,"key":"rotation","index":0},{"value":0,"tweenMethod":"linearNone","tween":true,"target":172,"key":"rotation","index":270},{"value":-61,"tweenMethod":"linearNone","tween":true,"target":172,"key":"rotation","index":285},{"value":-61,"tweenMethod":"linearNone","tween":true,"target":172,"label":null,"key":"rotation","index":345},{"value":0,"tweenMethod":"linearNone","tween":true,"target":172,"label":null,"key":"rotation","index":360},{"value":0,"tweenMethod":"linearNone","tween":true,"target":172,"label":null,"key":"rotation","index":370},{"value":0,"tweenMethod":"linearNone","tween":true,"target":172,"label":null,"key":"rotation","index":390}]}},{"target":168,"keyframes":{"y":[{"value":184,"tweenMethod":"linearNone","tween":true,"target":168,"key":"y","index":0},{"value":184,"tweenMethod":"linearNone","tween":true,"target":168,"key":"y","index":30},{"value":184,"tweenMethod":"linearNone","tween":true,"target":168,"key":"y","index":60},{"value":184,"tweenMethod":"linearNone","tween":true,"target":168,"label":null,"key":"y","index":90},{"value":184,"tweenMethod":"linearNone","tween":true,"target":168,"key":"y","index":110},{"value":184,"tweenMethod":"linearNone","tween":true,"target":168,"key":"y","index":140},{"value":184,"tweenMethod":"linearNone","tween":true,"target":168,"key":"y","index":170},{"value":184,"tweenMethod":"linearNone","tween":true,"target":168,"key":"y","index":200},{"value":184,"tweenMethod":"linearNone","tween":true,"target":168,"label":null,"key":"y","index":220},{"value":184,"tweenMethod":"linearNone","tween":true,"target":168,"label":null,"key":"y","index":270},{"value":184,"tweenMethod":"linearNone","tween":true,"target":168,"key":"y","index":285},{"value":184,"tweenMethod":"linearNone","tween":true,"target":168,"key":"y","index":295},{"value":184,"tweenMethod":"linearNone","tween":true,"target":168,"key":"y","index":305},{"value":184,"tweenMethod":"linearNone","tween":true,"target":168,"key":"y","index":315},{"value":184,"tweenMethod":"linearNone","tween":true,"target":168,"key":"y","index":325},{"value":184,"tweenMethod":"linearNone","tween":true,"target":168,"key":"y","index":335},{"value":184,"tweenMethod":"linearNone","tween":true,"target":168,"label":null,"key":"y","index":345},{"value":184,"tweenMethod":"linearNone","tween":true,"target":168,"label":null,"key":"y","index":360},{"value":184,"tweenMethod":"linearNone","tween":true,"target":168,"label":null,"key":"y","index":370},{"value":184,"tweenMethod":"linearNone","tween":true,"target":168,"label":null,"key":"y","index":390}],"x":[{"value":160,"tweenMethod":"linearNone","tween":true,"target":168,"key":"x","index":0},{"value":160,"tweenMethod":"linearNone","tween":true,"target":168,"key":"x","index":30},{"value":160,"tweenMethod":"linearNone","tween":true,"target":168,"key":"x","index":60},{"value":160,"tweenMethod":"linearNone","tween":true,"target":168,"label":null,"key":"x","index":90},{"value":160,"tweenMethod":"linearNone","tween":true,"target":168,"key":"x","index":110},{"value":160,"tweenMethod":"linearNone","tween":true,"target":168,"key":"x","index":140},{"value":160,"tweenMethod":"linearNone","tween":true,"target":168,"key":"x","index":170},{"value":160,"tweenMethod":"linearNone","tween":true,"target":168,"key":"x","index":200},{"value":160,"tweenMethod":"linearNone","tween":true,"target":168,"label":null,"key":"x","index":220},{"value":160,"tweenMethod":"linearNone","tween":true,"target":168,"label":null,"key":"x","index":270},{"value":160,"tweenMethod":"linearNone","tween":true,"target":168,"key":"x","index":285},{"value":160,"tweenMethod":"linearNone","tween":true,"target":168,"key":"x","index":295},{"value":160,"tweenMethod":"linearNone","tween":true,"target":168,"key":"x","index":305},{"value":160,"tweenMethod":"linearNone","tween":true,"target":168,"key":"x","index":315},{"value":160,"tweenMethod":"linearNone","tween":true,"target":168,"key":"x","index":325},{"value":160,"tweenMethod":"linearNone","tween":true,"target":168,"key":"x","index":335},{"value":160,"tweenMethod":"linearNone","tween":true,"target":168,"label":null,"key":"x","index":345},{"value":160,"tweenMethod":"linearNone","tween":true,"target":168,"label":null,"key":"x","index":360},{"value":160,"tweenMethod":"linearNone","tween":true,"target":168,"label":null,"key":"x","index":370},{"value":160,"tweenMethod":"linearNone","tween":true,"target":168,"label":null,"key":"x","index":390}],"rotation":[{"value":0,"tweenMethod":"linearNone","tween":true,"target":168,"key":"rotation","index":0},{"value":-33,"tweenMethod":"linearNone","tween":true,"target":168,"key":"rotation","index":30},{"value":-33,"tweenMethod":"linearNone","tween":true,"target":168,"label":null,"key":"rotation","index":60},{"value":0,"tweenMethod":"linearNone","tween":true,"target":168,"label":null,"key":"rotation","index":90},{"value":0,"tweenMethod":"linearNone","tween":true,"target":168,"key":"rotation","index":110},{"value":-37,"tweenMethod":"linearNone","tween":true,"target":168,"key":"rotation","index":140},{"value":-37,"tweenMethod":"linearNone","tween":true,"target":168,"label":null,"key":"rotation","index":170},{"value":0,"tweenMethod":"linearNone","tween":true,"target":168,"key":"rotation","index":200},{"value":0,"tweenMethod":"linearNone","tween":true,"target":168,"label":null,"key":"rotation","index":220},{"value":-6,"tweenMethod":"linearNone","tween":true,"target":168,"key":"rotation","index":230},{"value":0,"tweenMethod":"linearNone","tween":true,"target":168,"key":"rotation","index":240},{"value":-6,"tweenMethod":"linearNone","tween":true,"target":168,"key":"rotation","index":250},{"value":0,"tweenMethod":"linearNone","tween":true,"target":168,"key":"rotation","index":260},{"value":0,"tweenMethod":"linearNone","tween":true,"target":168,"label":null,"key":"rotation","index":270},{"value":-135,"tweenMethod":"linearNone","tween":true,"target":168,"key":"rotation","index":285},{"value":-135,"tweenMethod":"linearNone","tween":true,"target":168,"label":null,"key":"rotation","index":345},{"value":0,"tweenMethod":"linearNone","tween":true,"target":168,"label":null,"key":"rotation","index":360},{"value":0,"tweenMethod":"linearNone","tween":true,"target":168,"label":null,"key":"rotation","index":370},{"value":0,"tweenMethod":"linearNone","tween":true,"target":168,"label":null,"key":"rotation","index":390}]}},{"target":170,"keyframes":{"y":[{"value":138,"tweenMethod":"linearNone","tween":true,"target":170,"key":"y","index":0},{"value":157.44,"tweenMethod":"linearNone","tween":true,"target":170,"key":"y","index":200},{"value":157.44,"tweenMethod":"linearNone","tween":true,"target":170,"label":null,"key":"y","index":220},{"value":157.44,"tweenMethod":"linearNone","tween":true,"target":170,"label":null,"key":"y","index":270},{"value":165,"tweenMethod":"linearNone","tween":true,"target":170,"key":"y","index":285},{"value":138,"tweenMethod":"linearNone","tween":true,"target":170,"key":"y","index":345},{"value":138,"tweenMethod":"linearNone","tween":true,"target":170,"label":null,"key":"y","index":360},{"value":138,"tweenMethod":"linearNone","tween":true,"target":170,"label":null,"key":"y","index":370},{"value":138,"tweenMethod":"linearNone","tween":true,"target":170,"label":null,"key":"y","index":390}],"rotation":[{"value":0,"tweenMethod":"linearNone","tween":true,"target":170,"key":"rotation","index":0},{"value":-58,"tweenMethod":"linearNone","tween":true,"target":170,"key":"rotation","index":30},{"value":-58,"tweenMethod":"linearNone","tween":true,"target":170,"label":null,"key":"rotation","index":60},{"value":0,"tweenMethod":"linearNone","tween":true,"target":170,"label":null,"key":"rotation","index":90},{"value":0,"tweenMethod":"linearNone","tween":true,"target":170,"key":"rotation","index":110},{"value":-58,"tweenMethod":"linearNone","tween":true,"target":170,"label":null,"key":"rotation","index":140},{"value":-58,"tweenMethod":"linearNone","tween":true,"target":170,"label":null,"key":"rotation","index":170},{"value":0,"tweenMethod":"linearNone","tween":true,"target":170,"key":"rotation","index":200},{"value":0,"tweenMethod":"linearNone","tween":true,"target":170,"label":null,"key":"rotation","index":220},{"value":-6,"tweenMethod":"linearNone","tween":true,"target":170,"key":"rotation","index":230},{"value":0,"tweenMethod":"linearNone","tween":true,"target":170,"key":"rotation","index":240},{"value":-6,"tweenMethod":"linearNone","tween":true,"target":170,"key":"rotation","index":250},{"value":0,"tweenMethod":"linearNone","tween":true,"target":170,"key":"rotation","index":260},{"value":0,"tweenMethod":"linearNone","tween":true,"target":170,"label":null,"key":"rotation","index":270},{"value":47,"tweenMethod":"linearNone","tween":true,"target":170,"key":"rotation","index":285},{"value":92,"tweenMethod":"linearNone","tween":true,"target":170,"key":"rotation","index":295},{"value":24,"tweenMethod":"linearNone","tween":true,"target":170,"key":"rotation","index":305},{"value":92,"tweenMethod":"linearNone","tween":true,"target":170,"label":null,"key":"rotation","index":315},{"value":24,"tweenMethod":"linearNone","tween":true,"target":170,"label":null,"key":"rotation","index":325},{"value":92,"tweenMethod":"linearNone","tween":true,"target":170,"label":null,"key":"rotation","index":335},{"value":47,"tweenMethod":"linearNone","tween":true,"target":170,"label":null,"key":"rotation","index":345},{"value":0,"tweenMethod":"linearNone","tween":true,"target":170,"label":null,"key":"rotation","index":360},{"value":0,"tweenMethod":"linearNone","tween":true,"target":170,"label":null,"key":"rotation","index":370},{"value":0,"tweenMethod":"linearNone","tween":true,"target":170,"label":null,"key":"rotation","index":390}]}},{"target":164,"keyframes":{"zOrder":[{"value":98,"tweenMethod":"linearNone","tween":true,"target":164,"key":"zOrder","index":0},{"value":98,"tweenMethod":"linearNone","tween":true,"target":164,"label":null,"key":"zOrder","index":360},{"value":98,"tweenMethod":"linearNone","tween":true,"target":164,"label":null,"key":"zOrder","index":370},{"value":98,"tweenMethod":"linearNone","tween":true,"target":164,"label":null,"key":"zOrder","index":390}],"rotation":[{"value":0,"tweenMethod":"linearNone","tween":true,"target":164,"key":"rotation","index":0},{"value":0,"tweenMethod":"linearNone","tween":true,"target":164,"label":null,"key":"rotation","index":360},{"value":0,"tweenMethod":"linearNone","tween":true,"target":164,"label":null,"key":"rotation","index":370},{"value":0,"tweenMethod":"linearNone","tween":true,"target":164,"label":null,"key":"rotation","index":390}]}},{"target":152,"keyframes":{"y":[{"value":152,"tweenMethod":"linearNone","tween":true,"target":152,"key":"y","index":0},{"value":163.5,"tweenMethod":"linearNone","tween":true,"target":152,"key":"y","index":30},{"value":163.5,"tweenMethod":"linearNone","tween":true,"target":152,"label":null,"key":"y","index":60},{"value":175,"tweenMethod":"linearNone","tween":true,"target":152,"key":"y","index":95},{"value":175,"tweenMethod":"linearNone","tween":true,"target":152,"label":null,"key":"y","index":105},{"value":168,"tweenMethod":"linearNone","tween":true,"target":152,"key":"y","index":140},{"value":168,"tweenMethod":"linearNone","tween":true,"target":152,"key":"y","index":170},{"value":163.5,"tweenMethod":"linearNone","tween":true,"target":152,"label":null,"key":"y","index":200},{"value":163.5,"tweenMethod":"linearNone","tween":true,"target":152,"label":null,"key":"y","index":220},{"value":163.5,"tweenMethod":"linearNone","tween":true,"target":152,"label":null,"key":"y","index":270},{"value":152,"tweenMethod":"linearNone","tween":true,"target":152,"key":"y","index":345},{"value":152,"tweenMethod":"linearNone","tween":true,"target":152,"label":null,"key":"y","index":360},{"value":152,"tweenMethod":"linearNone","tween":true,"target":152,"label":null,"key":"y","index":370},{"value":152,"tweenMethod":"linearNone","tween":true,"target":152,"label":null,"key":"y","index":390}],"x":[{"value":380,"tweenMethod":"linearNone","tween":true,"target":152,"key":"x","index":0},{"value":374.5,"tweenMethod":"linearNone","tween":true,"target":152,"key":"x","index":30},{"value":374.5,"tweenMethod":"linearNone","tween":true,"target":152,"label":null,"key":"x","index":60},{"value":360,"tweenMethod":"linearNone","tween":true,"target":152,"key":"x","index":95},{"value":360,"tweenMethod":"linearNone","tween":true,"target":152,"label":null,"key":"x","index":105},{"value":367,"tweenMethod":"linearNone","tween":true,"target":152,"key":"x","index":140},{"value":367,"tweenMethod":"linearNone","tween":true,"target":152,"key":"x","index":170},{"value":374.5,"tweenMethod":"linearNone","tween":true,"target":152,"label":null,"key":"x","index":200},{"value":374.5,"tweenMethod":"linearNone","tween":true,"target":152,"label":null,"key":"x","index":220},{"value":374.5,"tweenMethod":"linearNone","tween":true,"target":152,"label":null,"key":"x","index":270},{"value":380,"tweenMethod":"linearNone","tween":true,"target":152,"key":"x","index":345},{"value":380,"tweenMethod":"linearNone","tween":true,"target":152,"label":null,"key":"x","index":360},{"value":380,"tweenMethod":"linearNone","tween":true,"target":152,"label":null,"key":"x","index":370},{"value":380,"tweenMethod":"linearNone","tween":true,"target":152,"label":null,"key":"x","index":390}],"rotation":[{"value":0,"tweenMethod":"linearNone","tween":true,"target":152,"key":"rotation","index":0},{"value":26,"tweenMethod":"linearNone","tween":true,"target":152,"key":"rotation","index":30},{"value":26,"tweenMethod":"linearNone","tween":true,"target":152,"label":null,"key":"rotation","index":60},{"value":0,"tweenMethod":"linearNone","tween":true,"target":152,"key":"rotation","index":90},{"value":-24,"tweenMethod":"linearNone","tween":true,"target":152,"key":"rotation","index":95},{"value":8,"tweenMethod":"linearNone","tween":true,"target":152,"label":null,"key":"rotation","index":100},{"value":-24,"tweenMethod":"linearNone","tween":true,"target":152,"label":null,"key":"rotation","index":105},{"value":0,"tweenMethod":"linearNone","tween":true,"target":152,"label":null,"key":"rotation","index":110},{"value":27,"tweenMethod":"linearNone","tween":true,"target":152,"key":"rotation","index":140},{"value":27,"tweenMethod":"linearNone","tween":true,"target":152,"label":null,"key":"rotation","index":170},{"value":0,"tweenMethod":"linearNone","tween":true,"target":152,"key":"rotation","index":200},{"value":0,"tweenMethod":"linearNone","tween":true,"target":152,"label":null,"key":"rotation","index":220},{"value":-17,"tweenMethod":"linearNone","tween":true,"target":152,"key":"rotation","index":230},{"value":0,"tweenMethod":"linearNone","tween":true,"target":152,"key":"rotation","index":240},{"value":-17,"tweenMethod":"linearNone","tween":true,"target":152,"label":null,"key":"rotation","index":250},{"value":0,"tweenMethod":"linearNone","tween":true,"target":152,"label":null,"key":"rotation","index":260},{"value":0,"tweenMethod":"linearNone","tween":true,"target":152,"label":null,"key":"rotation","index":270},{"value":17,"tweenMethod":"linearNone","tween":true,"target":152,"key":"rotation","index":285},{"value":0,"tweenMethod":"linearNone","tween":true,"target":152,"key":"rotation","index":295},{"value":0,"tweenMethod":"linearNone","tween":true,"target":152,"label":null,"key":"rotation","index":360},{"value":0,"tweenMethod":"linearNone","tween":true,"target":152,"label":null,"key":"rotation","index":370},{"value":0,"tweenMethod":"linearNone","tween":true,"target":152,"label":null,"key":"rotation","index":390}]}},{"target":154,"keyframes":{"y":[{"value":144,"tweenMethod":"linearNone","tween":true,"target":154,"key":"y","index":0},{"value":162.5,"tweenMethod":"linearNone","tween":true,"target":154,"key":"y","index":30},{"value":162.5,"tweenMethod":"linearNone","tween":true,"target":154,"label":null,"key":"y","index":60},{"value":160.5,"tweenMethod":"linearNone","tween":true,"target":154,"key":"y","index":95},{"value":160.5,"tweenMethod":"linearNone","tween":true,"target":154,"label":null,"key":"y","index":105},{"value":160,"tweenMethod":"linearNone","tween":true,"target":154,"key":"y","index":140},{"value":160,"tweenMethod":"linearNone","tween":true,"target":154,"key":"y","index":170},{"value":144,"tweenMethod":"linearNone","tween":true,"target":154,"label":null,"key":"y","index":200},{"value":144,"tweenMethod":"linearNone","tween":true,"target":154,"label":null,"key":"y","index":220},{"value":144,"tweenMethod":"linearNone","tween":true,"target":154,"label":null,"key":"y","index":270},{"value":144,"tweenMethod":"linearNone","tween":true,"target":154,"label":null,"key":"y","index":360},{"value":144,"tweenMethod":"linearNone","tween":true,"target":154,"label":null,"key":"y","index":370},{"value":144,"tweenMethod":"linearNone","tween":true,"target":154,"label":null,"key":"y","index":390}],"x":[{"value":120,"tweenMethod":"linearNone","tween":true,"target":154,"key":"x","index":0},{"value":130.5,"tweenMethod":"linearNone","tween":true,"target":154,"key":"x","index":30},{"value":130.5,"tweenMethod":"linearNone","tween":true,"target":154,"label":null,"key":"x","index":60},{"value":137.5,"tweenMethod":"linearNone","tween":true,"target":154,"key":"x","index":95},{"value":137.5,"tweenMethod":"linearNone","tween":true,"target":154,"label":null,"key":"x","index":105},{"value":135,"tweenMethod":"linearNone","tween":true,"target":154,"key":"x","index":140},{"value":135,"tweenMethod":"linearNone","tween":true,"target":154,"key":"x","index":170},{"value":120,"tweenMethod":"linearNone","tween":true,"target":154,"label":null,"key":"x","index":200},{"value":120,"tweenMethod":"linearNone","tween":true,"target":154,"label":null,"key":"x","index":220},{"value":120,"tweenMethod":"linearNone","tween":true,"target":154,"label":null,"key":"x","index":270},{"value":120,"tweenMethod":"linearNone","tween":true,"target":154,"label":null,"key":"x","index":360},{"value":120,"tweenMethod":"linearNone","tween":true,"target":154,"label":null,"key":"x","index":370},{"value":120,"tweenMethod":"linearNone","tween":true,"target":154,"label":null,"key":"x","index":390}],"scaleY":[{"value":1,"tweenMethod":"linearNone","tween":true,"target":154,"key":"scaleY","index":0},{"value":1,"tweenMethod":"linearNone","tween":true,"target":154,"label":null,"key":"scaleY","index":360},{"value":1,"tweenMethod":"linearNone","tween":true,"target":154,"label":null,"key":"scaleY","index":370},{"value":1,"tweenMethod":"linearNone","tween":true,"target":154,"label":null,"key":"scaleY","index":390}],"rotation":[{"value":0,"tweenMethod":"linearNone","tween":true,"target":154,"key":"rotation","index":0},{"value":-31,"tweenMethod":"linearNone","tween":true,"target":154,"key":"rotation","index":30},{"value":-31,"tweenMethod":"linearNone","tween":true,"target":154,"label":null,"key":"rotation","index":60},{"value":0,"tweenMethod":"linearNone","tween":true,"target":154,"key":"rotation","index":90},{"value":22,"tweenMethod":"linearNone","tween":true,"target":154,"key":"rotation","index":95},{"value":-11,"tweenMethod":"linearNone","tween":true,"target":154,"label":null,"key":"rotation","index":100},{"value":22,"tweenMethod":"linearNone","tween":true,"target":154,"label":null,"key":"rotation","index":105},{"value":0,"tweenMethod":"linearNone","tween":true,"target":154,"label":null,"key":"rotation","index":110},{"value":-32,"tweenMethod":"linearNone","tween":true,"target":154,"key":"rotation","index":140},{"value":-32,"tweenMethod":"linearNone","tween":true,"target":154,"label":null,"key":"rotation","index":170},{"value":0,"tweenMethod":"linearNone","tween":true,"target":154,"label":null,"key":"rotation","index":200},{"value":0,"tweenMethod":"linearNone","tween":true,"target":154,"label":null,"key":"rotation","index":220},{"value":13,"tweenMethod":"linearNone","tween":true,"target":154,"key":"rotation","index":230},{"value":0,"tweenMethod":"linearNone","tween":true,"target":154,"key":"rotation","index":240},{"value":13,"tweenMethod":"linearNone","tween":true,"target":154,"label":null,"key":"rotation","index":250},{"value":0,"tweenMethod":"linearNone","tween":true,"target":154,"label":null,"key":"rotation","index":260},{"value":0,"tweenMethod":"linearNone","tween":true,"target":154,"label":null,"key":"rotation","index":270},{"value":-17,"tweenMethod":"linearNone","tween":true,"target":154,"key":"rotation","index":285},{"value":0,"tweenMethod":"linearNone","tween":true,"target":154,"key":"rotation","index":295},{"value":0,"tweenMethod":"linearNone","tween":true,"target":154,"label":null,"key":"rotation","index":360},{"value":0,"tweenMethod":"linearNone","tween":true,"target":154,"label":null,"key":"rotation","index":370},{"value":0,"tweenMethod":"linearNone","tween":true,"target":154,"label":null,"key":"rotation","index":390}]}},{"target":156,"keyframes":{"y":[{"value":228,"tweenMethod":"linearNone","tween":true,"target":156,"key":"y","index":0},{"value":228,"tweenMethod":"linearNone","tween":true,"target":156,"key":"y","index":200},{"value":228,"tweenMethod":"linearNone","tween":true,"target":156,"label":null,"key":"y","index":220},{"value":228,"tweenMethod":"linearNone","tween":true,"target":156,"label":null,"key":"y","index":270},{"value":228,"tweenMethod":"linearNone","tween":true,"target":156,"label":null,"key":"y","index":360},{"value":228,"tweenMethod":"linearNone","tween":true,"target":156,"label":null,"key":"y","index":370},{"value":228,"tweenMethod":"linearNone","tween":true,"target":156,"label":null,"key":"y","index":390}],"scaleY":[{"value":1,"tweenMethod":"linearNone","tween":true,"target":156,"key":"scaleY","index":0},{"value":1,"tweenMethod":"linearNone","tween":true,"target":156,"key":"scaleY","index":35},{"value":0,"tweenMethod":"linearNone","tween":true,"target":156,"key":"scaleY","index":40},{"value":1,"tweenMethod":"linearNone","tween":true,"target":156,"key":"scaleY","index":45},{"value":1,"tweenMethod":"linearNone","tween":true,"target":156,"key":"scaleY","index":145},{"value":0,"tweenMethod":"linearNone","tween":true,"target":156,"key":"scaleY","index":150},{"value":1,"tweenMethod":"linearNone","tween":true,"target":156,"key":"scaleY","index":155},{"value":1,"tweenMethod":"linearNone","tween":true,"target":156,"key":"scaleY","index":170},{"value":1,"tweenMethod":"linearNone","tween":true,"target":156,"key":"scaleY","index":200},{"value":1,"tweenMethod":"linearNone","tween":true,"target":156,"label":null,"key":"scaleY","index":220},{"value":1,"tweenMethod":"linearNone","tween":true,"target":156,"label":null,"key":"scaleY","index":270},{"value":1,"tweenMethod":"linearNone","tween":true,"target":156,"label":null,"key":"scaleY","index":360},{"value":1,"tweenMethod":"linearNone","tween":true,"target":156,"label":null,"key":"scaleY","index":370},{"value":1,"tweenMethod":"linearNone","tween":true,"target":156,"label":null,"key":"scaleY","index":390}],"scaleX":[{"value":1,"tweenMethod":"linearNone","tween":true,"target":156,"key":"scaleX","index":0},{"value":1,"tweenMethod":"linearNone","tween":true,"target":156,"label":null,"key":"scaleX","index":360},{"value":1,"tweenMethod":"linearNone","tween":true,"target":156,"label":null,"key":"scaleX","index":370},{"value":1,"tweenMethod":"linearNone","tween":true,"target":156,"label":null,"key":"scaleX","index":390}]}},{"target":158,"keyframes":{"y":[{"value":228,"tweenMethod":"linearNone","tween":true,"target":158,"key":"y","index":0},{"value":228,"tweenMethod":"linearNone","tween":true,"target":158,"key":"y","index":200},{"value":228,"tweenMethod":"linearNone","tween":true,"target":158,"label":null,"key":"y","index":220},{"value":228,"tweenMethod":"linearNone","tween":true,"target":158,"label":null,"key":"y","index":270},{"value":228,"tweenMethod":"linearNone","tween":true,"target":158,"label":null,"key":"y","index":360},{"value":228,"tweenMethod":"linearNone","tween":true,"target":158,"label":null,"key":"y","index":370},{"value":228,"tweenMethod":"linearNone","tween":true,"target":158,"label":null,"key":"y","index":390}],"scaleY":[{"value":1,"tweenMethod":"linearNone","tween":true,"target":158,"key":"scaleY","index":0},{"value":1,"tweenMethod":"linearNone","tween":true,"target":158,"key":"scaleY","index":35},{"value":0,"tweenMethod":"linearNone","tween":true,"target":158,"key":"scaleY","index":40},{"value":1,"tweenMethod":"linearNone","tween":true,"target":158,"key":"scaleY","index":45},{"value":1,"tweenMethod":"linearNone","tween":true,"target":158,"key":"scaleY","index":145},{"value":0,"tweenMethod":"linearNone","tween":true,"target":158,"key":"scaleY","index":150},{"value":1,"tweenMethod":"linearNone","tween":true,"target":158,"key":"scaleY","index":155},{"value":1,"tweenMethod":"linearNone","tween":true,"target":158,"label":null,"key":"scaleY","index":360},{"value":1,"tweenMethod":"linearNone","tween":true,"target":158,"label":null,"key":"scaleY","index":370},{"value":1,"tweenMethod":"linearNone","tween":true,"target":158,"label":null,"key":"scaleY","index":390}]}},{"target":162,"keyframes":{"y":[{"value":355,"tweenMethod":"linearNone","tween":true,"target":162,"key":"y","index":0},{"value":355,"tweenMethod":"linearNone","tween":true,"target":162,"key":"y","index":200},{"value":355,"tweenMethod":"linearNone","tween":true,"target":162,"label":null,"key":"y","index":360},{"value":355,"tweenMethod":"linearNone","tween":true,"target":162,"label":null,"key":"y","index":370},{"value":355,"tweenMethod":"linearNone","tween":true,"target":162,"label":null,"key":"y","index":390}],"scaleY":[{"value":1,"tweenMethod":"linearNone","tween":true,"target":162,"key":"scaleY","index":0},{"value":1,"tweenMethod":"linearNone","tween":true,"target":162,"key":"scaleY","index":50},{"value":0.7,"tweenMethod":"linearNone","tween":true,"target":162,"key":"scaleY","index":55},{"value":1,"tweenMethod":"linearNone","tween":true,"target":162,"key":"scaleY","index":59},{"value":1,"tweenMethod":"linearNone","tween":true,"target":162,"key":"scaleY","index":160},{"value":0.7,"tweenMethod":"linearNone","tween":true,"target":162,"key":"scaleY","index":165},{"value":1,"tweenMethod":"linearNone","tween":true,"target":162,"key":"scaleY","index":170},{"value":1,"tweenMethod":"linearNone","tween":true,"target":162,"label":null,"key":"scaleY","index":360},{"value":1,"tweenMethod":"linearNone","tween":true,"target":162,"label":null,"key":"scaleY","index":370},{"value":1,"tweenMethod":"linearNone","tween":true,"target":162,"label":null,"key":"scaleY","index":390}],"scaleX":[{"value":1,"tweenMethod":"linearNone","tween":true,"target":162,"key":"scaleX","index":0},{"value":1,"tweenMethod":"linearNone","tween":true,"target":162,"key":"scaleX","index":50},{"value":0.7,"tweenMethod":"linearNone","tween":true,"target":162,"key":"scaleX","index":55},{"value":1,"tweenMethod":"linearNone","tween":true,"target":162,"key":"scaleX","index":59},{"value":1,"tweenMethod":"linearNone","tween":true,"target":162,"key":"scaleX","index":160},{"value":0.7,"tweenMethod":"linearNone","tween":true,"target":162,"key":"scaleX","index":165},{"value":1,"tweenMethod":"linearNone","tween":true,"target":162,"key":"scaleX","index":170},{"value":1,"tweenMethod":"linearNone","tween":true,"target":162,"label":null,"key":"scaleX","index":360},{"value":1,"tweenMethod":"linearNone","tween":true,"target":162,"label":null,"key":"scaleX","index":370},{"value":1,"tweenMethod":"linearNone","tween":true,"target":162,"label":null,"key":"scaleX","index":390}]}},{"target":166,"keyframes":{"y":[{"value":262,"tweenMethod":"linearNone","tween":true,"target":166,"key":"y","index":0},{"value":262,"tweenMethod":"linearNone","tween":true,"target":166,"label":null,"key":"y","index":360},{"value":262,"tweenMethod":"linearNone","tween":true,"target":166,"label":null,"key":"y","index":370},{"value":262,"tweenMethod":"linearNone","tween":true,"target":166,"label":null,"key":"y","index":390}],"x":[{"value":339,"tweenMethod":"linearNone","tween":true,"target":166,"key":"x","index":0},{"value":339,"tweenMethod":"linearNone","tween":true,"target":166,"label":null,"key":"x","index":360},{"value":339,"tweenMethod":"linearNone","tween":true,"target":166,"label":null,"key":"x","index":370},{"value":339,"tweenMethod":"linearNone","tween":true,"target":166,"label":null,"key":"x","index":390}],"rotation":[{"value":0,"tweenMethod":"linearNone","tween":true,"target":166,"key":"rotation","index":0},{"value":-31,"tweenMethod":"linearNone","tween":true,"target":166,"key":"rotation","index":30},{"value":-31,"tweenMethod":"linearNone","tween":true,"target":166,"label":null,"key":"rotation","index":60},{"value":0,"tweenMethod":"linearNone","tween":true,"target":166,"key":"rotation","index":90},{"value":-6,"tweenMethod":"linearNone","tween":true,"target":166,"key":"rotation","index":95},{"value":0,"tweenMethod":"linearNone","tween":true,"target":166,"key":"rotation","index":100},{"value":-6,"tweenMethod":"linearNone","tween":true,"target":166,"key":"rotation","index":105},{"value":0,"tweenMethod":"linearNone","tween":true,"target":166,"key":"rotation","index":110},{"value":20,"tweenMethod":"linearNone","tween":true,"target":166,"key":"rotation","index":140},{"value":20,"tweenMethod":"linearNone","tween":true,"target":166,"key":"rotation","index":170},{"value":0,"tweenMethod":"linearNone","tween":true,"target":166,"key":"rotation","index":200},{"value":0,"tweenMethod":"linearNone","tween":true,"target":166,"label":null,"key":"rotation","index":220},{"value":10,"tweenMethod":"linearNone","tween":true,"target":166,"key":"rotation","index":230},{"value":0,"tweenMethod":"linearNone","tween":true,"target":166,"label":null,"key":"rotation","index":240},{"value":10,"tweenMethod":"linearNone","tween":true,"target":166,"label":null,"key":"rotation","index":250},{"value":0,"tweenMethod":"linearNone","tween":true,"target":166,"label":null,"key":"rotation","index":260},{"value":10,"tweenMethod":"linearNone","tween":true,"target":166,"label":null,"key":"rotation","index":270},{"value":14,"tweenMethod":"linearNone","tween":true,"target":166,"key":"rotation","index":285},{"value":-20,"tweenMethod":"linearNone","tween":true,"target":166,"key":"rotation","index":295},{"value":0,"tweenMethod":"linearNone","tween":true,"target":166,"key":"rotation","index":305},{"value":-20,"tweenMethod":"linearNone","tween":true,"target":166,"key":"rotation","index":315},{"value":0,"tweenMethod":"linearNone","tween":true,"target":166,"key":"rotation","index":325},{"value":-20,"tweenMethod":"linearNone","tween":true,"target":166,"label":null,"key":"rotation","index":335},{"value":0,"tweenMethod":"linearNone","tween":true,"target":166,"label":null,"key":"rotation","index":345},{"value":-20,"tweenMethod":"linearNone","tween":true,"target":166,"label":null,"key":"rotation","index":360},{"value":0,"tweenMethod":"linearNone","tween":true,"target":166,"label":null,"key":"rotation","index":370},{"value":0,"tweenMethod":"linearNone","tween":true,"target":166,"label":null,"key":"rotation","index":390}],"pivotY":[{"value":121,"tweenMethod":"linearNone","tween":true,"target":166,"key":"pivotY","index":0},{"value":121,"tweenMethod":"linearNone","tween":true,"target":166,"label":null,"key":"pivotY","index":360},{"value":121,"tweenMethod":"linearNone","tween":true,"target":166,"label":null,"key":"pivotY","index":370},{"value":121,"tweenMethod":"linearNone","tween":true,"target":166,"label":null,"key":"pivotY","index":390}],"pivotX":[{"value":36,"tweenMethod":"linearNone","tween":true,"target":166,"key":"pivotX","index":0},{"value":36,"tweenMethod":"linearNone","tween":true,"target":166,"label":null,"key":"pivotX","index":360},{"value":36,"tweenMethod":"linearNone","tween":true,"target":166,"label":null,"key":"pivotX","index":370},{"value":36,"tweenMethod":"linearNone","tween":true,"target":166,"label":null,"key":"pivotX","index":390}]}}],"name":"action1","id":1,"frameRate":60,"action":0},{"nodes":[{"target":176,"keyframes":{"y":[{"value":420,"tweenMethod":"linearNone","tween":true,"target":176,"key":"y","index":0},{"value":420,"tweenMethod":"linearNone","tween":true,"target":176,"label":null,"key":"y","index":130},{"value":420,"tweenMethod":"linearNone","tween":true,"target":176,"label":null,"key":"y","index":160},{"value":420,"tweenMethod":"linearNone","tween":true,"target":176,"key":"y","index":240},{"value":309,"tweenMethod":"linearNone","tween":true,"target":176,"key":"y","index":255},{"value":309,"tweenMethod":"linearNone","tween":true,"target":176,"label":null,"key":"y","index":340},{"value":420,"tweenMethod":"linearNone","tween":true,"target":176,"label":null,"key":"y","index":370}],"x":[{"value":287,"tweenMethod":"linearNone","tween":true,"target":176,"key":"x","index":0},{"value":287,"tweenMethod":"linearNone","tween":true,"target":176,"label":null,"key":"x","index":130},{"value":287,"tweenMethod":"linearNone","tween":true,"target":176,"label":null,"key":"x","index":160},{"value":287,"tweenMethod":"linearNone","tween":true,"target":176,"key":"x","index":240},{"value":296,"tweenMethod":"linearNone","tween":true,"target":176,"key":"x","index":255},{"value":296,"tweenMethod":"linearNone","tween":true,"target":176,"label":null,"key":"x","index":340},{"value":287,"tweenMethod":"linearNone","tween":true,"target":176,"label":null,"key":"x","index":370}],"rotation":[{"value":0,"tweenMethod":"linearNone","tween":true,"target":176,"key":"rotation","index":0},{"value":-20,"tweenMethod":"linearNone","tween":true,"target":176,"key":"rotation","index":30},{"value":-20,"tweenMethod":"linearNone","tween":true,"target":176,"label":null,"key":"rotation","index":60},{"value":0,"tweenMethod":"linearNone","tween":true,"target":176,"key":"rotation","index":90},{"value":0,"tweenMethod":"linearNone","tween":true,"target":176,"label":null,"key":"rotation","index":110},{"value":20,"tweenMethod":"linearNone","tween":true,"target":176,"label":null,"key":"rotation","index":130},{"value":20,"tweenMethod":"linearNone","tween":true,"target":176,"label":null,"key":"rotation","index":160},{"value":0,"tweenMethod":"linearNone","tween":true,"target":176,"key":"rotation","index":180},{"value":0,"tweenMethod":"linearNone","tween":true,"target":176,"label":null,"key":"rotation","index":195},{"value":6,"tweenMethod":"linearNone","tween":true,"target":176,"key":"rotation","index":210},{"value":-10,"tweenMethod":"linearNone","tween":true,"target":176,"key":"rotation","index":225},{"value":0,"tweenMethod":"linearNone","tween":true,"target":176,"key":"rotation","index":240},{"value":0,"tweenMethod":"linearNone","tween":true,"target":176,"key":"rotation","index":255},{"value":8,"tweenMethod":"linearNone","tween":true,"target":176,"key":"rotation","index":270},{"value":0,"tweenMethod":"linearNone","tween":true,"target":176,"key":"rotation","index":285},{"value":8,"tweenMethod":"linearNone","tween":true,"target":176,"key":"rotation","index":300},{"value":0,"tweenMethod":"linearNone","tween":true,"target":176,"key":"rotation","index":310},{"value":8,"tweenMethod":"linearNone","tween":true,"target":176,"key":"rotation","index":325},{"value":0,"tweenMethod":"linearNone","tween":true,"target":176,"label":null,"key":"rotation","index":340},{"value":0,"tweenMethod":"linearNone","tween":true,"target":176,"label":null,"key":"rotation","index":370}],"pivotY":[{"value":401,"tweenMethod":"linearNone","tween":true,"target":176,"key":"pivotY","index":0},{"value":401,"tweenMethod":"linearNone","tween":true,"target":176,"label":null,"key":"pivotY","index":130},{"value":401,"tweenMethod":"linearNone","tween":true,"target":176,"label":null,"key":"pivotY","index":160}],"pivotX":[{"value":253,"tweenMethod":"linearNone","tween":true,"target":176,"key":"pivotX","index":0},{"value":253,"tweenMethod":"linearNone","tween":true,"target":176,"label":null,"key":"pivotX","index":130},{"value":253,"tweenMethod":"linearNone","tween":true,"target":176,"label":null,"key":"pivotX","index":160}]}},{"target":177,"keyframes":{"zOrder":[{"value":99,"tweenMethod":"linearNone","tween":true,"target":177,"key":"zOrder","index":0}],"y":[{"value":394,"tweenMethod":"linearNone","tween":true,"target":177,"key":"y","index":0},{"value":394,"tweenMethod":"linearNone","tween":true,"target":177,"key":"y","index":240},{"value":334,"tweenMethod":"linearNone","tween":true,"target":177,"key":"y","index":255},{"value":334,"tweenMethod":"linearNone","tween":true,"target":177,"label":null,"key":"y","index":340},{"value":394,"tweenMethod":"linearNone","tween":true,"target":177,"label":null,"key":"y","index":370}],"x":[{"value":274,"tweenMethod":"linearNone","tween":true,"target":177,"key":"x","index":0},{"value":274,"tweenMethod":"linearNone","tween":true,"target":177,"key":"x","index":240},{"value":305,"tweenMethod":"linearNone","tween":true,"target":177,"key":"x","index":255},{"value":305,"tweenMethod":"linearNone","tween":true,"target":177,"label":null,"key":"x","index":340},{"value":274,"tweenMethod":"linearNone","tween":true,"target":177,"label":null,"key":"x","index":370}],"rotation":[{"value":0,"tweenMethod":"linearNone","tween":true,"target":177,"key":"rotation","index":0},{"value":0,"tweenMethod":"linearNone","tween":true,"target":177,"key":"rotation","index":240},{"value":17,"tweenMethod":"linearNone","tween":true,"target":177,"key":"rotation","index":255},{"value":17,"tweenMethod":"linearNone","tween":true,"target":177,"label":null,"key":"rotation","index":340},{"value":0,"tweenMethod":"linearNone","tween":true,"target":177,"label":null,"key":"rotation","index":370}]}},{"target":174,"keyframes":{"rotation":[{"value":0,"tweenMethod":"linearNone","tween":true,"target":174,"key":"rotation","index":0},{"value":0,"tweenMethod":"linearNone","tween":true,"target":174,"key":"rotation","index":240},{"value":-134,"tweenMethod":"linearNone","tween":true,"target":174,"key":"rotation","index":255},{"value":-134,"tweenMethod":"linearNone","tween":true,"target":174,"label":null,"key":"rotation","index":340},{"value":0,"tweenMethod":"linearNone","tween":true,"target":174,"label":null,"key":"rotation","index":370}]}},{"target":172,"keyframes":{"zOrder":[{"value":95,"tweenMethod":"linearNone","tween":true,"target":172,"key":"zOrder","index":0}],"y":[{"value":331,"tweenMethod":"linearNone","tween":true,"target":172,"key":"y","index":0},{"value":340,"tweenMethod":"linearNone","tween":true,"target":172,"key":"y","index":255}],"x":[{"value":217,"tweenMethod":"linearNone","tween":true,"target":172,"key":"x","index":0},{"value":218.5,"tweenMethod":"linearNone","tween":true,"target":172,"key":"x","index":255}],"rotation":[{"value":0,"tweenMethod":"linearNone","tween":true,"target":172,"key":"rotation","index":0},{"value":0,"tweenMethod":"linearNone","tween":true,"target":172,"key":"rotation","index":240},{"value":-61,"tweenMethod":"linearNone","tween":true,"target":172,"key":"rotation","index":255},{"value":-61,"tweenMethod":"linearNone","tween":true,"target":172,"label":null,"key":"rotation","index":340},{"value":0,"tweenMethod":"linearNone","tween":true,"target":172,"label":null,"key":"rotation","index":370}]}},{"target":168,"keyframes":{"zOrder":[{"value":100,"tweenMethod":"linearNone","tween":true,"target":168,"key":"zOrder","index":0},{"value":100,"tweenMethod":"linearNone","tween":true,"target":168,"label":null,"key":"zOrder","index":90},{"value":99,"tweenMethod":"linearNone","tween":true,"target":168,"label":null,"key":"zOrder","index":240},{"value":101,"tweenMethod":"linearNone","tween":true,"target":168,"key":"zOrder","index":255},{"value":101,"tweenMethod":"linearNone","tween":true,"target":168,"label":null,"key":"zOrder","index":340},{"value":99,"tweenMethod":"linearNone","tween":true,"target":168,"label":null,"key":"zOrder","index":370}],"y":[{"value":443,"tweenMethod":"linearNone","tween":true,"target":168,"key":"y","index":0},{"value":443,"tweenMethod":"linearNone","tween":true,"target":168,"label":null,"key":"y","index":90},{"value":443,"tweenMethod":"linearNone","tween":true,"target":168,"label":null,"key":"y","index":240},{"value":387,"tweenMethod":"linearNone","tween":true,"target":168,"key":"y","index":255},{"value":387,"tweenMethod":"linearNone","tween":true,"target":168,"label":null,"key":"y","index":340},{"value":443,"tweenMethod":"linearNone","tween":true,"target":168,"label":null,"key":"y","index":370}],"x":[{"value":318,"tweenMethod":"linearNone","tween":true,"target":168,"key":"x","index":0},{"value":318,"tweenMethod":"linearNone","tween":true,"target":168,"label":null,"key":"x","index":90},{"value":318,"tweenMethod":"linearNone","tween":true,"target":168,"label":null,"key":"x","index":240},{"value":357.5,"tweenMethod":"linearNone","tween":true,"target":168,"key":"x","index":255},{"value":357.5,"tweenMethod":"linearNone","tween":true,"target":168,"label":null,"key":"x","index":340},{"value":318,"tweenMethod":"linearNone","tween":true,"target":168,"label":null,"key":"x","index":370}],"rotation":[{"value":0,"tweenMethod":"linearNone","tween":true,"target":168,"key":"rotation","index":0},{"value":-115,"tweenMethod":"linearNone","tween":true,"target":168,"key":"rotation","index":30},{"value":-115,"tweenMethod":"linearNone","tween":true,"target":168,"label":null,"key":"rotation","index":60},{"value":0,"tweenMethod":"linearNone","tween":true,"target":168,"label":null,"key":"rotation","index":90},{"value":0,"tweenMethod":"linearNone","tween":true,"target":168,"key":"rotation","index":110},{"value":40,"tweenMethod":"linearNone","tween":true,"target":168,"key":"rotation","index":130},{"value":40,"tweenMethod":"linearNone","tween":true,"target":168,"label":null,"key":"rotation","index":160},{"value":0,"tweenMethod":"linearNone","tween":true,"target":168,"key":"rotation","index":180},{"value":0,"tweenMethod":"linearNone","tween":true,"target":168,"label":null,"key":"rotation","index":195},{"value":0,"tweenMethod":"linearNone","tween":true,"target":168,"key":"rotation","index":210},{"value":0,"tweenMethod":"linearNone","tween":true,"target":168,"label":null,"key":"rotation","index":240},{"value":-135,"tweenMethod":"linearNone","tween":true,"target":168,"key":"rotation","index":255},{"value":-135,"tweenMethod":"linearNone","tween":true,"target":168,"label":null,"key":"rotation","index":340},{"value":0,"tweenMethod":"linearNone","tween":true,"target":168,"label":null,"key":"rotation","index":370}]}},{"target":170,"keyframes":{"rotation":[{"value":0,"tweenMethod":"linearNone","tween":true,"target":170,"key":"rotation","index":0},{"value":-111,"tweenMethod":"linearNone","tween":true,"target":170,"key":"rotation","index":30},{"value":-111,"tweenMethod":"linearNone","tween":true,"target":170,"label":null,"key":"rotation","index":60},{"value":0,"tweenMethod":"linearNone","tween":true,"target":170,"label":null,"key":"rotation","index":90},{"value":0,"tweenMethod":"linearNone","tween":true,"target":170,"key":"rotation","index":110},{"value":50,"tweenMethod":"linearNone","tween":true,"target":170,"key":"rotation","index":130},{"value":50,"tweenMethod":"linearNone","tween":true,"target":170,"label":null,"key":"rotation","index":160},{"value":0,"tweenMethod":"linearNone","tween":true,"target":170,"key":"rotation","index":180},{"value":0,"tweenMethod":"linearNone","tween":true,"target":170,"label":null,"key":"rotation","index":195},{"value":0,"tweenMethod":"linearNone","tween":true,"target":170,"key":"rotation","index":210},{"value":0,"tweenMethod":"linearNone","tween":true,"target":170,"key":"rotation","index":240},{"value":47,"tweenMethod":"linearNone","tween":true,"target":170,"key":"rotation","index":255},{"value":83,"tweenMethod":"linearNone","tween":true,"target":170,"key":"rotation","index":270},{"value":37,"tweenMethod":"linearNone","tween":true,"target":170,"key":"rotation","index":285},{"value":76,"tweenMethod":"linearNone","tween":true,"target":170,"key":"rotation","index":300},{"value":32,"tweenMethod":"linearNone","tween":true,"target":170,"key":"rotation","index":310},{"value":83,"tweenMethod":"linearNone","tween":true,"target":170,"label":null,"key":"rotation","index":325},{"value":47,"tweenMethod":"linearNone","tween":true,"target":170,"label":null,"key":"rotation","index":340},{"value":0,"tweenMethod":"linearNone","tween":true,"target":170,"label":null,"key":"rotation","index":370}]}},{"target":164,"keyframes":{"zOrder":[{"value":98,"tweenMethod":"linearNone","tween":true,"target":164,"key":"zOrder","index":0}],"rotation":[{"value":0,"tweenMethod":"linearNone","tween":true,"target":164,"key":"rotation","index":0}]}},{"target":152,"keyframes":{"y":[{"value":152,"tweenMethod":"linearNone","tween":true,"target":152,"key":"y","index":0},{"value":163.5,"tweenMethod":"linearNone","tween":true,"target":152,"key":"y","index":30},{"value":163.5,"tweenMethod":"linearNone","tween":true,"target":152,"label":null,"key":"y","index":60},{"value":175,"tweenMethod":"linearNone","tween":true,"target":152,"key":"y","index":95},{"value":175,"tweenMethod":"linearNone","tween":true,"target":152,"label":null,"key":"y","index":105},{"value":168,"tweenMethod":"linearNone","tween":true,"target":152,"key":"y","index":130},{"value":168,"tweenMethod":"linearNone","tween":true,"target":152,"key":"y","index":160},{"value":152,"tweenMethod":"linearNone","tween":true,"target":152,"label":null,"key":"y","index":180},{"value":152,"tweenMethod":"linearNone","tween":true,"target":152,"label":null,"key":"y","index":195},{"value":163.5,"tweenMethod":"linearNone","tween":true,"target":152,"key":"y","index":225}],"x":[{"value":380,"tweenMethod":"linearNone","tween":true,"target":152,"key":"x","index":0},{"value":374.5,"tweenMethod":"linearNone","tween":true,"target":152,"key":"x","index":30},{"value":374.5,"tweenMethod":"linearNone","tween":true,"target":152,"label":null,"key":"x","index":60},{"value":360,"tweenMethod":"linearNone","tween":true,"target":152,"key":"x","index":95},{"value":360,"tweenMethod":"linearNone","tween":true,"target":152,"label":null,"key":"x","index":105},{"value":367,"tweenMethod":"linearNone","tween":true,"target":152,"key":"x","index":130},{"value":367,"tweenMethod":"linearNone","tween":true,"target":152,"key":"x","index":160},{"value":380,"tweenMethod":"linearNone","tween":true,"target":152,"label":null,"key":"x","index":180},{"value":380,"tweenMethod":"linearNone","tween":true,"target":152,"label":null,"key":"x","index":195},{"value":374.5,"tweenMethod":"linearNone","tween":true,"target":152,"key":"x","index":225}],"rotation":[{"value":0,"tweenMethod":"linearNone","tween":true,"target":152,"key":"rotation","index":0},{"value":26,"tweenMethod":"linearNone","tween":true,"target":152,"key":"rotation","index":30},{"value":26,"tweenMethod":"linearNone","tween":true,"target":152,"label":null,"key":"rotation","index":60},{"value":0,"tweenMethod":"linearNone","tween":true,"target":152,"key":"rotation","index":90},{"value":-24,"tweenMethod":"linearNone","tween":true,"target":152,"key":"rotation","index":95},{"value":8,"tweenMethod":"linearNone","tween":true,"target":152,"label":null,"key":"rotation","index":100},{"value":-24,"tweenMethod":"linearNone","tween":true,"target":152,"label":null,"key":"rotation","index":105},{"value":0,"tweenMethod":"linearNone","tween":true,"target":152,"label":null,"key":"rotation","index":110},{"value":27,"tweenMethod":"linearNone","tween":true,"target":152,"key":"rotation","index":130},{"value":27,"tweenMethod":"linearNone","tween":true,"target":152,"label":null,"key":"rotation","index":160},{"value":1,"tweenMethod":"linearNone","tween":true,"target":152,"key":"rotation","index":180},{"value":1,"tweenMethod":"linearNone","tween":true,"target":152,"label":null,"key":"rotation","index":195},{"value":11,"tweenMethod":"linearNone","tween":true,"target":152,"key":"rotation","index":210},{"value":-14,"tweenMethod":"linearNone","tween":true,"target":152,"key":"rotation","index":225},{"value":0,"tweenMethod":"linearNone","tween":true,"target":152,"key":"rotation","index":240}]}},{"target":154,"keyframes":{"y":[{"value":144,"tweenMethod":"linearNone","tween":true,"target":154,"key":"y","index":0},{"value":162.5,"tweenMethod":"linearNone","tween":true,"target":154,"key":"y","index":30},{"value":162.5,"tweenMethod":"linearNone","tween":true,"target":154,"label":null,"key":"y","index":60},{"value":160.5,"tweenMethod":"linearNone","tween":true,"target":154,"key":"y","index":95},{"value":160.5,"tweenMethod":"linearNone","tween":true,"target":154,"label":null,"key":"y","index":105},{"value":160,"tweenMethod":"linearNone","tween":true,"target":154,"key":"y","index":130},{"value":160,"tweenMethod":"linearNone","tween":true,"target":154,"key":"y","index":160},{"value":144,"tweenMethod":"linearNone","tween":true,"target":154,"label":null,"key":"y","index":180},{"value":144,"tweenMethod":"linearNone","tween":true,"target":154,"label":null,"key":"y","index":195},{"value":152,"tweenMethod":"linearNone","tween":true,"target":154,"key":"y","index":210},{"value":162.5,"tweenMethod":"linearNone","tween":true,"target":154,"key":"y","index":225}],"x":[{"value":120,"tweenMethod":"linearNone","tween":true,"target":154,"key":"x","index":0},{"value":130.5,"tweenMethod":"linearNone","tween":true,"target":154,"key":"x","index":30},{"value":130.5,"tweenMethod":"linearNone","tween":true,"target":154,"label":null,"key":"x","index":60},{"value":137.5,"tweenMethod":"linearNone","tween":true,"target":154,"key":"x","index":95},{"value":137.5,"tweenMethod":"linearNone","tween":true,"target":154,"label":null,"key":"x","index":105},{"value":135,"tweenMethod":"linearNone","tween":true,"target":154,"key":"x","index":130},{"value":135,"tweenMethod":"linearNone","tween":true,"target":154,"key":"x","index":160},{"value":120,"tweenMethod":"linearNone","tween":true,"target":154,"label":null,"key":"x","index":180},{"value":120,"tweenMethod":"linearNone","tween":true,"target":154,"label":null,"key":"x","index":195},{"value":122,"tweenMethod":"linearNone","tween":true,"target":154,"key":"x","index":210}],"rotation":[{"value":0,"tweenMethod":"linearNone","tween":true,"target":154,"key":"rotation","index":0},{"value":-31,"tweenMethod":"linearNone","tween":true,"target":154,"key":"rotation","index":30},{"value":-31,"tweenMethod":"linearNone","tween":true,"target":154,"label":null,"key":"rotation","index":60},{"value":0,"tweenMethod":"linearNone","tween":true,"target":154,"key":"rotation","index":90},{"value":22,"tweenMethod":"linearNone","tween":true,"target":154,"key":"rotation","index":95},{"value":-11,"tweenMethod":"linearNone","tween":true,"target":154,"label":null,"key":"rotation","index":100},{"value":22,"tweenMethod":"linearNone","tween":true,"target":154,"label":null,"key":"rotation","index":105},{"value":0,"tweenMethod":"linearNone","tween":true,"target":154,"label":null,"key":"rotation","index":110},{"value":-32,"tweenMethod":"linearNone","tween":true,"target":154,"key":"rotation","index":130},{"value":-32,"tweenMethod":"linearNone","tween":true,"target":154,"label":null,"key":"rotation","index":160},{"value":0,"tweenMethod":"linearNone","tween":true,"target":154,"label":null,"key":"rotation","index":180},{"value":0,"tweenMethod":"linearNone","tween":true,"target":154,"label":null,"key":"rotation","index":195},{"value":11,"tweenMethod":"linearNone","tween":true,"target":154,"key":"rotation","index":210},{"value":-20,"tweenMethod":"linearNone","tween":true,"target":154,"key":"rotation","index":225},{"value":0,"tweenMethod":"linearNone","tween":true,"target":154,"key":"rotation","index":240}]}},{"target":156,"keyframes":{"scaleY":[{"value":1,"tweenMethod":"linearNone","tween":true,"target":156,"key":"scaleY","index":0},{"value":1,"tweenMethod":"linearNone","tween":true,"target":156,"key":"scaleY","index":37},{"value":0,"tweenMethod":"linearNone","tween":true,"target":156,"key":"scaleY","index":40},{"value":1,"tweenMethod":"linearNone","tween":true,"target":156,"key":"scaleY","index":43},{"value":1,"tweenMethod":"linearNone","tween":true,"target":156,"key":"scaleY","index":135},{"value":0,"tweenMethod":"linearNone","tween":true,"target":156,"key":"scaleY","index":137},{"value":1,"tweenMethod":"linearNone","tween":true,"target":156,"key":"scaleY","index":139}]}},{"target":158,"keyframes":{"scaleY":[{"value":1,"tweenMethod":"linearNone","tween":true,"target":158,"key":"scaleY","index":0},{"value":1,"tweenMethod":"linearNone","tween":true,"target":158,"key":"scaleY","index":37},{"value":0,"tweenMethod":"linearNone","tween":true,"target":158,"key":"scaleY","index":40},{"value":1,"tweenMethod":"linearNone","tween":true,"target":158,"key":"scaleY","index":43},{"value":1,"tweenMethod":"linearNone","tween":true,"target":158,"key":"scaleY","index":135},{"value":0,"tweenMethod":"linearNone","tween":true,"target":158,"key":"scaleY","index":137},{"value":1,"tweenMethod":"linearNone","tween":true,"target":158,"key":"scaleY","index":139}]}},{"target":162,"keyframes":{"scaleY":[{"value":1,"tweenMethod":"linearNone","tween":true,"target":162,"key":"scaleY","index":0},{"value":1,"tweenMethod":"linearNone","tween":true,"target":162,"key":"scaleY","index":48},{"value":0.7,"tweenMethod":"linearNone","tween":true,"target":162,"key":"scaleY","index":53},{"value":1,"tweenMethod":"linearNone","tween":true,"target":162,"key":"scaleY","index":58},{"value":1,"tweenMethod":"linearNone","tween":true,"target":162,"key":"scaleY","index":145},{"value":0.7,"tweenMethod":"linearNone","tween":true,"target":162,"key":"scaleY","index":150},{"value":1,"tweenMethod":"linearNone","tween":true,"target":162,"key":"scaleY","index":160}],"scaleX":[{"value":1,"tweenMethod":"linearNone","tween":true,"target":162,"key":"scaleX","index":0},{"value":1,"tweenMethod":"linearNone","tween":true,"target":162,"key":"scaleX","index":48},{"value":0.7,"tweenMethod":"linearNone","tween":true,"target":162,"key":"scaleX","index":53},{"value":1,"tweenMethod":"linearNone","tween":true,"target":162,"key":"scaleX","index":58},{"value":1,"tweenMethod":"linearNone","tween":true,"target":162,"key":"scaleX","index":145},{"value":0.7,"tweenMethod":"linearNone","tween":true,"target":162,"key":"scaleX","index":150},{"value":1,"tweenMethod":"linearNone","tween":true,"target":162,"key":"scaleX","index":160}]}},{"target":166,"keyframes":{"rotation":[{"value":0,"tweenMethod":"linearNone","tween":true,"target":166,"key":"rotation","index":0},{"value":-31,"tweenMethod":"linearNone","tween":true,"target":166,"key":"rotation","index":30},{"value":-2,"tweenMethod":"linearNone","tween":true,"target":166,"key":"rotation","index":43},{"value":-31,"tweenMethod":"linearNone","tween":true,"target":166,"label":null,"key":"rotation","index":60},{"value":0,"tweenMethod":"linearNone","tween":true,"target":166,"key":"rotation","index":90},{"value":0,"tweenMethod":"linearNone","tween":true,"target":166,"key":"rotation","index":110},{"value":20,"tweenMethod":"linearNone","tween":true,"target":166,"key":"rotation","index":130},{"value":20,"tweenMethod":"linearNone","tween":true,"target":166,"key":"rotation","index":160},{"value":0,"tweenMethod":"linearNone","tween":true,"target":166,"key":"rotation","index":180},{"value":0,"tweenMethod":"linearNone","tween":true,"target":166,"label":null,"key":"rotation","index":195},{"value":-25,"tweenMethod":"linearNone","tween":true,"target":166,"key":"rotation","index":210},{"value":0,"tweenMethod":"linearNone","tween":true,"target":166,"key":"rotation","index":240},{"value":0,"tweenMethod":"linearNone","tween":true,"target":166,"key":"rotation","index":255},{"value":-20,"tweenMethod":"linearNone","tween":true,"target":166,"key":"rotation","index":270},{"value":0,"tweenMethod":"linearNone","tween":true,"target":166,"key":"rotation","index":285},{"value":-20,"tweenMethod":"linearNone","tween":true,"target":166,"key":"rotation","index":300},{"value":0,"tweenMethod":"linearNone","tween":true,"target":166,"key":"rotation","index":310},{"value":-20,"tweenMethod":"linearNone","tween":true,"target":166,"key":"rotation","index":325},{"value":0,"tweenMethod":"linearNone","tween":true,"target":166,"key":"rotation","index":340}]}}],"name":"action1_0","id":1,"frameRate":60,"action":0}],"loadList":["Game/UI/Common/d2.png","Frame/UI/ui_orthogon_white.png","Game/UI/GameScene/Level3/youjiaomask.png","Game/UI/GameScene/Level3/youjiao.png","Game/UI/GameScene/Level3/youshoumask.png","Game/UI/GameScene/Level3/youshou.png","Game/UI/GameScene/Level3/weibamask.png","Game/UI/GameScene/Level3/weiba.png","Game/UI/GameScene/Level3/shenzimask.png","Game/UI/GameScene/Level3/shenti.png","Game/UI/GameScene/Level3/youermask.png","Game/UI/GameScene/Level3/youer.png","Game/UI/GameScene/Level3/zuoermask.png","Game/UI/GameScene/Level3/zuoer.png","Game/UI/GameScene/Level3/lianmask.png","Game/UI/GameScene/Level3/lian.png","Game/UI/GameScene/Level3/hudiejiemask.png","Game/UI/GameScene/Level3/hudiejie.png","Game/UI/GameScene/Level3/yan.png","Game/UI/GameScene/Level3/bizimask.png","Game/UI/GameScene/Level3/bizi.png","Game/UI/GameScene/Level3/zuimask.png","Game/UI/GameScene/Level3/zui.png"],"loadList3D":[]}