{"type":"View","props":{"width":720,"height":1280},"compId":2,"child":[{"type":"Image","props":{"var":"Background","top":0,"skin":"Game/UI/Common/d.png","sizeGrid":"16,15,18,8","right":0,"name":"Background","left":0,"bottom":0},"compId":11},{"type":"Sprite","props":{"y":0,"x":708,"var":"Design","texture":"Game/UI/GameScene/design/lADPD4BhrZITvbfNBQDNAtA_720_1280.jpg","name":"Design"},"compId":93},{"type":"Image","props":{"y":0,"x":0,"width":720,"skin":"Frame/UI/ui_orthogon_white.png","sizeGrid":"13,14,16,16","rotation":0,"name":"DrawingBoard","height":1200},"compId":96,"child":[{"type":"Image","props":{"y":-49,"x":2,"width":720,"var":"DrawRoot","name":"DrawRoot","height":1280},"compId":13,"child":[{"type":"Image","props":{"y":775,"x":373,"width":418,"var":"Flower","rotation":0,"pivotY":570,"pivotX":209,"name":"Flower","height":570},"compId":28,"child":[{"type":"Image","props":{"y":447,"x":209,"width":29,"var":"Stalk","sizeGrid":"0,12,0,10","pivotY":126,"pivotX":15,"name":"Stalk","height":251},"compId":19,"child":[{"type":"Image","props":{"y":0,"x":0,"width":29,"skin":"Frame/UI/ui_orthogon_cycn.png","sizeGrid":"0,12,0,10","name":"Pic","hitTestPrior":true,"height":251},"compId":39}]},{"type":"Image","props":{"y":211,"x":209,"width":418,"var":"PetalParent","rotation":0,"pivotY":211,"pivotX":209,"name":"PetalParent","height":400},"compId":27,"child":[{"type":"Image","props":{"y":212,"x":211,"width":250,"var":"Petal4","rotation":-225,"pivotY":90,"name":"Petal4","height":180},"compId":17,"child":[{"type":"Image","props":{"y":90,"x":0,"width":250,"skin":"Game/UI/GameScene/Petal.png","rotation":0,"pivotY":90,"name":"Pic","height":180},"compId":34},{"type":"Image","props":{"width":250,"skin":"Game/UI/GameScene/PetalMask.png","renderType":"mask","height":180},"compId":55}]},{"type":"Image","props":{"y":209,"x":223,"width":250,"var":"Petal3","rotation":-135,"pivotY":100,"name":"Petal3","height":180},"compId":16,"child":[{"type":"Image","props":{"y":90,"x":0,"width":250,"skin":"Game/UI/GameScene/Petal.png","rotation":0,"pivotY":90,"name":"Pic","height":180},"compId":36},{"type":"Image","props":{"y":0,"x":0,"width":250,"skin":"Game/UI/GameScene/PetalMask.png","renderType":"mask","height":180},"compId":56}]},{"type":"Image","props":{"y":220,"x":211,"width":250,"var":"Petal2","rotation":-45,"pivotY":100,"name":"Petal2","height":180},"compId":15,"child":[{"type":"Image","props":{"y":90,"x":0,"width":250,"skin":"Game/UI/GameScene/Petal.png","rotation":0,"pivotY":90,"name":"Pic","height":180},"compId":37},{"type":"Image","props":{"y":0,"x":0,"width":250,"skin":"Game/UI/GameScene/PetalMask.png","renderType":"mask","height":180},"compId":57}]},{"type":"Image","props":{"y":217,"x":197,"width":250,"var":"Petal1","rotation":45,"pivotY":100,"name":"Petal1","height":180},"compId":14,"child":[{"type":"Image","props":{"y":90,"x":0,"width":250,"skin":"Game/UI/GameScene/Petal.png","rotation":0,"pivotY":90,"name":"Pic","height":180},"compId":38},{"type":"Image","props":{"y":0,"x":0,"width":250,"skin":"Game/UI/GameScene/PetalMask.png","renderType":"mask","height":180},"compId":58}]}]},{"type":"Image","props":{"y":218.5,"x":206,"width":210,"var":"Head","pivotY":102,"pivotX":105,"name":"Head","height":203},"compId":29,"child":[{"type":"Image","props":{"y":46,"x":53,"width":200,"var":"Face","pivotY":46,"pivotX":47,"name":"Face","mouseThrough":true,"height":200},"compId":18,"child":[{"type":"Image","props":{"y":0,"x":0,"width":200,"skin":"Game/UI/GameScene/face.png","name":"Pic","mouseThrough":true,"height":200},"compId":40}]},{"type":"Image","props":{"y":53,"x":127,"width":40,"skin":"Frame/UI/ui_circle_011.png","name":"Eye2","height":40},"compId":23},{"type":"Image","props":{"y":73,"x":73,"width":40,"var":"Eye1","skin":"Frame/UI/ui_circle_011.png","pivotY":20,"pivotX":20,"name":"Eye1","height":40},"compId":22},{"type":"Image","props":{"y":131,"x":70,"width":77,"var":"Mouth","skin":"Frame/UI/ui_l_orthogon_red.png","sizeGrid":"7,6,7,5","name":"Mouth","height":31},"compId":25}]}]},{"type":"Image","props":{"y":777,"x":362,"width":100,"var":"Leaf1","rotation":-60,"pivotY":150,"pivotX":50,"name":"Leaf1","height":150},"compId":20,"child":[{"type":"Image","props":{"y":0,"x":0,"width":100,"skin":"Frame/UI/ui_circle_001.png","rotation":0,"name":"Pic","height":150},"compId":43}]},{"type":"Image","props":{"y":777,"x":377,"width":100,"var":"Leaf2","rotation":60,"pivotY":150,"pivotX":50,"name":"Leaf2","height":150},"compId":21,"child":[{"type":"Image","props":{"y":0,"x":0,"width":100,"skin":"Frame/UI/ui_circle_001.png","rotation":0,"name":"Pic","height":150},"compId":42}]}]}]},{"type":"Image","props":{"y":97,"x":96,"width":122,"visible":false,"var":"BtnBack","skin":"Frame/UI/ui_l_orthogon_red.png","sizeGrid":"13,19,20,14","pivotY":60,"pivotX":61,"name":"BtnBack","height":120},"compId":3,"child":[{"type":"Label","props":{"width":195,"valign":"middle","text":"下一关","name":"下一关","height":80,"fontSize":30,"centerY":0,"centerX":0,"bold":true,"align":"center"},"compId":8}]},{"type":"List","props":{"y":1055,"x":360,"width":638,"var":"PencilsList","spaceY":-40,"spaceX":-10,"repeatY":2,"pivotY":190,"pivotX":319,"name":"PencilsList","height":379},"compId":45,"child":[{"type":"Box","props":{"y":112,"x":66,"width":113,"renderType":"render","pivotY":109,"pivotX":57,"height":201},"compId":46,"child":[{"type":"Image","props":{"skin":"Game/UI/GameScene/Pencils/Single/chengse.png","sizeGrid":"101,0,17,0","rotation":0,"pivotY":33,"pivotX":50,"name":"Pic","centerY":0,"centerX":0},"compId":31}]}]},{"type":"Image","props":{"y":821,"x":360,"width":573,"visible":true,"var":"StepSwitch","pivotY":56,"pivotX":287,"name":"StepSwitch","height":112},"compId":95,"child":[{"type":"Image","props":{"y":58,"x":73,"width":74,"visible":false,"var":"BtnLastStep","skin":"Game/UI/GameScene/zuo.png","sizeGrid":"19,11,12,14","pivotY":31,"pivotX":37,"name":"BtnLastStep","height":61},"compId":49},{"type":"Image","props":{"y":58,"x":495,"width":74,"visible":false,"var":"BtnNextStep","skin":"Game/UI/GameScene/you.png","sizeGrid":"19,11,12,14","pivotY":30,"pivotX":37,"name":"BtnLastStep","height":59},"compId":50}]},{"type":"Image","props":{"y":821,"x":563,"width":104,"skin":"Game/UI/GameScene/compelet.png","pivotY":39,"pivotX":52,"name":"BtnCompelet","height":78},"compId":94}],"animations":[{"nodes":[{"target":27,"keyframes":{"rotation":[{"value":0,"tweenMethod":"linearNone","tween":true,"target":27,"key":"rotation","index":0},{"value":-90,"tweenMethod":"linearNone","tween":true,"target":27,"key":"rotation","index":20},{"value":0,"tweenMethod":"linearNone","tween":true,"target":27,"label":null,"key":"rotation","index":40},{"value":90,"tweenMethod":"linearNone","tween":true,"target":27,"key":"rotation","index":60},{"value":0,"tweenMethod":"linearNone","tween":true,"target":27,"label":null,"key":"rotation","index":80},{"value":100,"tweenMethod":"linearNone","tween":true,"target":27,"key":"rotation","index":100},{"value":0,"tweenMethod":"linearNone","tween":true,"target":27,"key":"rotation","index":120}]}},{"target":20,"keyframes":{"rotation":[{"value":-60,"tweenMethod":"linearNone","tween":true,"target":20,"key":"rotation","index":0},{"value":-40,"tweenMethod":"linearNone","tween":true,"target":20,"key":"rotation","index":60},{"value":-39,"tweenMethod":"linearNone","tween":true,"target":20,"label":null,"key":"rotation","index":80},{"value":-60,"tweenMethod":"linearNone","tween":true,"target":20,"label":null,"key":"rotation","index":120}]}},{"target":21,"keyframes":{"rotation":[{"value":60,"tweenMethod":"linearNone","tween":true,"target":21,"label":null,"key":"rotation","index":0},{"value":40,"tweenMethod":"linearNone","tween":true,"target":21,"key":"rotation","index":20},{"value":60,"tweenMethod":"linearNone","tween":true,"target":21,"label":null,"key":"rotation","index":40},{"value":35,"tweenMethod":"linearNone","tween":true,"target":21,"label":null,"key":"rotation","index":80},{"value":60,"tweenMethod":"linearNone","tween":true,"target":21,"label":null,"key":"rotation","index":120}]}},{"target":28,"keyframes":{"y":[{"value":775,"tweenMethod":"linearNone","tween":true,"target":28,"key":"y","index":0},{"value":575,"tweenMethod":"linearNone","tween":true,"target":28,"key":"y","index":100},{"value":775,"tweenMethod":"linearNone","tween":true,"target":28,"key":"y","index":120}],"rotation":[{"value":0,"tweenMethod":"linearNone","tween":true,"target":28,"key":"rotation","index":0},{"value":12,"tweenMethod":"linearNone","tween":true,"target":28,"key":"rotation","index":20},{"value":0,"tweenMethod":"linearNone","tween":true,"target":28,"label":null,"key":"rotation","index":40},{"value":-12,"tweenMethod":"linearNone","tween":true,"target":28,"key":"rotation","index":60},{"value":0,"tweenMethod":"linearNone","tween":true,"target":28,"label":null,"key":"rotation","index":80}]}}],"name":"action1","id":1,"frameRate":60,"action":0}],"loadList":["Game/UI/Common/d.png","Game/UI/GameScene/design/lADPD4BhrZITvbfNBQDNAtA_720_1280.jpg","Frame/UI/ui_orthogon_white.png","Frame/UI/ui_orthogon_cycn.png","Game/UI/GameScene/Petal.png","Game/UI/GameScene/PetalMask.png","Game/UI/GameScene/face.png","Frame/UI/ui_circle_011.png","Frame/UI/ui_l_orthogon_red.png","Frame/UI/ui_circle_001.png","Game/UI/GameScene/Pencils/Single/chengse.png","Game/UI/GameScene/zuo.png","Game/UI/GameScene/you.png","Game/UI/GameScene/compelet.png"],"loadList3D":[]}