{"type":"View","props":{"width":720,"height":1280},"compId":2,"child":[{"type":"Image","props":{"var":"Background","top":0,"skin":"Frame/UI/ui_orthogon_white.png","sizeGrid":"16,15,18,8","right":0,"name":"Background","left":0,"bottom":0},"compId":11},{"type":"Image","props":{"y":0,"x":0,"width":720,"var":"DrawRoot","name":"DrawRoot","height":1280},"compId":13,"child":[{"type":"Image","props":{"y":324,"x":317,"width":680,"pivotY":181,"pivotX":297,"name":"Wugui","height":443},"compId":145,"child":[{"type":"Image","props":{"y":214,"x":150,"width":135,"var":"Draw8","skin":"Game/UI/GameScene/Level2/weimask.png","pivotY":50,"pivotX":135,"name":"Draw8","height":99},"compId":105,"child":[{"type":"Image","props":{"skin":"Game/UI/GameScene/Level2/weimask.png","renderType":"mask"},"compId":137},{"type":"Image","props":{"y":0,"x":0,"skin":"Game/UI/GameScene/Level2/wei.png","name":"Pic"},"compId":133}]},{"type":"Image","props":{"y":179,"x":410,"width":264,"pivotY":109,"name":"Head","height":218},"compId":136,"child":[{"type":"Image","props":{"y":156,"x":33,"width":254,"var":"Draw2","skin":"Game/UI/GameScene/Level2/guitoumask.png","pivotY":156,"pivotX":22,"name":"Draw2","height":217},"compId":104,"child":[{"type":"Image","props":{"y":0,"x":0,"skin":"Game/UI/GameScene/Level2/guitou.png","name":"Pic"},"compId":135},{"type":"Image","props":{"skin":"Game/UI/GameScene/Level2/guitoumask.png","renderType":"mask"},"compId":138}]},{"type":"Image","props":{"zOrder":100,"y":69,"x":178,"width":27,"skin":"Game/UI/GameScene/Level2/yan2.png","pivotY":14,"pivotX":14,"name":"Eye1","height":27},"compId":108},{"type":"Image","props":{"zOrder":100,"y":71,"x":120,"width":27,"skin":"Game/UI/GameScene/Level2/yan.png","pivotY":14,"pivotX":14,"name":"Eye2","height":27},"compId":107},{"type":"Image","props":{"y":151,"x":152,"width":134,"var":"Draw1","skin":"Game/UI/GameScene/Level2/zuimask.png","pivotY":67,"pivotX":67,"name":"Draw1","height":97},"compId":112,"child":[{"type":"Image","props":{"y":0,"x":-4,"skin":"Game/UI/GameScene/Level2/zui.png","name":"Pic"},"compId":113},{"type":"Image","props":{"skin":"Game/UI/GameScene/Level2/zuimask.png","renderType":"mask"},"compId":139}]}]},{"type":"Image","props":{"y":250,"x":183,"width":111,"var":"Draw7","skin":"Game/UI/GameScene/Level2/houtuimask.png","rotation":13,"pivotX":56,"name":"Draw7","height":142},"compId":101,"child":[{"type":"Image","props":{"y":0,"x":0,"skin":"Game/UI/GameScene/Level2/houtui2.png","name":"Pic"},"compId":122},{"type":"Image","props":{"y":0,"x":0,"skin":"Game/UI/GameScene/Level2/houtui2mask.png","renderType":"mask"},"compId":140}]},{"type":"Image","props":{"y":262,"x":221,"width":111,"var":"Draw6","skin":"Game/UI/GameScene/Level2/houtui2mask.png","rotation":-5,"pivotX":56,"name":"Draw6","height":142},"compId":100,"child":[{"type":"Image","props":{"y":0,"x":0,"skin":"Game/UI/GameScene/Level2/houtui.png","name":"Pic"},"compId":120},{"type":"Image","props":{"skin":"Game/UI/GameScene/Level2/houtuimask.png","renderType":"mask"},"compId":141}]},{"type":"Image","props":{"y":266,"x":357,"width":113,"var":"Draw5","skin":"Game/UI/GameScene/Level2/qiantuimask.png","rotation":15,"pivotX":57,"name":"Draw5","height":142},"compId":103,"child":[{"type":"Image","props":{"y":0,"x":0,"skin":"Game/UI/GameScene/Level2/qiantui.png","name":"Pic"},"compId":124},{"type":"Image","props":{"skin":"Game/UI/GameScene/Level2/qiantui2mask.png","renderType":"mask"},"compId":142}]},{"type":"Image","props":{"y":265,"x":399,"width":113,"var":"Draw4","skin":"Game/UI/GameScene/Level2/qiantui2mask.png","rotation":-7,"pivotX":57,"name":"Draw4","height":142},"compId":129,"child":[{"type":"Image","props":{"y":0,"x":0,"skin":"Game/UI/GameScene/Level2/qiantui2.png","name":"Pic"},"compId":131},{"type":"Image","props":{"skin":"Game/UI/GameScene/Level2/qiantuimask.png","renderType":"mask"},"compId":143}]},{"type":"Image","props":{"y":164,"x":290,"width":397,"var":"Draw3","skin":"Game/UI/GameScene/Level2/guikemask.png","pivotY":139,"pivotX":199,"name":"Draw3","height":294},"compId":97,"child":[{"type":"Image","props":{"skin":"Game/UI/GameScene/Level2/guikemask.png"},"compId":147},{"type":"Image","props":{"y":0,"x":0,"skin":"Game/UI/GameScene/Level2/guike.png","name":"Pic"},"compId":128},{"type":"Image","props":{"skin":"Game/UI/GameScene/Level2/guikemask.png","renderType":"mask"},"compId":146}]}]}]}],"animations":[{"nodes":[{"target":136,"keyframes":{"zOrder":[{"value":-10,"tweenMethod":"linearNone","tween":true,"target":136,"key":"zOrder","index":0},{"value":-10,"tweenMethod":"linearNone","tween":true,"target":136,"label":null,"key":"zOrder","index":336},{"value":-10,"tweenMethod":"linearNone","tween":true,"target":136,"label":null,"key":"zOrder","index":350},{"value":-10,"tweenMethod":"linearNone","tween":true,"target":136,"label":null,"key":"zOrder","index":365}],"y":[{"value":179,"tweenMethod":"linearNone","tween":true,"target":136,"key":"y","index":0},{"value":179,"tweenMethod":"linearNone","tween":true,"target":136,"key":"y","index":10},{"value":179,"tweenMethod":"linearNone","tween":true,"target":136,"label":null,"key":"y","index":20},{"value":179,"tweenMethod":"linearNone","tween":true,"target":136,"label":null,"key":"y","index":30},{"value":179,"tweenMethod":"linearNone","tween":true,"target":136,"label":null,"key":"y","index":50},{"value":221.5,"tweenMethod":"linearNone","tween":true,"target":136,"key":"y","index":60},{"value":197,"tweenMethod":"linearNone","tween":true,"target":136,"key":"y","index":210},{"value":197,"tweenMethod":"linearNone","tween":true,"target":136,"key":"y","index":211},{"value":183.08000000000004,"tweenMethod":"linearNone","tween":true,"target":136,"key":"y","index":212},{"value":275,"tweenMethod":"linearNone","tween":true,"target":136,"key":"y","index":220},{"value":275,"tweenMethod":"linearNone","tween":true,"target":136,"key":"y","index":245},{"value":275,"tweenMethod":"linearNone","tween":true,"target":136,"key":"y","index":295},{"value":154,"tweenMethod":"linearNone","tween":true,"target":136,"key":"y","index":305},{"value":240,"tweenMethod":"linearNone","tween":true,"target":136,"key":"y","index":315},{"value":164,"tweenMethod":"linearNone","tween":true,"target":136,"label":null,"key":"y","index":336},{"value":164,"tweenMethod":"linearNone","tween":true,"target":136,"label":null,"key":"y","index":350},{"value":179,"tweenMethod":"linearNone","tween":true,"target":136,"label":null,"key":"y","index":365}],"x":[{"value":410,"tweenMethod":"linearNone","tween":true,"target":136,"key":"x","index":0},{"value":410,"tweenMethod":"linearNone","tween":true,"target":136,"key":"x","index":10},{"value":410,"tweenMethod":"linearNone","tween":true,"target":136,"label":null,"key":"x","index":20},{"value":410,"tweenMethod":"linearNone","tween":true,"target":136,"label":null,"key":"x","index":30},{"value":410,"tweenMethod":"linearNone","tween":true,"target":136,"label":null,"key":"x","index":50},{"value":206,"tweenMethod":"linearNone","tween":true,"target":136,"key":"x","index":60},{"value":206,"tweenMethod":"linearNone","tween":true,"target":136,"key":"x","index":210},{"value":185,"tweenMethod":"linearNone","tween":true,"target":136,"key":"x","index":211},{"value":184.15999999999997,"tweenMethod":"linearNone","tween":true,"target":136,"key":"x","index":212},{"value":371,"tweenMethod":"linearNone","tween":true,"target":136,"key":"x","index":220},{"value":371,"tweenMethod":"linearNone","tween":true,"target":136,"key":"x","index":245},{"value":371,"tweenMethod":"linearNone","tween":true,"target":136,"key":"x","index":295},{"value":181.2,"tweenMethod":"linearNone","tween":true,"target":136,"key":"x","index":305},{"value":227.86,"tweenMethod":"linearNone","tween":true,"target":136,"key":"x","index":315},{"value":196.5,"tweenMethod":"linearNone","tween":true,"target":136,"label":null,"key":"x","index":336},{"value":196.5,"tweenMethod":"linearNone","tween":true,"target":136,"label":null,"key":"x","index":350},{"value":410,"tweenMethod":"linearNone","tween":true,"target":136,"label":null,"key":"x","index":365}],"scaleY":[{"value":1,"tweenMethod":"linearNone","tween":true,"target":136,"key":"scaleY","index":0},{"value":1,"tweenMethod":"linearNone","tween":true,"target":136,"key":"scaleY","index":210},{"value":1,"tweenMethod":"linearNone","tween":true,"target":136,"key":"scaleY","index":212},{"value":1,"tweenMethod":"linearNone","tween":true,"target":136,"key":"scaleY","index":220},{"value":1,"tweenMethod":"linearNone","tween":true,"target":136,"key":"scaleY","index":245},{"value":1,"tweenMethod":"linearNone","tween":true,"target":136,"key":"scaleY","index":255},{"value":1,"tweenMethod":"linearNone","tween":true,"target":136,"key":"scaleY","index":265},{"value":1,"tweenMethod":"linearNone","tween":true,"target":136,"label":null,"key":"scaleY","index":275},{"value":1,"tweenMethod":"linearNone","tween":true,"target":136,"label":null,"key":"scaleY","index":285},{"value":1,"tweenMethod":"linearNone","tween":true,"target":136,"key":"scaleY","index":295},{"value":0,"tweenMethod":"linearNone","tween":true,"target":136,"key":"scaleY","index":335},{"value":1,"tweenMethod":"linearNone","tween":true,"target":136,"label":null,"key":"scaleY","index":336},{"value":1,"tweenMethod":"linearNone","tween":true,"target":136,"label":null,"key":"scaleY","index":350},{"value":1,"tweenMethod":"linearNone","tween":true,"target":136,"label":null,"key":"scaleY","index":365}],"scaleX":[{"value":1,"tweenMethod":"linearNone","tween":true,"target":136,"key":"scaleX","index":0},{"value":1,"tweenMethod":"linearNone","tween":true,"target":136,"key":"scaleX","index":210},{"value":1,"tweenMethod":"linearNone","tween":true,"target":136,"key":"scaleX","index":211},{"value":-1,"tweenMethod":"linearNone","tween":true,"target":136,"key":"scaleX","index":212},{"value":-1,"tweenMethod":"linearNone","tween":true,"target":136,"key":"scaleX","index":220},{"value":-1,"tweenMethod":"linearNone","tween":true,"target":136,"key":"scaleX","index":245},{"value":-1,"tweenMethod":"linearNone","tween":true,"target":136,"key":"scaleX","index":255},{"value":-1,"tweenMethod":"linearNone","tween":true,"target":136,"key":"scaleX","index":265},{"value":-1,"tweenMethod":"linearNone","tween":true,"target":136,"label":null,"key":"scaleX","index":275},{"value":-1,"tweenMethod":"linearNone","tween":true,"target":136,"label":null,"key":"scaleX","index":285},{"value":-1,"tweenMethod":"linearNone","tween":true,"target":136,"key":"scaleX","index":295},{"value":0,"tweenMethod":"linearNone","tween":true,"target":136,"key":"scaleX","index":335},{"value":1,"tweenMethod":"linearNone","tween":true,"target":136,"label":null,"key":"scaleX","index":336},{"value":1,"tweenMethod":"linearNone","tween":true,"target":136,"label":null,"key":"scaleX","index":350},{"value":1,"tweenMethod":"linearNone","tween":true,"target":136,"label":null,"key":"scaleX","index":365}],"rotation":[{"value":9,"tweenMethod":"linearNone","tween":true,"target":136,"key":"rotation","index":0},{"value":-9,"tweenMethod":"linearNone","tween":true,"target":136,"key":"rotation","index":10},{"value":9,"tweenMethod":"linearNone","tween":true,"target":136,"label":null,"key":"rotation","index":20},{"value":-9,"tweenMethod":"linearNone","tween":true,"target":136,"label":null,"key":"rotation","index":30},{"value":-9,"tweenMethod":"linearNone","tween":true,"target":136,"label":null,"key":"rotation","index":50},{"value":0,"tweenMethod":"linearNone","tween":true,"target":136,"key":"rotation","index":210},{"value":0,"tweenMethod":"linearNone","tween":true,"target":136,"key":"rotation","index":211},{"value":180,"tweenMethod":"linearNone","tween":true,"target":136,"key":"rotation","index":212},{"value":180,"tweenMethod":"linearNone","tween":true,"target":136,"key":"rotation","index":220},{"value":180,"tweenMethod":"linearNone","tween":true,"target":136,"key":"rotation","index":245},{"value":184,"tweenMethod":"linearNone","tween":true,"target":136,"key":"rotation","index":255},{"value":181,"tweenMethod":"linearNone","tween":true,"target":136,"key":"rotation","index":265},{"value":184,"tweenMethod":"linearNone","tween":true,"target":136,"label":null,"key":"rotation","index":275},{"value":181,"tweenMethod":"linearNone","tween":true,"target":136,"label":null,"key":"rotation","index":285},{"value":198,"tweenMethod":"linearNone","tween":true,"target":136,"key":"rotation","index":295},{"value":9,"tweenMethod":"linearNone","tween":true,"target":136,"label":null,"key":"rotation","index":336},{"value":9,"tweenMethod":"linearNone","tween":true,"target":136,"label":null,"key":"rotation","index":350},{"value":9,"tweenMethod":"linearNone","tween":true,"target":136,"label":null,"key":"rotation","index":365}]}},{"target":108,"keyframes":{"scaleY":[{"value":1,"tweenMethod":"linearNone","tween":true,"target":108,"key":"scaleY","index":0},{"value":1,"tweenMethod":"linearNone","tween":true,"target":108,"key":"scaleY","index":10},{"value":1,"tweenMethod":"linearNone","tween":true,"target":108,"label":null,"key":"scaleY","index":20},{"value":1,"tweenMethod":"linearNone","tween":true,"target":108,"label":null,"key":"scaleY","index":30},{"value":0,"tweenMethod":"linearNone","tween":true,"target":108,"key":"scaleY","index":40},{"value":1,"tweenMethod":"linearNone","tween":true,"target":108,"label":null,"key":"scaleY","index":50}],"scaleX":[{"value":1,"tweenMethod":"linearNone","tween":true,"target":108,"key":"scaleX","index":0},{"value":1,"tweenMethod":"linearNone","tween":true,"target":108,"key":"scaleX","index":10},{"value":1,"tweenMethod":"linearNone","tween":true,"target":108,"label":null,"key":"scaleX","index":20},{"value":1,"tweenMethod":"linearNone","tween":true,"target":108,"label":null,"key":"scaleX","index":30},{"value":1,"tweenMethod":"linearNone","tween":true,"target":108,"label":null,"key":"scaleX","index":50}]}},{"target":107,"keyframes":{"scaleY":[{"value":1,"tweenMethod":"linearNone","tween":true,"target":107,"key":"scaleY","index":0},{"value":1,"tweenMethod":"linearNone","tween":true,"target":107,"key":"scaleY","index":10},{"value":1,"tweenMethod":"linearNone","tween":true,"target":107,"label":null,"key":"scaleY","index":20},{"value":1,"tweenMethod":"linearNone","tween":true,"target":107,"label":null,"key":"scaleY","index":30},{"value":0,"tweenMethod":"linearNone","tween":true,"target":107,"key":"scaleY","index":40},{"value":1,"tweenMethod":"linearNone","tween":true,"target":107,"label":null,"key":"scaleY","index":50}]}},{"target":129,"keyframes":{"y":[{"value":265,"tweenMethod":"linearNone","tween":true,"target":129,"key":"y","index":0},{"value":265,"tweenMethod":"linearNone","tween":true,"target":129,"label":null,"key":"y","index":60},{"value":133,"tweenMethod":"linearNone","tween":true,"target":129,"key":"y","index":70},{"value":132.5,"tweenMethod":"linearNone","tween":true,"target":129,"key":"y","index":220},{"value":275,"tweenMethod":"linearNone","tween":true,"target":129,"key":"y","index":225},{"value":275,"tweenMethod":"linearNone","tween":true,"target":129,"key":"y","index":245},{"value":275,"tweenMethod":"linearNone","tween":true,"target":129,"key":"y","index":295},{"value":150.5,"tweenMethod":"linearNone","tween":true,"target":129,"key":"y","index":305},{"value":158.5,"tweenMethod":"linearNone","tween":true,"target":129,"key":"y","index":336},{"value":158.5,"tweenMethod":"linearNone","tween":true,"target":129,"label":null,"key":"y","index":350},{"value":265,"tweenMethod":"linearNone","tween":true,"target":129,"key":"y","index":365}],"x":[{"value":399,"tweenMethod":"linearNone","tween":true,"target":129,"key":"x","index":0},{"value":399,"tweenMethod":"linearNone","tween":true,"target":129,"label":null,"key":"x","index":60},{"value":357,"tweenMethod":"linearNone","tween":true,"target":129,"key":"x","index":70},{"value":356.5,"tweenMethod":"linearNone","tween":true,"target":129,"key":"x","index":220},{"value":360,"tweenMethod":"linearNone","tween":true,"target":129,"key":"x","index":225},{"value":362,"tweenMethod":"linearNone","tween":true,"target":129,"key":"x","index":245},{"value":362,"tweenMethod":"linearNone","tween":true,"target":129,"key":"x","index":295},{"value":313.2,"tweenMethod":"linearNone","tween":true,"target":129,"key":"x","index":305},{"value":375.5,"tweenMethod":"linearNone","tween":true,"target":129,"key":"x","index":336},{"value":375.5,"tweenMethod":"linearNone","tween":true,"target":129,"label":null,"key":"x","index":350},{"value":399,"tweenMethod":"linearNone","tween":true,"target":129,"key":"x","index":365}],"rotation":[{"value":-7,"tweenMethod":"linearNone","tween":true,"target":129,"key":"rotation","index":0},{"value":0,"tweenMethod":"linearNone","tween":true,"target":129,"key":"rotation","index":245},{"value":23,"tweenMethod":"linearNone","tween":true,"target":129,"key":"rotation","index":255},{"value":-18,"tweenMethod":"linearNone","tween":true,"target":129,"key":"rotation","index":265},{"value":23,"tweenMethod":"linearNone","tween":true,"target":129,"label":null,"key":"rotation","index":275},{"value":-18,"tweenMethod":"linearNone","tween":true,"target":129,"label":null,"key":"rotation","index":285},{"value":23,"tweenMethod":"linearNone","tween":true,"target":129,"label":null,"key":"rotation","index":295},{"value":-7,"tweenMethod":"linearNone","tween":true,"target":129,"key":"rotation","index":365}]}},{"target":103,"keyframes":{"zOrder":[{"value":0,"tweenMethod":"linearNone","tween":true,"target":103,"key":"zOrder","index":0},{"value":-10,"tweenMethod":"linearNone","tween":true,"target":103,"key":"zOrder","index":265},{"value":-50,"tweenMethod":"linearNone","tween":true,"target":103,"key":"zOrder","index":275}],"y":[{"value":266,"tweenMethod":"linearNone","tween":true,"target":103,"key":"y","index":0},{"value":266,"tweenMethod":"linearNone","tween":true,"target":103,"label":null,"key":"y","index":65},{"value":164,"tweenMethod":"linearNone","tween":true,"target":103,"key":"y","index":75},{"value":163,"tweenMethod":"linearNone","tween":true,"target":103,"key":"y","index":220},{"value":150.5,"tweenMethod":"linearNone","tween":true,"target":103,"key":"y","index":225},{"value":263,"tweenMethod":"linearNone","tween":true,"target":103,"key":"y","index":230},{"value":263,"tweenMethod":"linearNone","tween":true,"target":103,"label":null,"key":"y","index":245},{"value":263,"tweenMethod":"linearNone","tween":true,"target":103,"key":"y","index":295},{"value":154,"tweenMethod":"linearNone","tween":true,"target":103,"key":"y","index":305},{"value":158.5,"tweenMethod":"linearNone","tween":true,"target":103,"key":"y","index":336},{"value":158.5,"tweenMethod":"linearNone","tween":true,"target":103,"label":null,"key":"y","index":350},{"value":266,"tweenMethod":"linearNone","tween":true,"target":103,"key":"y","index":365}],"x":[{"value":357,"tweenMethod":"linearNone","tween":true,"target":103,"key":"x","index":0},{"value":356.5,"tweenMethod":"linearNone","tween":true,"target":103,"key":"x","index":220},{"value":340,"tweenMethod":"linearNone","tween":true,"target":103,"key":"x","index":225},{"value":340,"tweenMethod":"linearNone","tween":true,"target":103,"key":"x","index":230},{"value":340,"tweenMethod":"linearNone","tween":true,"target":103,"label":null,"key":"x","index":245},{"value":340,"tweenMethod":"linearNone","tween":true,"target":103,"key":"x","index":295},{"value":294.2,"tweenMethod":"linearNone","tween":true,"target":103,"key":"x","index":305},{"value":340,"tweenMethod":"linearNone","tween":true,"target":103,"key":"x","index":336},{"value":340,"tweenMethod":"linearNone","tween":true,"target":103,"label":null,"key":"x","index":350},{"value":357,"tweenMethod":"linearNone","tween":true,"target":103,"key":"x","index":365}],"rotation":[{"value":15,"tweenMethod":"linearNone","tween":true,"target":103,"key":"rotation","index":0},{"value":13,"tweenMethod":"linearNone","tween":true,"target":103,"key":"rotation","index":230},{"value":13,"tweenMethod":"linearNone","tween":true,"target":103,"label":null,"key":"rotation","index":245},{"value":-23,"tweenMethod":"linearNone","tween":true,"target":103,"key":"rotation","index":255},{"value":25,"tweenMethod":"linearNone","tween":true,"target":103,"key":"rotation","index":265},{"value":-40,"tweenMethod":"linearNone","tween":true,"target":103,"label":null,"key":"rotation","index":275},{"value":25,"tweenMethod":"linearNone","tween":true,"target":103,"label":null,"key":"rotation","index":285},{"value":-23,"tweenMethod":"linearNone","tween":true,"target":103,"label":null,"key":"rotation","index":295},{"value":15,"tweenMethod":"linearNone","tween":true,"target":103,"key":"rotation","index":365}]}},{"target":100,"keyframes":{"y":[{"value":262,"tweenMethod":"linearNone","tween":true,"target":100,"key":"y","index":0},{"value":262,"tweenMethod":"linearNone","tween":true,"target":100,"label":null,"key":"y","index":70},{"value":150.5,"tweenMethod":"linearNone","tween":true,"target":100,"key":"y","index":80},{"value":150,"tweenMethod":"linearNone","tween":true,"target":100,"key":"y","index":220},{"value":271,"tweenMethod":"linearNone","tween":true,"target":100,"key":"y","index":235},{"value":273,"tweenMethod":"linearNone","tween":true,"target":100,"key":"y","index":245},{"value":263,"tweenMethod":"linearNone","tween":true,"target":100,"key":"y","index":265},{"value":263,"tweenMethod":"linearNone","tween":true,"target":100,"key":"y","index":295},{"value":164,"tweenMethod":"linearNone","tween":true,"target":100,"key":"y","index":305},{"value":150.5,"tweenMethod":"linearNone","tween":true,"target":100,"key":"y","index":336},{"value":150.5,"tweenMethod":"linearNone","tween":true,"target":100,"label":null,"key":"y","index":350},{"value":262,"tweenMethod":"linearNone","tween":true,"target":100,"key":"y","index":365}],"x":[{"value":221,"tweenMethod":"linearNone","tween":true,"target":100,"key":"x","index":0},{"value":221,"tweenMethod":"linearNone","tween":true,"target":100,"label":null,"key":"x","index":70},{"value":217.5,"tweenMethod":"linearNone","tween":true,"target":100,"key":"x","index":80},{"value":217,"tweenMethod":"linearNone","tween":true,"target":100,"key":"x","index":220},{"value":184.2,"tweenMethod":"linearNone","tween":true,"target":100,"key":"x","index":235},{"value":183.2,"tweenMethod":"linearNone","tween":true,"target":100,"key":"x","index":245},{"value":188,"tweenMethod":"linearNone","tween":true,"target":100,"key":"x","index":265},{"value":190,"tweenMethod":"linearNone","tween":true,"target":100,"key":"x","index":295},{"value":273,"tweenMethod":"linearNone","tween":true,"target":100,"key":"x","index":305},{"value":234.5,"tweenMethod":"linearNone","tween":true,"target":100,"key":"x","index":336},{"value":234.5,"tweenMethod":"linearNone","tween":true,"target":100,"label":null,"key":"x","index":350},{"value":221,"tweenMethod":"linearNone","tween":true,"target":100,"key":"x","index":365}],"rotation":[{"value":-5,"tweenMethod":"linearNone","tween":true,"target":100,"key":"rotation","index":0},{"value":0,"tweenMethod":"linearNone","tween":true,"target":100,"key":"rotation","index":245},{"value":32,"tweenMethod":"linearNone","tween":true,"target":100,"key":"rotation","index":255},{"value":-30,"tweenMethod":"linearNone","tween":true,"target":100,"key":"rotation","index":265},{"value":32,"tweenMethod":"linearNone","tween":true,"target":100,"label":null,"key":"rotation","index":275},{"value":-30,"tweenMethod":"linearNone","tween":true,"target":100,"label":null,"key":"rotation","index":285},{"value":37,"tweenMethod":"linearNone","tween":true,"target":100,"label":null,"key":"rotation","index":295},{"value":-5,"tweenMethod":"linearNone","tween":true,"target":100,"key":"rotation","index":365}]}},{"target":101,"keyframes":{"y":[{"value":250,"tweenMethod":"linearNone","tween":true,"target":101,"key":"y","index":0},{"value":250,"tweenMethod":"linearNone","tween":true,"target":101,"label":null,"key":"y","index":75},{"value":150.5,"tweenMethod":"linearNone","tween":true,"target":101,"key":"y","index":85},{"value":150,"tweenMethod":"linearNone","tween":true,"target":101,"key":"y","index":220},{"value":253.5,"tweenMethod":"linearNone","tween":true,"target":101,"key":"y","index":240},{"value":253.5,"tweenMethod":"linearNone","tween":true,"target":101,"key":"y","index":245},{"value":253.5,"tweenMethod":"linearNone","tween":true,"target":101,"key":"y","index":295},{"value":164,"tweenMethod":"linearNone","tween":true,"target":101,"key":"y","index":305},{"value":164,"tweenMethod":"linearNone","tween":true,"target":101,"key":"y","index":336},{"value":164,"tweenMethod":"linearNone","tween":true,"target":101,"label":null,"key":"y","index":350},{"value":250,"tweenMethod":"linearNone","tween":true,"target":101,"label":null,"key":"y","index":365}],"x":[{"value":183,"tweenMethod":"linearNone","tween":true,"target":101,"key":"x","index":0},{"value":183,"tweenMethod":"linearNone","tween":true,"target":101,"label":null,"key":"x","index":75},{"value":206,"tweenMethod":"linearNone","tween":true,"target":101,"key":"x","index":85},{"value":205,"tweenMethod":"linearNone","tween":true,"target":101,"key":"x","index":220},{"value":179,"tweenMethod":"linearNone","tween":true,"target":101,"key":"x","index":240},{"value":179,"tweenMethod":"linearNone","tween":true,"target":101,"key":"x","index":245},{"value":179,"tweenMethod":"linearNone","tween":true,"target":101,"key":"x","index":295},{"value":239.7,"tweenMethod":"linearNone","tween":true,"target":101,"key":"x","index":305},{"value":239.7,"tweenMethod":"linearNone","tween":true,"target":101,"key":"x","index":336},{"value":239.7,"tweenMethod":"linearNone","tween":true,"target":101,"label":null,"key":"x","index":350},{"value":183,"tweenMethod":"linearNone","tween":true,"target":101,"label":null,"key":"x","index":365}],"rotation":[{"value":13,"tweenMethod":"linearNone","tween":true,"target":101,"key":"rotation","index":0},{"value":18,"tweenMethod":"linearNone","tween":true,"target":101,"key":"rotation","index":240},{"value":18,"tweenMethod":"linearNone","tween":true,"target":101,"key":"rotation","index":245},{"value":-13,"tweenMethod":"linearNone","tween":true,"target":101,"key":"rotation","index":255},{"value":24,"tweenMethod":"linearNone","tween":true,"target":101,"key":"rotation","index":265},{"value":-23,"tweenMethod":"linearNone","tween":true,"target":101,"label":null,"key":"rotation","index":275},{"value":36,"tweenMethod":"linearNone","tween":true,"target":101,"label":null,"key":"rotation","index":285},{"value":-13,"tweenMethod":"linearNone","tween":true,"target":101,"label":null,"key":"rotation","index":295},{"value":13,"tweenMethod":"linearNone","tween":true,"target":101,"label":null,"key":"rotation","index":365}]}},{"target":145,"keyframes":{"y":[{"value":324,"tweenMethod":"linearNone","tween":true,"target":145,"key":"y","index":0},{"value":324,"tweenMethod":"linearNone","tween":true,"target":145,"label":null,"key":"y","index":85},{"value":429,"tweenMethod":"linearNone","tween":true,"target":145,"key":"y","index":95},{"value":367,"tweenMethod":"linearNone","tween":true,"target":145,"key":"y","index":100},{"value":429,"tweenMethod":"linearNone","tween":true,"target":145,"label":null,"key":"y","index":105},{"value":377,"tweenMethod":"linearNone","tween":true,"target":145,"label":null,"key":"y","index":110},{"value":429,"tweenMethod":"linearNone","tween":true,"target":145,"label":null,"key":"y","index":115},{"value":563,"tweenMethod":"linearNone","tween":true,"target":145,"key":"y","index":125},{"value":563,"tweenMethod":"linearNone","tween":true,"target":145,"label":null,"key":"y","index":140},{"value":563,"tweenMethod":"linearNone","tween":true,"target":145,"label":null,"key":"y","index":150},{"value":337,"tweenMethod":"linearNone","tween":true,"target":145,"key":"y","index":160},{"value":435,"tweenMethod":"linearNone","tween":true,"target":145,"key":"y","index":170},{"value":435,"tweenMethod":"linearNone","tween":true,"target":145,"key":"y","index":245},{"value":435,"tweenMethod":"linearNone","tween":true,"target":145,"key":"y","index":295},{"value":283,"tweenMethod":"linearNone","tween":true,"target":145,"key":"y","index":305},{"value":428,"tweenMethod":"linearNone","tween":true,"target":145,"key":"y","index":315},{"value":393,"tweenMethod":"linearNone","tween":true,"target":145,"key":"y","index":320},{"value":428,"tweenMethod":"linearNone","tween":true,"target":145,"key":"y","index":325},{"value":409,"tweenMethod":"linearNone","tween":true,"target":145,"key":"y","index":330},{"value":428,"tweenMethod":"linearNone","tween":true,"target":145,"key":"y","index":336},{"value":428,"tweenMethod":"linearNone","tween":true,"target":145,"label":null,"key":"y","index":350},{"value":324,"tweenMethod":"linearNone","tween":true,"target":145,"key":"y","index":365}],"x":[{"value":317,"tweenMethod":"linearNone","tween":true,"target":145,"key":"x","index":0},{"value":317,"tweenMethod":"linearNone","tween":true,"target":145,"key":"x","index":115},{"value":303,"tweenMethod":"linearNone","tween":true,"target":145,"key":"x","index":125},{"value":303,"tweenMethod":"linearNone","tween":true,"target":145,"label":null,"key":"x","index":140},{"value":303,"tweenMethod":"linearNone","tween":true,"target":145,"label":null,"key":"x","index":150},{"value":303,"tweenMethod":"linearNone","tween":true,"target":145,"key":"x","index":160},{"value":380,"tweenMethod":"linearNone","tween":true,"target":145,"key":"x","index":170},{"value":380,"tweenMethod":"linearNone","tween":true,"target":145,"key":"x","index":245},{"value":380,"tweenMethod":"linearNone","tween":true,"target":145,"key":"x","index":295},{"value":317,"tweenMethod":"linearNone","tween":true,"target":145,"key":"x","index":315},{"value":317,"tweenMethod":"linearNone","tween":true,"target":145,"key":"x","index":365}],"rotation":[{"value":0,"tweenMethod":"linearNone","tween":true,"target":145,"key":"rotation","index":0},{"value":0,"tweenMethod":"linearNone","tween":true,"target":145,"key":"rotation","index":85},{"value":-9,"tweenMethod":"linearNone","tween":true,"target":145,"key":"rotation","index":95},{"value":3,"tweenMethod":"linearNone","tween":true,"target":145,"key":"rotation","index":100},{"value":-3,"tweenMethod":"linearNone","tween":true,"target":145,"key":"rotation","index":105},{"value":0,"tweenMethod":"linearNone","tween":true,"target":145,"label":null,"key":"rotation","index":110},{"value":0,"tweenMethod":"linearNone","tween":true,"target":145,"key":"rotation","index":115},{"value":0,"tweenMethod":"linearNone","tween":true,"target":145,"key":"rotation","index":125},{"value":10,"tweenMethod":"linearNone","tween":true,"target":145,"label":null,"key":"rotation","index":140},{"value":-10,"tweenMethod":"linearNone","tween":true,"target":145,"label":null,"key":"rotation","index":150},{"value":-180,"tweenMethod":"linearNone","tween":true,"target":145,"key":"rotation","index":170},{"value":-193,"tweenMethod":"linearNone","tween":true,"target":145,"key":"rotation","index":180},{"value":-170,"tweenMethod":"linearNone","tween":true,"target":145,"key":"rotation","index":190},{"value":-189,"tweenMethod":"linearNone","tween":true,"target":145,"key":"rotation","index":200},{"value":-180,"tweenMethod":"linearNone","tween":true,"target":145,"key":"rotation","index":211},{"value":-180,"tweenMethod":"linearNone","tween":true,"target":145,"key":"rotation","index":245},{"value":-173,"tweenMethod":"linearNone","tween":true,"target":145,"key":"rotation","index":255},{"value":-194,"tweenMethod":"linearNone","tween":true,"target":145,"key":"rotation","index":265},{"value":-173,"tweenMethod":"linearNone","tween":true,"target":145,"label":null,"key":"rotation","index":275},{"value":-194,"tweenMethod":"linearNone","tween":true,"target":145,"label":null,"key":"rotation","index":285},{"value":-173,"tweenMethod":"linearNone","tween":true,"target":145,"label":null,"key":"rotation","index":295},{"value":-89,"tweenMethod":"linearNone","tween":true,"target":145,"key":"rotation","index":305},{"value":0,"tweenMethod":"linearNone","tween":true,"target":145,"key":"rotation","index":315},{"value":14,"tweenMethod":"linearNone","tween":true,"target":145,"key":"rotation","index":320},{"value":-10,"tweenMethod":"linearNone","tween":true,"target":145,"key":"rotation","index":325},{"value":3,"tweenMethod":"linearNone","tween":true,"target":145,"key":"rotation","index":330},{"value":-4,"tweenMethod":"linearNone","tween":true,"target":145,"key":"rotation","index":336},{"value":-4,"tweenMethod":"linearNone","tween":true,"target":145,"label":null,"key":"rotation","index":350},{"value":0,"tweenMethod":"linearNone","tween":true,"target":145,"key":"rotation","index":365}],"pivotY":[{"value":181,"tweenMethod":"linearNone","tween":true,"target":145,"key":"pivotY","index":0},{"value":181,"tweenMethod":"linearNone","tween":true,"target":145,"key":"pivotY","index":115},{"value":315,"tweenMethod":"linearNone","tween":true,"target":145,"key":"pivotY","index":125},{"value":315,"tweenMethod":"linearNone","tween":true,"target":145,"label":null,"key":"pivotY","index":140},{"value":315,"tweenMethod":"linearNone","tween":true,"target":145,"label":null,"key":"pivotY","index":150},{"value":193,"tweenMethod":"linearNone","tween":true,"target":145,"key":"pivotY","index":170},{"value":193,"tweenMethod":"linearNone","tween":true,"target":145,"key":"pivotY","index":245},{"value":181,"tweenMethod":"linearNone","tween":true,"target":145,"key":"pivotY","index":365}],"pivotX":[{"value":297,"tweenMethod":"linearNone","tween":true,"target":145,"key":"pivotX","index":0},{"value":297,"tweenMethod":"linearNone","tween":true,"target":145,"key":"pivotX","index":115},{"value":283,"tweenMethod":"linearNone","tween":true,"target":145,"key":"pivotX","index":125},{"value":283,"tweenMethod":"linearNone","tween":true,"target":145,"label":null,"key":"pivotX","index":140},{"value":283,"tweenMethod":"linearNone","tween":true,"target":145,"label":null,"key":"pivotX","index":150},{"value":280,"tweenMethod":"linearNone","tween":true,"target":145,"key":"pivotX","index":170},{"value":280,"tweenMethod":"linearNone","tween":true,"target":145,"key":"pivotX","index":245},{"value":297,"tweenMethod":"linearNone","tween":true,"target":145,"key":"pivotX","index":365}]}},{"target":105,"keyframes":{"y":[{"value":214,"tweenMethod":"linearNone","tween":true,"target":105,"key":"y","index":0},{"value":214,"tweenMethod":"linearNone","tween":true,"target":105,"key":"y","index":115},{"value":221.5,"tweenMethod":"linearNone","tween":true,"target":105,"key":"y","index":125},{"value":225.5,"tweenMethod":"linearNone","tween":true,"target":105,"key":"y","index":240},{"value":225.5,"tweenMethod":"linearNone","tween":true,"target":105,"key":"y","index":245},{"value":225,"tweenMethod":"linearNone","tween":true,"target":105,"key":"y","index":255},{"value":225,"tweenMethod":"linearNone","tween":true,"target":105,"label":null,"key":"y","index":275},{"value":225,"tweenMethod":"linearNone","tween":true,"target":105,"label":null,"key":"y","index":295},{"value":164,"tweenMethod":"linearNone","tween":true,"target":105,"key":"y","index":305},{"value":193.5,"tweenMethod":"linearNone","tween":true,"target":105,"key":"y","index":336},{"value":193.5,"tweenMethod":"linearNone","tween":true,"target":105,"label":null,"key":"y","index":350},{"value":214,"tweenMethod":"linearNone","tween":true,"target":105,"key":"y","index":365}],"x":[{"value":150,"tweenMethod":"linearNone","tween":true,"target":105,"key":"x","index":0},{"value":150,"tweenMethod":"linearNone","tween":true,"target":105,"key":"x","index":115},{"value":261,"tweenMethod":"linearNone","tween":true,"target":105,"key":"x","index":125},{"value":239.7,"tweenMethod":"linearNone","tween":true,"target":105,"key":"x","index":240},{"value":138,"tweenMethod":"linearNone","tween":true,"target":105,"key":"x","index":245},{"value":138,"tweenMethod":"linearNone","tween":true,"target":105,"key":"x","index":295},{"value":283.2,"tweenMethod":"linearNone","tween":true,"target":105,"key":"x","index":305},{"value":261,"tweenMethod":"linearNone","tween":true,"target":105,"key":"x","index":336},{"value":261,"tweenMethod":"linearNone","tween":true,"target":105,"label":null,"key":"x","index":350},{"value":150,"tweenMethod":"linearNone","tween":true,"target":105,"key":"x","index":365}],"rotation":[{"value":0,"tweenMethod":"linearNone","tween":true,"target":105,"key":"rotation","index":0},{"value":0,"tweenMethod":"linearNone","tween":true,"target":105,"key":"rotation","index":125},{"value":-16,"tweenMethod":"linearNone","tween":true,"target":105,"key":"rotation","index":255},{"value":29,"tweenMethod":"linearNone","tween":true,"target":105,"key":"rotation","index":265},{"value":-16,"tweenMethod":"linearNone","tween":true,"target":105,"label":null,"key":"rotation","index":275},{"value":29,"tweenMethod":"linearNone","tween":true,"target":105,"label":null,"key":"rotation","index":285},{"value":-19,"tweenMethod":"linearNone","tween":true,"target":105,"key":"rotation","index":295},{"value":-19,"tweenMethod":"linearNone","tween":true,"target":105,"key":"rotation","index":315},{"value":0,"tweenMethod":"linearNone","tween":true,"target":105,"key":"rotation","index":365}]}},{"target":97,"keyframes":{"zOrder":[{"value":50,"tweenMethod":"linearNone","tween":true,"target":97,"key":"zOrder","index":0}]}}],"name":"action1","id":1,"frameRate":40,"action":0}],"loadList":["Frame/UI/ui_orthogon_white.png","Game/UI/GameScene/Level2/weimask.png","Game/UI/GameScene/Level2/wei.png","Game/UI/GameScene/Level2/guitoumask.png","Game/UI/GameScene/Level2/guitou.png","Game/UI/GameScene/Level2/yan2.png","Game/UI/GameScene/Level2/yan.png","Game/UI/GameScene/Level2/zuimask.png","Game/UI/GameScene/Level2/zui.png","Game/UI/GameScene/Level2/houtuimask.png","Game/UI/GameScene/Level2/houtui2.png","Game/UI/GameScene/Level2/houtui2mask.png","Game/UI/GameScene/Level2/houtui.png","Game/UI/GameScene/Level2/qiantuimask.png","Game/UI/GameScene/Level2/qiantui.png","Game/UI/GameScene/Level2/qiantui2mask.png","Game/UI/GameScene/Level2/qiantui2.png","Game/UI/GameScene/Level2/guikemask.png","Game/UI/GameScene/Level2/guike.png"],"loadList3D":[]}