{"type":"View","props":{"width":720,"height":1280},"compId":2,"child":[{"type":"Image","props":{"var":"Background","top":0,"skin":"Frame/UI/ui_orthogon_white.png","sizeGrid":"16,15,18,8","right":0,"name":"Background","left":0,"bottom":0},"compId":11},{"type":"Image","props":{"y":0,"x":0,"width":720,"var":"DrawRoot","scaleY":1,"scaleX":1,"name":"DrawRoot","height":1280},"compId":13,"child":[{"type":"Image","props":{"y":408,"x":369,"width":544,"var":"Pumpkin","pivotY":203,"pivotX":272,"name":"Pumpkin","height":405},"compId":310,"child":[{"type":"Image","props":{"zOrder":97,"y":53,"x":272,"width":102,"var":"Draw3","skin":"Game/UI/GameScene/Level7/nanguatou mask.png","pivotY":143,"pivotX":66,"name":"Draw3","height":162},"compId":296,"child":[{"type":"Image","props":{"skin":"Game/UI/GameScene/Level7/nanguatou mask.png","renderType":"mask","name":"Mask"},"compId":299},{"type":"Image","props":{"y":0,"x":0,"skin":"Game/UI/GameScene/Level7/nanguatou .png","name":"Pic"},"compId":298}]},{"type":"Image","props":{"zOrder":98,"y":206,"x":272,"width":536,"var":"Draw1","skin":"Game/UI/GameScene/Level7/shenti mask.png","pivotY":199,"pivotX":268,"name":"Draw1","height":398},"compId":292,"child":[{"type":"Image","props":{"y":0,"x":0,"skin":"Game/UI/GameScene/Level7/shenti mask.png","renderType":"mask","name":"Mask"},"compId":293},{"type":"Image","props":{"y":28,"x":29,"width":477,"skin":"Game/UI/GameScene/Level7/shenti mask.png","name":"MaskBoard","height":343},"compId":295},{"type":"Image","props":{"y":0,"x":0,"skin":"Game/UI/GameScene/Level7/shenti .png","name":"Pic"},"compId":294}]},{"type":"Image","props":{"zOrder":99,"y":223,"x":272,"width":279,"var":"Draw2","skin":"Game/UI/GameScene/Level7/zuiba mask.png","pivotY":45,"pivotX":140,"name":"Draw2","height":151},"compId":304,"child":[{"type":"Image","props":{"skin":"Game/UI/GameScene/Level7/zuiba mask.png","renderType":"mask","name":"Mask"},"compId":308},{"type":"Sprite","props":{"y":18,"x":29,"width":222,"texture":"Game/UI/GameScene/Level7/zuiba mask.png","name":"MaskBoard","height":116},"compId":309},{"type":"Image","props":{"y":0,"x":0,"skin":"Game/UI/GameScene/Level7/zuiba .png","name":"Pic"},"compId":305}]},{"type":"Image","props":{"zOrder":100,"y":134,"x":170,"width":56,"skin":"Game/UI/GameScene/Level7/yanjing .png","pivotY":28,"pivotX":28,"name":"Eye1","height":56},"compId":306},{"type":"Image","props":{"zOrder":100,"y":134,"x":368,"width":56,"skin":"Game/UI/GameScene/Level7/yanjing .png","pivotY":28,"pivotX":28,"name":"Eye2","height":56},"compId":307}]}]}],"animations":[{"nodes":[{"target":310,"keyframes":{"y":[{"value":610,"tweenMethod":"linearNone","tween":true,"target":310,"key":"y","index":0},{"value":610,"tweenMethod":"linearNone","tween":true,"target":310,"label":null,"key":"y","index":85},{"value":610,"tweenMethod":"linearNone","tween":true,"target":310,"key":"y","index":160},{"value":447.4,"tweenMethod":"linearNone","tween":true,"target":310,"key":"y","index":161},{"value":152,"tweenMethod":"linearNone","tween":true,"target":310,"key":"y","index":170},{"value":13,"tweenMethod":"linearNone","tween":true,"target":310,"label":null,"key":"y","index":190},{"value":13,"tweenMethod":"linearNone","tween":true,"target":310,"label":null,"key":"y","index":200},{"value":338,"tweenMethod":"linearNone","tween":true,"target":310,"key":"y","index":220},{"value":610.2238733488731,"tweenMethod":"linearNone","tween":true,"target":310,"key":"y","index":221},{"value":610.2238733488731,"tweenMethod":"linearNone","tween":true,"target":310,"key":"y","index":230},{"value":398,"tweenMethod":"linearNone","tween":true,"target":310,"key":"y","index":231},{"value":142,"tweenMethod":"linearNone","tween":true,"target":310,"key":"y","index":240},{"value":24,"tweenMethod":"linearNone","tween":true,"target":310,"label":null,"key":"y","index":260},{"value":24,"tweenMethod":"linearNone","tween":true,"target":310,"label":null,"key":"y","index":270},{"value":331,"tweenMethod":"linearNone","tween":true,"target":310,"label":null,"key":"y","index":290},{"value":609.6897824397814,"tweenMethod":"linearNone","tween":true,"target":310,"label":null,"key":"y","index":291},{"value":609.6897824397814,"tweenMethod":"linearNone","tween":true,"target":310,"label":null,"key":"y","index":300},{"value":392,"tweenMethod":"linearNone","tween":true,"target":310,"label":null,"key":"y","index":301},{"value":167,"tweenMethod":"linearNone","tween":true,"target":310,"key":"y","index":310},{"value":36,"tweenMethod":"linearNone","tween":true,"target":310,"key":"y","index":330},{"value":36,"tweenMethod":"linearNone","tween":true,"target":310,"label":null,"key":"y","index":340},{"value":340,"tweenMethod":"linearNone","tween":true,"target":310,"key":"y","index":360},{"value":611.6922799422781,"tweenMethod":"linearNone","tween":true,"target":310,"key":"y","index":361},{"value":611.6922799422781,"tweenMethod":"linearNone","tween":true,"target":310,"label":null,"key":"y","index":370},{"value":395,"tweenMethod":"linearNone","tween":true,"target":310,"label":null,"key":"y","index":371},{"value":106,"tweenMethod":"linearNone","tween":true,"target":310,"key":"y","index":380},{"value":84,"tweenMethod":"linearNone","tween":true,"target":310,"key":"y","index":400},{"value":84,"tweenMethod":"linearNone","tween":true,"target":310,"label":null,"key":"y","index":410},{"value":409,"tweenMethod":"linearNone","tween":true,"target":310,"key":"y","index":435},{"value":611,"tweenMethod":"linearNone","tween":true,"target":310,"key":"y","index":436},{"value":611,"tweenMethod":"linearNone","tween":true,"target":310,"key":"y","index":445},{"value":611,"tweenMethod":"linearNone","tween":true,"target":310,"label":null,"key":"y","index":455},{"value":611,"tweenMethod":"linearNone","tween":true,"target":310,"label":null,"key":"y","index":465},{"value":611,"tweenMethod":"linearNone","tween":true,"target":310,"label":null,"key":"y","index":475},{"value":611,"tweenMethod":"linearNone","tween":true,"target":310,"label":null,"key":"y","index":500}],"x":[{"value":369,"tweenMethod":"linearNone","tween":true,"target":310,"key":"x","index":0},{"value":369,"tweenMethod":"linearNone","tween":true,"target":310,"label":null,"key":"x","index":85},{"value":369.08215395715354,"tweenMethod":"linearNone","tween":true,"target":310,"key":"x","index":170},{"value":369.08215395715354,"tweenMethod":"linearNone","tween":true,"target":310,"key":"x","index":190},{"value":369.08215395715354,"tweenMethod":"linearNone","tween":true,"target":310,"label":null,"key":"x","index":200},{"value":367.08856421356415,"tweenMethod":"linearNone","tween":true,"target":310,"key":"x","index":220},{"value":367.08856421356415,"tweenMethod":"linearNone","tween":true,"target":310,"key":"x","index":221},{"value":367.08856421356415,"tweenMethod":"linearNone","tween":true,"target":310,"key":"x","index":230},{"value":367.08856421356415,"tweenMethod":"linearNone","tween":true,"target":310,"key":"x","index":231},{"value":366.19570707070744,"tweenMethod":"linearNone","tween":true,"target":310,"key":"x","index":240},{"value":366.19570707070744,"tweenMethod":"linearNone","tween":true,"target":310,"label":null,"key":"x","index":260},{"value":366.19570707070744,"tweenMethod":"linearNone","tween":true,"target":310,"label":null,"key":"x","index":270},{"value":365,"tweenMethod":"linearNone","tween":true,"target":310,"label":null,"key":"x","index":290},{"value":365,"tweenMethod":"linearNone","tween":true,"target":310,"label":null,"key":"x","index":291},{"value":365,"tweenMethod":"linearNone","tween":true,"target":310,"label":null,"key":"x","index":300},{"value":364.3385642135634,"tweenMethod":"linearNone","tween":true,"target":310,"label":null,"key":"x","index":301},{"value":369.76713564213605,"tweenMethod":"linearNone","tween":true,"target":310,"key":"x","index":310},{"value":368.1957070707064,"tweenMethod":"linearNone","tween":true,"target":310,"key":"x","index":330},{"value":368.1957070707064,"tweenMethod":"linearNone","tween":true,"target":310,"label":null,"key":"x","index":340},{"value":369.48691586191427,"tweenMethod":"linearNone","tween":true,"target":310,"key":"x","index":360},{"value":369.48691586191427,"tweenMethod":"linearNone","tween":true,"target":310,"key":"x","index":361},{"value":369.48691586191427,"tweenMethod":"linearNone","tween":true,"target":310,"label":null,"key":"x","index":370},{"value":368.9154872904859,"tweenMethod":"linearNone","tween":true,"target":310,"label":null,"key":"x","index":371},{"value":370.9154872904859,"tweenMethod":"linearNone","tween":true,"target":310,"key":"x","index":380},{"value":370.91548729048606,"tweenMethod":"linearNone","tween":true,"target":310,"key":"x","index":400},{"value":370.91548729048606,"tweenMethod":"linearNone","tween":true,"target":310,"label":null,"key":"x","index":410},{"value":370,"tweenMethod":"linearNone","tween":true,"target":310,"key":"x","index":435},{"value":370,"tweenMethod":"linearNone","tween":true,"target":310,"key":"x","index":436},{"value":370,"tweenMethod":"linearNone","tween":true,"target":310,"key":"x","index":445},{"value":370,"tweenMethod":"linearNone","tween":true,"target":310,"label":null,"key":"x","index":455},{"value":370,"tweenMethod":"linearNone","tween":true,"target":310,"label":null,"key":"x","index":465},{"value":370,"tweenMethod":"linearNone","tween":true,"target":310,"label":null,"key":"x","index":475},{"value":370,"tweenMethod":"linearNone","tween":true,"target":310,"label":null,"key":"x","index":500}],"scaleY":[{"value":1,"tweenMethod":"linearNone","tween":true,"target":310,"key":"scaleY","index":0},{"value":1,"tweenMethod":"linearNone","tween":true,"target":310,"label":null,"key":"scaleY","index":85},{"value":0.95,"tweenMethod":"linearNone","tween":true,"target":310,"key":"scaleY","index":100},{"value":1,"tweenMethod":"linearNone","tween":true,"target":310,"key":"scaleY","index":115},{"value":0.95,"tweenMethod":"linearNone","tween":true,"target":310,"key":"scaleY","index":130},{"value":1,"tweenMethod":"linearNone","tween":true,"target":310,"key":"scaleY","index":145},{"value":0.8,"tweenMethod":"linearNone","tween":true,"target":310,"key":"scaleY","index":160},{"value":1,"tweenMethod":"linearNone","tween":true,"target":310,"key":"scaleY","index":170},{"value":1,"tweenMethod":"linearNone","tween":true,"target":310,"label":null,"key":"scaleY","index":190},{"value":1,"tweenMethod":"linearNone","tween":true,"target":310,"label":null,"key":"scaleY","index":200},{"value":1,"tweenMethod":"linearNone","tween":true,"target":310,"label":null,"key":"scaleY","index":220},{"value":1.1,"tweenMethod":"linearNone","tween":true,"target":310,"key":"scaleY","index":230},{"value":1.1,"tweenMethod":"linearNone","tween":true,"target":310,"key":"scaleY","index":231},{"value":0.95,"tweenMethod":"linearNone","tween":true,"target":310,"key":"scaleY","index":240},{"value":1,"tweenMethod":"linearNone","tween":true,"target":310,"label":null,"key":"scaleY","index":260},{"value":1,"tweenMethod":"linearNone","tween":true,"target":310,"label":null,"key":"scaleY","index":270},{"value":1,"tweenMethod":"linearNone","tween":true,"target":310,"label":null,"key":"scaleY","index":290},{"value":1,"tweenMethod":"linearNone","tween":true,"target":310,"label":null,"key":"scaleY","index":291},{"value":1.1,"tweenMethod":"linearNone","tween":true,"target":310,"label":null,"key":"scaleY","index":300},{"value":1.1,"tweenMethod":"linearNone","tween":true,"target":310,"label":null,"key":"scaleY","index":301},{"value":0.95,"tweenMethod":"linearNone","tween":true,"target":310,"key":"scaleY","index":310},{"value":1,"tweenMethod":"linearNone","tween":true,"target":310,"key":"scaleY","index":330},{"value":1,"tweenMethod":"linearNone","tween":true,"target":310,"label":null,"key":"scaleY","index":340},{"value":1,"tweenMethod":"linearNone","tween":true,"target":310,"key":"scaleY","index":360},{"value":1,"tweenMethod":"linearNone","tween":true,"target":310,"key":"scaleY","index":361},{"value":1.1,"tweenMethod":"linearNone","tween":true,"target":310,"key":"scaleY","index":370},{"value":1.1,"tweenMethod":"linearNone","tween":true,"target":310,"label":null,"key":"scaleY","index":371},{"value":0.95,"tweenMethod":"linearNone","tween":true,"target":310,"key":"scaleY","index":380},{"value":1,"tweenMethod":"linearNone","tween":true,"target":310,"key":"scaleY","index":400},{"value":1,"tweenMethod":"linearNone","tween":true,"target":310,"label":null,"key":"scaleY","index":410},{"value":1,"tweenMethod":"linearNone","tween":true,"target":310,"key":"scaleY","index":435},{"value":0.9,"tweenMethod":"linearNone","tween":true,"target":310,"key":"scaleY","index":445},{"value":1.05,"tweenMethod":"linearNone","tween":true,"target":310,"label":null,"key":"scaleY","index":455},{"value":0.95,"tweenMethod":"linearNone","tween":true,"target":310,"label":null,"key":"scaleY","index":465},{"value":1,"tweenMethod":"linearNone","tween":true,"target":310,"label":null,"key":"scaleY","index":475},{"value":1,"tweenMethod":"linearNone","tween":true,"target":310,"label":null,"key":"scaleY","index":500}],"scaleX":[{"value":1,"tweenMethod":"linearNone","tween":true,"target":310,"key":"scaleX","index":0},{"value":1,"tweenMethod":"linearNone","tween":true,"target":310,"label":null,"key":"scaleX","index":85},{"value":1.02,"tweenMethod":"linearNone","tween":true,"target":310,"key":"scaleX","index":100},{"value":0.98,"tweenMethod":"linearNone","tween":true,"target":310,"key":"scaleX","index":115},{"value":1.02,"tweenMethod":"linearNone","tween":true,"target":310,"key":"scaleX","index":130},{"value":0.98,"tweenMethod":"linearNone","tween":true,"target":310,"key":"scaleX","index":145},{"value":1.05,"tweenMethod":"linearNone","tween":true,"target":310,"key":"scaleX","index":160},{"value":1,"tweenMethod":"linearNone","tween":true,"target":310,"key":"scaleX","index":220},{"value":0.8,"tweenMethod":"linearNone","tween":true,"target":310,"key":"scaleX","index":230},{"value":1.05,"tweenMethod":"linearNone","tween":true,"target":310,"key":"scaleX","index":240},{"value":1,"tweenMethod":"linearNone","tween":true,"target":310,"label":null,"key":"scaleX","index":260},{"value":1,"tweenMethod":"linearNone","tween":true,"target":310,"label":null,"key":"scaleX","index":270},{"value":1,"tweenMethod":"linearNone","tween":true,"target":310,"label":null,"key":"scaleX","index":290},{"value":1,"tweenMethod":"linearNone","tween":true,"target":310,"label":null,"key":"scaleX","index":291},{"value":0.8,"tweenMethod":"linearNone","tween":true,"target":310,"label":null,"key":"scaleX","index":300},{"value":0.8,"tweenMethod":"linearNone","tween":true,"target":310,"label":null,"key":"scaleX","index":301},{"value":1.05,"tweenMethod":"linearNone","tween":true,"target":310,"key":"scaleX","index":310},{"value":1,"tweenMethod":"linearNone","tween":true,"target":310,"key":"scaleX","index":330},{"value":1,"tweenMethod":"linearNone","tween":true,"target":310,"label":null,"key":"scaleX","index":340},{"value":1,"tweenMethod":"linearNone","tween":true,"target":310,"key":"scaleX","index":360},{"value":0.8,"tweenMethod":"linearNone","tween":true,"target":310,"key":"scaleX","index":370},{"value":0.8,"tweenMethod":"linearNone","tween":true,"target":310,"label":null,"key":"scaleX","index":371},{"value":1.05,"tweenMethod":"linearNone","tween":true,"target":310,"key":"scaleX","index":380},{"value":1,"tweenMethod":"linearNone","tween":true,"target":310,"key":"scaleX","index":400},{"value":1,"tweenMethod":"linearNone","tween":true,"target":310,"label":null,"key":"scaleX","index":410},{"value":1.05,"tweenMethod":"linearNone","tween":true,"target":310,"key":"scaleX","index":445},{"value":0.95,"tweenMethod":"linearNone","tween":true,"target":310,"key":"scaleX","index":455},{"value":1.025,"tweenMethod":"linearNone","tween":true,"target":310,"key":"scaleX","index":465},{"value":1,"tweenMethod":"linearNone","tween":true,"target":310,"key":"scaleX","index":475},{"value":1,"tweenMethod":"linearNone","tween":true,"target":310,"label":null,"key":"scaleX","index":500}],"rotation":[{"value":0,"tweenMethod":"linearNone","tween":true,"target":310,"key":"rotation","index":0},{"value":0,"tweenMethod":"linearNone","tween":true,"target":310,"label":null,"key":"rotation","index":85},{"value":0,"tweenMethod":"linearNone","tween":true,"target":310,"key":"rotation","index":160},{"value":0,"tweenMethod":"linearNone","tween":true,"target":310,"key":"rotation","index":161},{"value":90,"tweenMethod":"linearNone","tween":true,"target":310,"key":"rotation","index":220},{"value":90,"tweenMethod":"linearNone","tween":true,"target":310,"key":"rotation","index":230},{"value":90,"tweenMethod":"linearNone","tween":true,"target":310,"key":"rotation","index":231},{"value":160,"tweenMethod":"linearNone","tween":true,"target":310,"key":"rotation","index":240},{"value":270,"tweenMethod":"linearNone","tween":true,"target":310,"label":null,"key":"rotation","index":290},{"value":270,"tweenMethod":"linearNone","tween":true,"target":310,"label":null,"key":"rotation","index":291},{"value":270,"tweenMethod":"linearNone","tween":true,"target":310,"label":null,"key":"rotation","index":300},{"value":270,"tweenMethod":"linearNone","tween":true,"target":310,"label":null,"key":"rotation","index":301},{"value":450,"tweenMethod":"linearNone","tween":true,"target":310,"key":"rotation","index":360},{"value":450,"tweenMethod":"linearNone","tween":true,"target":310,"label":null,"key":"rotation","index":370},{"value":450,"tweenMethod":"linearNone","tween":true,"target":310,"label":null,"key":"rotation","index":371},{"value":-360,"tweenMethod":"linearNone","tween":true,"target":310,"key":"rotation","index":435},{"value":0,"tweenMethod":"linearNone","tween":true,"target":310,"key":"rotation","index":436},{"value":0,"tweenMethod":"linearNone","tween":true,"target":310,"key":"rotation","index":445},{"value":0,"tweenMethod":"linearNone","tween":true,"target":310,"label":null,"key":"rotation","index":455},{"value":0,"tweenMethod":"linearNone","tween":true,"target":310,"label":null,"key":"rotation","index":465},{"value":0,"tweenMethod":"linearNone","tween":true,"target":310,"label":null,"key":"rotation","index":475},{"value":0,"tweenMethod":"linearNone","tween":true,"target":310,"label":null,"key":"rotation","index":500}],"pivotY":[{"value":405,"tweenMethod":"linearNone","tween":true,"target":310,"key":"pivotY","index":0},{"value":405,"tweenMethod":"linearNone","tween":true,"target":310,"label":null,"key":"pivotY","index":85},{"value":405,"tweenMethod":"linearNone","tween":true,"target":310,"key":"pivotY","index":160},{"value":203,"tweenMethod":"linearNone","tween":true,"target":310,"key":"pivotY","index":161},{"value":203,"tweenMethod":"linearNone","tween":true,"target":310,"key":"pivotY","index":230},{"value":203,"tweenMethod":"linearNone","tween":true,"target":310,"key":"pivotY","index":231},{"value":203,"tweenMethod":"linearNone","tween":true,"target":310,"key":"pivotY","index":290},{"value":204,"tweenMethod":"linearNone","tween":true,"target":310,"key":"pivotY","index":291},{"value":204,"tweenMethod":"linearNone","tween":true,"target":310,"label":null,"key":"pivotY","index":300},{"value":203,"tweenMethod":"linearNone","tween":true,"target":310,"label":null,"key":"pivotY","index":301},{"value":203,"tweenMethod":"linearNone","tween":true,"target":310,"key":"pivotY","index":360},{"value":203,"tweenMethod":"linearNone","tween":true,"target":310,"label":null,"key":"pivotY","index":370},{"value":203,"tweenMethod":"linearNone","tween":true,"target":310,"label":null,"key":"pivotY","index":371},{"value":203,"tweenMethod":"linearNone","tween":true,"target":310,"key":"pivotY","index":435},{"value":405,"tweenMethod":"linearNone","tween":true,"target":310,"key":"pivotY","index":436},{"value":405,"tweenMethod":"linearNone","tween":true,"target":310,"key":"pivotY","index":445},{"value":405,"tweenMethod":"linearNone","tween":true,"target":310,"label":null,"key":"pivotY","index":455},{"value":405,"tweenMethod":"linearNone","tween":true,"target":310,"label":null,"key":"pivotY","index":465},{"value":405,"tweenMethod":"linearNone","tween":true,"target":310,"label":null,"key":"pivotY","index":475},{"value":405,"tweenMethod":"linearNone","tween":true,"target":310,"label":null,"key":"pivotY","index":500}],"pivotX":[{"value":272,"tweenMethod":"linearNone","tween":true,"target":310,"key":"pivotX","index":0},{"value":272,"tweenMethod":"linearNone","tween":true,"target":310,"label":null,"key":"pivotX","index":85},{"value":272,"tweenMethod":"linearNone","tween":true,"target":310,"key":"pivotX","index":220},{"value":544,"tweenMethod":"linearNone","tween":true,"target":310,"key":"pivotX","index":221},{"value":544,"tweenMethod":"linearNone","tween":true,"target":310,"key":"pivotX","index":230},{"value":285,"tweenMethod":"linearNone","tween":true,"target":310,"key":"pivotX","index":231},{"value":278,"tweenMethod":"linearNone","tween":true,"target":310,"key":"pivotX","index":290},{"value":1,"tweenMethod":"linearNone","tween":true,"target":310,"key":"pivotX","index":291},{"value":1,"tweenMethod":"linearNone","tween":true,"target":310,"label":null,"key":"pivotX","index":300},{"value":272,"tweenMethod":"linearNone","tween":true,"target":310,"label":null,"key":"pivotX","index":301},{"value":272,"tweenMethod":"linearNone","tween":true,"target":310,"key":"pivotX","index":360},{"value":544,"tweenMethod":"linearNone","tween":true,"target":310,"key":"pivotX","index":361},{"value":544,"tweenMethod":"linearNone","tween":true,"target":310,"label":null,"key":"pivotX","index":370},{"value":272,"tweenMethod":"linearNone","tween":true,"target":310,"label":null,"key":"pivotX","index":371},{"value":272,"tweenMethod":"linearNone","tween":true,"target":310,"key":"pivotX","index":435}]}},{"target":306,"keyframes":{"scaleY":[{"value":1,"tweenMethod":"linearNone","tween":true,"target":306,"key":"scaleY","index":0},{"value":0,"tweenMethod":"linearNone","tween":true,"target":306,"key":"scaleY","index":10},{"value":1,"tweenMethod":"linearNone","tween":true,"target":306,"key":"scaleY","index":15},{"value":1,"tweenMethod":"linearNone","tween":true,"target":306,"key":"scaleY","index":70},{"value":0,"tweenMethod":"linearNone","tween":true,"target":306,"key":"scaleY","index":73},{"value":1,"tweenMethod":"linearNone","tween":true,"target":306,"key":"scaleY","index":80},{"value":1,"tweenMethod":"linearNone","tween":true,"target":306,"key":"scaleY","index":155},{"value":0,"tweenMethod":"linearNone","tween":true,"target":306,"key":"scaleY","index":160},{"value":1,"tweenMethod":"linearNone","tween":true,"target":306,"key":"scaleY","index":170},{"value":1,"tweenMethod":"linearNone","tween":true,"target":306,"key":"scaleY","index":295},{"value":0,"tweenMethod":"linearNone","tween":true,"target":306,"key":"scaleY","index":300},{"value":1,"tweenMethod":"linearNone","tween":true,"target":306,"key":"scaleY","index":310},{"value":1,"tweenMethod":"linearNone","tween":true,"target":306,"key":"scaleY","index":430},{"value":0,"tweenMethod":"linearNone","tween":true,"target":306,"key":"scaleY","index":435},{"value":1,"tweenMethod":"linearNone","tween":true,"target":306,"key":"scaleY","index":445}],"scaleX":[{"value":1,"tweenMethod":"linearNone","tween":true,"target":306,"key":"scaleX","index":0},{"value":1,"tweenMethod":"linearNone","tween":true,"target":306,"key":"scaleX","index":8},{"value":1,"tweenMethod":"linearNone","tween":true,"target":306,"key":"scaleX","index":70}]}},{"target":307,"keyframes":{"skewY":[{"value":0,"tweenMethod":"linearNone","tween":true,"target":307,"key":"skewY","index":0},{"value":1,"tweenMethod":"linearNone","tween":true,"target":307,"key":"skewY","index":240}],"scaleY":[{"value":1,"tweenMethod":"linearNone","tween":true,"target":307,"key":"scaleY","index":0},{"value":0,"tweenMethod":"linearNone","tween":true,"target":307,"key":"scaleY","index":10},{"value":1,"tweenMethod":"linearNone","tween":true,"target":307,"key":"scaleY","index":15},{"value":1,"tweenMethod":"linearNone","tween":true,"target":307,"key":"scaleY","index":70},{"value":0,"tweenMethod":"linearNone","tween":true,"target":307,"key":"scaleY","index":73},{"value":1,"tweenMethod":"linearNone","tween":true,"target":307,"key":"scaleY","index":80},{"value":1,"tweenMethod":"linearNone","tween":true,"target":307,"key":"scaleY","index":155},{"value":0,"tweenMethod":"linearNone","tween":true,"target":307,"key":"scaleY","index":160},{"value":1,"tweenMethod":"linearNone","tween":true,"target":307,"key":"scaleY","index":170},{"value":1,"tweenMethod":"linearNone","tween":true,"target":307,"key":"scaleY","index":225},{"value":0,"tweenMethod":"linearNone","tween":true,"target":307,"key":"scaleY","index":230},{"value":1,"tweenMethod":"linearNone","tween":true,"target":307,"key":"scaleY","index":240},{"value":1,"tweenMethod":"linearNone","tween":true,"target":307,"key":"scaleY","index":365},{"value":0,"tweenMethod":"linearNone","tween":true,"target":307,"key":"scaleY","index":370},{"value":1,"tweenMethod":"linearNone","tween":true,"target":307,"key":"scaleY","index":380},{"value":1,"tweenMethod":"linearNone","tween":true,"target":307,"key":"scaleY","index":430},{"value":0,"tweenMethod":"linearNone","tween":true,"target":307,"key":"scaleY","index":435},{"value":1,"tweenMethod":"linearNone","tween":true,"target":307,"key":"scaleY","index":445}],"scaleX":[{"value":1,"tweenMethod":"linearNone","tween":true,"target":307,"key":"scaleX","index":0},{"value":1,"tweenMethod":"linearNone","tween":true,"target":307,"key":"scaleX","index":8}]}},{"target":304,"keyframes":{"scaleY":[{"value":1,"tweenMethod":"linearNone","tween":true,"target":304,"key":"scaleY","index":0},{"value":0,"tweenMethod":"linearNone","tween":true,"target":304,"key":"scaleY","index":25},{"value":1,"tweenMethod":"linearNone","tween":true,"target":304,"key":"scaleY","index":30},{"value":0.6,"tweenMethod":"linearNone","tween":true,"target":304,"key":"scaleY","index":45},{"value":0.3,"tweenMethod":"linearNone","tween":true,"target":304,"label":null,"key":"scaleY","index":60},{"value":1,"tweenMethod":"linearNone","tween":true,"target":304,"label":null,"key":"scaleY","index":65},{"value":1,"tweenMethod":"linearNone","tween":true,"target":304,"key":"scaleY","index":155},{"value":0.8,"tweenMethod":"linearNone","tween":true,"target":304,"key":"scaleY","index":160},{"value":1,"tweenMethod":"linearNone","tween":true,"target":304,"key":"scaleY","index":170},{"value":1,"tweenMethod":"linearNone","tween":true,"target":304,"label":null,"key":"scaleY","index":225},{"value":0.8,"tweenMethod":"linearNone","tween":true,"target":304,"label":null,"key":"scaleY","index":230},{"value":1,"tweenMethod":"linearNone","tween":true,"target":304,"label":null,"key":"scaleY","index":240},{"value":1,"tweenMethod":"linearNone","tween":true,"target":304,"label":null,"key":"scaleY","index":295},{"value":0.8,"tweenMethod":"linearNone","tween":true,"target":304,"label":null,"key":"scaleY","index":300},{"value":1,"tweenMethod":"linearNone","tween":true,"target":304,"label":null,"key":"scaleY","index":310},{"value":1,"tweenMethod":"linearNone","tween":true,"target":304,"label":null,"key":"scaleY","index":365},{"value":0.8,"tweenMethod":"linearNone","tween":true,"target":304,"label":null,"key":"scaleY","index":370},{"value":1,"tweenMethod":"linearNone","tween":true,"target":304,"label":null,"key":"scaleY","index":380},{"value":1,"tweenMethod":"linearNone","tween":true,"target":304,"label":null,"key":"scaleY","index":430},{"value":0.5,"tweenMethod":"linearNone","tween":true,"target":304,"label":null,"key":"scaleY","index":435},{"value":1,"tweenMethod":"linearNone","tween":true,"target":304,"label":null,"key":"scaleY","index":445}],"scaleX":[{"value":1,"tweenMethod":"linearNone","tween":true,"target":304,"key":"scaleX","index":0},{"value":1,"tweenMethod":"linearNone","tween":true,"target":304,"key":"scaleX","index":20},{"value":0.9,"tweenMethod":"linearNone","tween":true,"target":304,"key":"scaleX","index":25},{"value":1,"tweenMethod":"linearNone","tween":true,"target":304,"key":"scaleX","index":40},{"value":0,"tweenMethod":"linearNone","tween":true,"target":304,"key":"scaleX","index":45},{"value":1,"tweenMethod":"linearNone","tween":true,"target":304,"key":"scaleX","index":51},{"value":1,"tweenMethod":"linearNone","tween":true,"target":304,"label":null,"key":"scaleX","index":55},{"value":0.8,"tweenMethod":"linearNone","tween":true,"target":304,"label":null,"key":"scaleX","index":60},{"value":1,"tweenMethod":"linearNone","tween":true,"target":304,"key":"scaleX","index":65},{"value":1,"tweenMethod":"linearNone","tween":true,"target":304,"key":"scaleX","index":155},{"value":0.8,"tweenMethod":"linearNone","tween":true,"target":304,"key":"scaleX","index":160},{"value":1,"tweenMethod":"linearNone","tween":true,"target":304,"key":"scaleX","index":170},{"value":1,"tweenMethod":"linearNone","tween":true,"target":304,"label":null,"key":"scaleX","index":225},{"value":0.8,"tweenMethod":"linearNone","tween":true,"target":304,"label":null,"key":"scaleX","index":230},{"value":1,"tweenMethod":"linearNone","tween":true,"target":304,"label":null,"key":"scaleX","index":240},{"value":1,"tweenMethod":"linearNone","tween":true,"target":304,"label":null,"key":"scaleX","index":295},{"value":0.8,"tweenMethod":"linearNone","tween":true,"target":304,"label":null,"key":"scaleX","index":300},{"value":1,"tweenMethod":"linearNone","tween":true,"target":304,"label":null,"key":"scaleX","index":310},{"value":1,"tweenMethod":"linearNone","tween":true,"target":304,"label":null,"key":"scaleX","index":365},{"value":0.8,"tweenMethod":"linearNone","tween":true,"target":304,"label":null,"key":"scaleX","index":370},{"value":1,"tweenMethod":"linearNone","tween":true,"target":304,"label":null,"key":"scaleX","index":380},{"value":1,"tweenMethod":"linearNone","tween":true,"target":304,"label":null,"key":"scaleX","index":430},{"value":0.5,"tweenMethod":"linearNone","tween":true,"target":304,"label":null,"key":"scaleX","index":435},{"value":1,"tweenMethod":"linearNone","tween":true,"target":304,"label":null,"key":"scaleX","index":445}]}},{"target":296,"keyframes":{"rotation":[{"value":0,"tweenMethod":"linearNone","tween":true,"target":296,"key":"rotation","index":0},{"value":0,"tweenMethod":"linearNone","tween":true,"target":296,"key":"rotation","index":85},{"value":5,"tweenMethod":"linearNone","tween":true,"target":296,"key":"rotation","index":100},{"value":0,"tweenMethod":"linearNone","tween":true,"target":296,"key":"rotation","index":115},{"value":5,"tweenMethod":"linearNone","tween":true,"target":296,"key":"rotation","index":130},{"value":0,"tweenMethod":"linearNone","tween":true,"target":296,"key":"rotation","index":145},{"value":14,"tweenMethod":"linearNone","tween":true,"target":296,"key":"rotation","index":160},{"value":-27,"tweenMethod":"linearNone","tween":true,"target":296,"key":"rotation","index":170},{"value":0,"tweenMethod":"linearNone","tween":true,"target":296,"key":"rotation","index":190},{"value":0,"tweenMethod":"linearNone","tween":true,"target":296,"key":"rotation","index":220},{"value":20,"tweenMethod":"linearNone","tween":true,"target":296,"key":"rotation","index":230},{"value":-18,"tweenMethod":"linearNone","tween":true,"target":296,"key":"rotation","index":240},{"value":0,"tweenMethod":"linearNone","tween":true,"target":296,"key":"rotation","index":261},{"value":0,"tweenMethod":"linearNone","tween":true,"target":296,"key":"rotation","index":290},{"value":17,"tweenMethod":"linearNone","tween":true,"target":296,"key":"rotation","index":300},{"value":-23,"tweenMethod":"linearNone","tween":true,"target":296,"key":"rotation","index":310},{"value":0,"tweenMethod":"linearNone","tween":true,"target":296,"key":"rotation","index":330},{"value":0,"tweenMethod":"linearNone","tween":true,"target":296,"key":"rotation","index":360},{"value":17,"tweenMethod":"linearNone","tween":true,"target":296,"key":"rotation","index":370},{"value":20,"tweenMethod":"linearNone","tween":true,"target":296,"key":"rotation","index":380},{"value":0,"tweenMethod":"linearNone","tween":true,"target":296,"key":"rotation","index":400},{"value":0,"tweenMethod":"linearNone","tween":true,"target":296,"key":"rotation","index":435},{"value":10,"tweenMethod":"linearNone","tween":true,"target":296,"key":"rotation","index":445},{"value":-10,"tweenMethod":"linearNone","tween":true,"target":296,"key":"rotation","index":455},{"value":-2,"tweenMethod":"linearNone","tween":true,"target":296,"key":"rotation","index":465},{"value":0,"tweenMethod":"linearNone","tween":true,"target":296,"key":"rotation","index":475},{"value":0,"tweenMethod":"linearNone","tween":true,"target":296,"label":null,"key":"rotation","index":500}]}}],"name":"action1","id":1,"frameRate":60,"action":0},{"nodes":[{"target":176,"keyframes":{"y":[{"value":420,"tweenMethod":"linearNone","tween":true,"target":176,"key":"y","index":0},{"value":420,"tweenMethod":"linearNone","tween":true,"target":176,"label":null,"key":"y","index":130},{"value":420,"tweenMethod":"linearNone","tween":true,"target":176,"label":null,"key":"y","index":160},{"value":420,"tweenMethod":"linearNone","tween":true,"target":176,"key":"y","index":240},{"value":309,"tweenMethod":"linearNone","tween":true,"target":176,"key":"y","index":255},{"value":309,"tweenMethod":"linearNone","tween":true,"target":176,"label":null,"key":"y","index":340},{"value":420,"tweenMethod":"linearNone","tween":true,"target":176,"label":null,"key":"y","index":370}],"x":[{"value":287,"tweenMethod":"linearNone","tween":true,"target":176,"key":"x","index":0},{"value":287,"tweenMethod":"linearNone","tween":true,"target":176,"label":null,"key":"x","index":130},{"value":287,"tweenMethod":"linearNone","tween":true,"target":176,"label":null,"key":"x","index":160},{"value":287,"tweenMethod":"linearNone","tween":true,"target":176,"key":"x","index":240},{"value":296,"tweenMethod":"linearNone","tween":true,"target":176,"key":"x","index":255},{"value":296,"tweenMethod":"linearNone","tween":true,"target":176,"label":null,"key":"x","index":340},{"value":287,"tweenMethod":"linearNone","tween":true,"target":176,"label":null,"key":"x","index":370}],"rotation":[{"value":0,"tweenMethod":"linearNone","tween":true,"target":176,"key":"rotation","index":0},{"value":-20,"tweenMethod":"linearNone","tween":true,"target":176,"key":"rotation","index":30},{"value":-20,"tweenMethod":"linearNone","tween":true,"target":176,"label":null,"key":"rotation","index":60},{"value":0,"tweenMethod":"linearNone","tween":true,"target":176,"key":"rotation","index":90},{"value":0,"tweenMethod":"linearNone","tween":true,"target":176,"label":null,"key":"rotation","index":110},{"value":20,"tweenMethod":"linearNone","tween":true,"target":176,"label":null,"key":"rotation","index":130},{"value":20,"tweenMethod":"linearNone","tween":true,"target":176,"label":null,"key":"rotation","index":160},{"value":0,"tweenMethod":"linearNone","tween":true,"target":176,"key":"rotation","index":180},{"value":0,"tweenMethod":"linearNone","tween":true,"target":176,"label":null,"key":"rotation","index":195},{"value":6,"tweenMethod":"linearNone","tween":true,"target":176,"key":"rotation","index":210},{"value":-10,"tweenMethod":"linearNone","tween":true,"target":176,"key":"rotation","index":225},{"value":0,"tweenMethod":"linearNone","tween":true,"target":176,"key":"rotation","index":240},{"value":0,"tweenMethod":"linearNone","tween":true,"target":176,"key":"rotation","index":255},{"value":8,"tweenMethod":"linearNone","tween":true,"target":176,"key":"rotation","index":270},{"value":0,"tweenMethod":"linearNone","tween":true,"target":176,"key":"rotation","index":285},{"value":8,"tweenMethod":"linearNone","tween":true,"target":176,"key":"rotation","index":300},{"value":0,"tweenMethod":"linearNone","tween":true,"target":176,"key":"rotation","index":310},{"value":8,"tweenMethod":"linearNone","tween":true,"target":176,"key":"rotation","index":325},{"value":0,"tweenMethod":"linearNone","tween":true,"target":176,"label":null,"key":"rotation","index":340},{"value":0,"tweenMethod":"linearNone","tween":true,"target":176,"label":null,"key":"rotation","index":370}],"pivotY":[{"value":401,"tweenMethod":"linearNone","tween":true,"target":176,"key":"pivotY","index":0},{"value":401,"tweenMethod":"linearNone","tween":true,"target":176,"label":null,"key":"pivotY","index":130},{"value":401,"tweenMethod":"linearNone","tween":true,"target":176,"label":null,"key":"pivotY","index":160}],"pivotX":[{"value":253,"tweenMethod":"linearNone","tween":true,"target":176,"key":"pivotX","index":0},{"value":253,"tweenMethod":"linearNone","tween":true,"target":176,"label":null,"key":"pivotX","index":130},{"value":253,"tweenMethod":"linearNone","tween":true,"target":176,"label":null,"key":"pivotX","index":160}]}},{"target":177,"keyframes":{"zOrder":[{"value":99,"tweenMethod":"linearNone","tween":true,"target":177,"key":"zOrder","index":0}],"y":[{"value":394,"tweenMethod":"linearNone","tween":true,"target":177,"key":"y","index":0},{"value":394,"tweenMethod":"linearNone","tween":true,"target":177,"key":"y","index":240},{"value":334,"tweenMethod":"linearNone","tween":true,"target":177,"key":"y","index":255},{"value":334,"tweenMethod":"linearNone","tween":true,"target":177,"label":null,"key":"y","index":340},{"value":394,"tweenMethod":"linearNone","tween":true,"target":177,"label":null,"key":"y","index":370}],"x":[{"value":274,"tweenMethod":"linearNone","tween":true,"target":177,"key":"x","index":0},{"value":274,"tweenMethod":"linearNone","tween":true,"target":177,"key":"x","index":240},{"value":305,"tweenMethod":"linearNone","tween":true,"target":177,"key":"x","index":255},{"value":305,"tweenMethod":"linearNone","tween":true,"target":177,"label":null,"key":"x","index":340},{"value":274,"tweenMethod":"linearNone","tween":true,"target":177,"label":null,"key":"x","index":370}],"rotation":[{"value":0,"tweenMethod":"linearNone","tween":true,"target":177,"key":"rotation","index":0},{"value":0,"tweenMethod":"linearNone","tween":true,"target":177,"key":"rotation","index":240},{"value":17,"tweenMethod":"linearNone","tween":true,"target":177,"key":"rotation","index":255},{"value":17,"tweenMethod":"linearNone","tween":true,"target":177,"label":null,"key":"rotation","index":340},{"value":0,"tweenMethod":"linearNone","tween":true,"target":177,"label":null,"key":"rotation","index":370}]}},{"target":174,"keyframes":{"rotation":[{"value":0,"tweenMethod":"linearNone","tween":true,"target":174,"key":"rotation","index":0},{"value":0,"tweenMethod":"linearNone","tween":true,"target":174,"key":"rotation","index":240},{"value":-134,"tweenMethod":"linearNone","tween":true,"target":174,"key":"rotation","index":255},{"value":-134,"tweenMethod":"linearNone","tween":true,"target":174,"label":null,"key":"rotation","index":340},{"value":0,"tweenMethod":"linearNone","tween":true,"target":174,"label":null,"key":"rotation","index":370}]}},{"target":172,"keyframes":{"zOrder":[{"value":95,"tweenMethod":"linearNone","tween":true,"target":172,"key":"zOrder","index":0}],"y":[{"value":331,"tweenMethod":"linearNone","tween":true,"target":172,"key":"y","index":0},{"value":340,"tweenMethod":"linearNone","tween":true,"target":172,"key":"y","index":255}],"x":[{"value":217,"tweenMethod":"linearNone","tween":true,"target":172,"key":"x","index":0},{"value":218.5,"tweenMethod":"linearNone","tween":true,"target":172,"key":"x","index":255}],"rotation":[{"value":0,"tweenMethod":"linearNone","tween":true,"target":172,"key":"rotation","index":0},{"value":0,"tweenMethod":"linearNone","tween":true,"target":172,"key":"rotation","index":240},{"value":-61,"tweenMethod":"linearNone","tween":true,"target":172,"key":"rotation","index":255},{"value":-61,"tweenMethod":"linearNone","tween":true,"target":172,"label":null,"key":"rotation","index":340},{"value":0,"tweenMethod":"linearNone","tween":true,"target":172,"label":null,"key":"rotation","index":370}]}},{"target":168,"keyframes":{"zOrder":[{"value":100,"tweenMethod":"linearNone","tween":true,"target":168,"key":"zOrder","index":0},{"value":100,"tweenMethod":"linearNone","tween":true,"target":168,"label":null,"key":"zOrder","index":90},{"value":99,"tweenMethod":"linearNone","tween":true,"target":168,"label":null,"key":"zOrder","index":240},{"value":101,"tweenMethod":"linearNone","tween":true,"target":168,"key":"zOrder","index":255},{"value":101,"tweenMethod":"linearNone","tween":true,"target":168,"label":null,"key":"zOrder","index":340},{"value":99,"tweenMethod":"linearNone","tween":true,"target":168,"label":null,"key":"zOrder","index":370}],"y":[{"value":443,"tweenMethod":"linearNone","tween":true,"target":168,"key":"y","index":0},{"value":443,"tweenMethod":"linearNone","tween":true,"target":168,"label":null,"key":"y","index":90},{"value":443,"tweenMethod":"linearNone","tween":true,"target":168,"label":null,"key":"y","index":240},{"value":387,"tweenMethod":"linearNone","tween":true,"target":168,"key":"y","index":255},{"value":387,"tweenMethod":"linearNone","tween":true,"target":168,"label":null,"key":"y","index":340},{"value":443,"tweenMethod":"linearNone","tween":true,"target":168,"label":null,"key":"y","index":370}],"x":[{"value":318,"tweenMethod":"linearNone","tween":true,"target":168,"key":"x","index":0},{"value":318,"tweenMethod":"linearNone","tween":true,"target":168,"label":null,"key":"x","index":90},{"value":318,"tweenMethod":"linearNone","tween":true,"target":168,"label":null,"key":"x","index":240},{"value":357.5,"tweenMethod":"linearNone","tween":true,"target":168,"key":"x","index":255},{"value":357.5,"tweenMethod":"linearNone","tween":true,"target":168,"label":null,"key":"x","index":340},{"value":318,"tweenMethod":"linearNone","tween":true,"target":168,"label":null,"key":"x","index":370}],"rotation":[{"value":0,"tweenMethod":"linearNone","tween":true,"target":168,"key":"rotation","index":0},{"value":-115,"tweenMethod":"linearNone","tween":true,"target":168,"key":"rotation","index":30},{"value":-115,"tweenMethod":"linearNone","tween":true,"target":168,"label":null,"key":"rotation","index":60},{"value":0,"tweenMethod":"linearNone","tween":true,"target":168,"label":null,"key":"rotation","index":90},{"value":0,"tweenMethod":"linearNone","tween":true,"target":168,"key":"rotation","index":110},{"value":40,"tweenMethod":"linearNone","tween":true,"target":168,"key":"rotation","index":130},{"value":40,"tweenMethod":"linearNone","tween":true,"target":168,"label":null,"key":"rotation","index":160},{"value":0,"tweenMethod":"linearNone","tween":true,"target":168,"key":"rotation","index":180},{"value":0,"tweenMethod":"linearNone","tween":true,"target":168,"label":null,"key":"rotation","index":195},{"value":0,"tweenMethod":"linearNone","tween":true,"target":168,"key":"rotation","index":210},{"value":0,"tweenMethod":"linearNone","tween":true,"target":168,"label":null,"key":"rotation","index":240},{"value":-135,"tweenMethod":"linearNone","tween":true,"target":168,"key":"rotation","index":255},{"value":-135,"tweenMethod":"linearNone","tween":true,"target":168,"label":null,"key":"rotation","index":340},{"value":0,"tweenMethod":"linearNone","tween":true,"target":168,"label":null,"key":"rotation","index":370}]}},{"target":170,"keyframes":{"rotation":[{"value":0,"tweenMethod":"linearNone","tween":true,"target":170,"key":"rotation","index":0},{"value":-111,"tweenMethod":"linearNone","tween":true,"target":170,"key":"rotation","index":30},{"value":-111,"tweenMethod":"linearNone","tween":true,"target":170,"label":null,"key":"rotation","index":60},{"value":0,"tweenMethod":"linearNone","tween":true,"target":170,"label":null,"key":"rotation","index":90},{"value":0,"tweenMethod":"linearNone","tween":true,"target":170,"key":"rotation","index":110},{"value":50,"tweenMethod":"linearNone","tween":true,"target":170,"key":"rotation","index":130},{"value":50,"tweenMethod":"linearNone","tween":true,"target":170,"label":null,"key":"rotation","index":160},{"value":0,"tweenMethod":"linearNone","tween":true,"target":170,"key":"rotation","index":180},{"value":0,"tweenMethod":"linearNone","tween":true,"target":170,"label":null,"key":"rotation","index":195},{"value":0,"tweenMethod":"linearNone","tween":true,"target":170,"key":"rotation","index":210},{"value":0,"tweenMethod":"linearNone","tween":true,"target":170,"key":"rotation","index":240},{"value":47,"tweenMethod":"linearNone","tween":true,"target":170,"key":"rotation","index":255},{"value":83,"tweenMethod":"linearNone","tween":true,"target":170,"key":"rotation","index":270},{"value":37,"tweenMethod":"linearNone","tween":true,"target":170,"key":"rotation","index":285},{"value":76,"tweenMethod":"linearNone","tween":true,"target":170,"key":"rotation","index":300},{"value":32,"tweenMethod":"linearNone","tween":true,"target":170,"key":"rotation","index":310},{"value":83,"tweenMethod":"linearNone","tween":true,"target":170,"label":null,"key":"rotation","index":325},{"value":47,"tweenMethod":"linearNone","tween":true,"target":170,"label":null,"key":"rotation","index":340},{"value":0,"tweenMethod":"linearNone","tween":true,"target":170,"label":null,"key":"rotation","index":370}]}},{"target":164,"keyframes":{"zOrder":[{"value":98,"tweenMethod":"linearNone","tween":true,"target":164,"key":"zOrder","index":0}],"rotation":[{"value":0,"tweenMethod":"linearNone","tween":true,"target":164,"key":"rotation","index":0}]}},{"target":152,"keyframes":{"y":[{"value":152,"tweenMethod":"linearNone","tween":true,"target":152,"key":"y","index":0},{"value":163.5,"tweenMethod":"linearNone","tween":true,"target":152,"key":"y","index":30},{"value":163.5,"tweenMethod":"linearNone","tween":true,"target":152,"label":null,"key":"y","index":60},{"value":175,"tweenMethod":"linearNone","tween":true,"target":152,"key":"y","index":95},{"value":175,"tweenMethod":"linearNone","tween":true,"target":152,"label":null,"key":"y","index":105},{"value":168,"tweenMethod":"linearNone","tween":true,"target":152,"key":"y","index":130},{"value":168,"tweenMethod":"linearNone","tween":true,"target":152,"key":"y","index":160},{"value":152,"tweenMethod":"linearNone","tween":true,"target":152,"label":null,"key":"y","index":180},{"value":152,"tweenMethod":"linearNone","tween":true,"target":152,"label":null,"key":"y","index":195},{"value":163.5,"tweenMethod":"linearNone","tween":true,"target":152,"key":"y","index":225}],"x":[{"value":380,"tweenMethod":"linearNone","tween":true,"target":152,"key":"x","index":0},{"value":374.5,"tweenMethod":"linearNone","tween":true,"target":152,"key":"x","index":30},{"value":374.5,"tweenMethod":"linearNone","tween":true,"target":152,"label":null,"key":"x","index":60},{"value":360,"tweenMethod":"linearNone","tween":true,"target":152,"key":"x","index":95},{"value":360,"tweenMethod":"linearNone","tween":true,"target":152,"label":null,"key":"x","index":105},{"value":367,"tweenMethod":"linearNone","tween":true,"target":152,"key":"x","index":130},{"value":367,"tweenMethod":"linearNone","tween":true,"target":152,"key":"x","index":160},{"value":380,"tweenMethod":"linearNone","tween":true,"target":152,"label":null,"key":"x","index":180},{"value":380,"tweenMethod":"linearNone","tween":true,"target":152,"label":null,"key":"x","index":195},{"value":374.5,"tweenMethod":"linearNone","tween":true,"target":152,"key":"x","index":225}],"rotation":[{"value":0,"tweenMethod":"linearNone","tween":true,"target":152,"key":"rotation","index":0},{"value":26,"tweenMethod":"linearNone","tween":true,"target":152,"key":"rotation","index":30},{"value":26,"tweenMethod":"linearNone","tween":true,"target":152,"label":null,"key":"rotation","index":60},{"value":0,"tweenMethod":"linearNone","tween":true,"target":152,"key":"rotation","index":90},{"value":-24,"tweenMethod":"linearNone","tween":true,"target":152,"key":"rotation","index":95},{"value":8,"tweenMethod":"linearNone","tween":true,"target":152,"label":null,"key":"rotation","index":100},{"value":-24,"tweenMethod":"linearNone","tween":true,"target":152,"label":null,"key":"rotation","index":105},{"value":0,"tweenMethod":"linearNone","tween":true,"target":152,"label":null,"key":"rotation","index":110},{"value":27,"tweenMethod":"linearNone","tween":true,"target":152,"key":"rotation","index":130},{"value":27,"tweenMethod":"linearNone","tween":true,"target":152,"label":null,"key":"rotation","index":160},{"value":1,"tweenMethod":"linearNone","tween":true,"target":152,"key":"rotation","index":180},{"value":1,"tweenMethod":"linearNone","tween":true,"target":152,"label":null,"key":"rotation","index":195},{"value":11,"tweenMethod":"linearNone","tween":true,"target":152,"key":"rotation","index":210},{"value":-14,"tweenMethod":"linearNone","tween":true,"target":152,"key":"rotation","index":225},{"value":0,"tweenMethod":"linearNone","tween":true,"target":152,"key":"rotation","index":240}]}},{"target":154,"keyframes":{"y":[{"value":144,"tweenMethod":"linearNone","tween":true,"target":154,"key":"y","index":0},{"value":162.5,"tweenMethod":"linearNone","tween":true,"target":154,"key":"y","index":30},{"value":162.5,"tweenMethod":"linearNone","tween":true,"target":154,"label":null,"key":"y","index":60},{"value":160.5,"tweenMethod":"linearNone","tween":true,"target":154,"key":"y","index":95},{"value":160.5,"tweenMethod":"linearNone","tween":true,"target":154,"label":null,"key":"y","index":105},{"value":160,"tweenMethod":"linearNone","tween":true,"target":154,"key":"y","index":130},{"value":160,"tweenMethod":"linearNone","tween":true,"target":154,"key":"y","index":160},{"value":144,"tweenMethod":"linearNone","tween":true,"target":154,"label":null,"key":"y","index":180},{"value":144,"tweenMethod":"linearNone","tween":true,"target":154,"label":null,"key":"y","index":195},{"value":152,"tweenMethod":"linearNone","tween":true,"target":154,"key":"y","index":210},{"value":162.5,"tweenMethod":"linearNone","tween":true,"target":154,"key":"y","index":225}],"x":[{"value":120,"tweenMethod":"linearNone","tween":true,"target":154,"key":"x","index":0},{"value":130.5,"tweenMethod":"linearNone","tween":true,"target":154,"key":"x","index":30},{"value":130.5,"tweenMethod":"linearNone","tween":true,"target":154,"label":null,"key":"x","index":60},{"value":137.5,"tweenMethod":"linearNone","tween":true,"target":154,"key":"x","index":95},{"value":137.5,"tweenMethod":"linearNone","tween":true,"target":154,"label":null,"key":"x","index":105},{"value":135,"tweenMethod":"linearNone","tween":true,"target":154,"key":"x","index":130},{"value":135,"tweenMethod":"linearNone","tween":true,"target":154,"key":"x","index":160},{"value":120,"tweenMethod":"linearNone","tween":true,"target":154,"label":null,"key":"x","index":180},{"value":120,"tweenMethod":"linearNone","tween":true,"target":154,"label":null,"key":"x","index":195},{"value":122,"tweenMethod":"linearNone","tween":true,"target":154,"key":"x","index":210}],"rotation":[{"value":0,"tweenMethod":"linearNone","tween":true,"target":154,"key":"rotation","index":0},{"value":-31,"tweenMethod":"linearNone","tween":true,"target":154,"key":"rotation","index":30},{"value":-31,"tweenMethod":"linearNone","tween":true,"target":154,"label":null,"key":"rotation","index":60},{"value":0,"tweenMethod":"linearNone","tween":true,"target":154,"key":"rotation","index":90},{"value":22,"tweenMethod":"linearNone","tween":true,"target":154,"key":"rotation","index":95},{"value":-11,"tweenMethod":"linearNone","tween":true,"target":154,"label":null,"key":"rotation","index":100},{"value":22,"tweenMethod":"linearNone","tween":true,"target":154,"label":null,"key":"rotation","index":105},{"value":0,"tweenMethod":"linearNone","tween":true,"target":154,"label":null,"key":"rotation","index":110},{"value":-32,"tweenMethod":"linearNone","tween":true,"target":154,"key":"rotation","index":130},{"value":-32,"tweenMethod":"linearNone","tween":true,"target":154,"label":null,"key":"rotation","index":160},{"value":0,"tweenMethod":"linearNone","tween":true,"target":154,"label":null,"key":"rotation","index":180},{"value":0,"tweenMethod":"linearNone","tween":true,"target":154,"label":null,"key":"rotation","index":195},{"value":11,"tweenMethod":"linearNone","tween":true,"target":154,"key":"rotation","index":210},{"value":-20,"tweenMethod":"linearNone","tween":true,"target":154,"key":"rotation","index":225},{"value":0,"tweenMethod":"linearNone","tween":true,"target":154,"key":"rotation","index":240}]}},{"target":156,"keyframes":{"scaleY":[{"value":1,"tweenMethod":"linearNone","tween":true,"target":156,"key":"scaleY","index":0},{"value":1,"tweenMethod":"linearNone","tween":true,"target":156,"key":"scaleY","index":37},{"value":0,"tweenMethod":"linearNone","tween":true,"target":156,"key":"scaleY","index":40},{"value":1,"tweenMethod":"linearNone","tween":true,"target":156,"key":"scaleY","index":43},{"value":1,"tweenMethod":"linearNone","tween":true,"target":156,"key":"scaleY","index":135},{"value":0,"tweenMethod":"linearNone","tween":true,"target":156,"key":"scaleY","index":137},{"value":1,"tweenMethod":"linearNone","tween":true,"target":156,"key":"scaleY","index":139}]}},{"target":158,"keyframes":{"scaleY":[{"value":1,"tweenMethod":"linearNone","tween":true,"target":158,"key":"scaleY","index":0},{"value":1,"tweenMethod":"linearNone","tween":true,"target":158,"key":"scaleY","index":37},{"value":0,"tweenMethod":"linearNone","tween":true,"target":158,"key":"scaleY","index":40},{"value":1,"tweenMethod":"linearNone","tween":true,"target":158,"key":"scaleY","index":43},{"value":1,"tweenMethod":"linearNone","tween":true,"target":158,"key":"scaleY","index":135},{"value":0,"tweenMethod":"linearNone","tween":true,"target":158,"key":"scaleY","index":137},{"value":1,"tweenMethod":"linearNone","tween":true,"target":158,"key":"scaleY","index":139}]}},{"target":162,"keyframes":{"scaleY":[{"value":1,"tweenMethod":"linearNone","tween":true,"target":162,"key":"scaleY","index":0},{"value":1,"tweenMethod":"linearNone","tween":true,"target":162,"key":"scaleY","index":48},{"value":0.7,"tweenMethod":"linearNone","tween":true,"target":162,"key":"scaleY","index":53},{"value":1,"tweenMethod":"linearNone","tween":true,"target":162,"key":"scaleY","index":58},{"value":1,"tweenMethod":"linearNone","tween":true,"target":162,"key":"scaleY","index":145},{"value":0.7,"tweenMethod":"linearNone","tween":true,"target":162,"key":"scaleY","index":150},{"value":1,"tweenMethod":"linearNone","tween":true,"target":162,"key":"scaleY","index":160}],"scaleX":[{"value":1,"tweenMethod":"linearNone","tween":true,"target":162,"key":"scaleX","index":0},{"value":1,"tweenMethod":"linearNone","tween":true,"target":162,"key":"scaleX","index":48},{"value":0.7,"tweenMethod":"linearNone","tween":true,"target":162,"key":"scaleX","index":53},{"value":1,"tweenMethod":"linearNone","tween":true,"target":162,"key":"scaleX","index":58},{"value":1,"tweenMethod":"linearNone","tween":true,"target":162,"key":"scaleX","index":145},{"value":0.7,"tweenMethod":"linearNone","tween":true,"target":162,"key":"scaleX","index":150},{"value":1,"tweenMethod":"linearNone","tween":true,"target":162,"key":"scaleX","index":160}]}},{"target":166,"keyframes":{"rotation":[{"value":0,"tweenMethod":"linearNone","tween":true,"target":166,"key":"rotation","index":0},{"value":-31,"tweenMethod":"linearNone","tween":true,"target":166,"key":"rotation","index":30},{"value":-2,"tweenMethod":"linearNone","tween":true,"target":166,"key":"rotation","index":43},{"value":-31,"tweenMethod":"linearNone","tween":true,"target":166,"label":null,"key":"rotation","index":60},{"value":0,"tweenMethod":"linearNone","tween":true,"target":166,"key":"rotation","index":90},{"value":0,"tweenMethod":"linearNone","tween":true,"target":166,"key":"rotation","index":110},{"value":20,"tweenMethod":"linearNone","tween":true,"target":166,"key":"rotation","index":130},{"value":20,"tweenMethod":"linearNone","tween":true,"target":166,"key":"rotation","index":160},{"value":0,"tweenMethod":"linearNone","tween":true,"target":166,"key":"rotation","index":180},{"value":0,"tweenMethod":"linearNone","tween":true,"target":166,"label":null,"key":"rotation","index":195},{"value":-25,"tweenMethod":"linearNone","tween":true,"target":166,"key":"rotation","index":210},{"value":0,"tweenMethod":"linearNone","tween":true,"target":166,"key":"rotation","index":240},{"value":0,"tweenMethod":"linearNone","tween":true,"target":166,"key":"rotation","index":255},{"value":-20,"tweenMethod":"linearNone","tween":true,"target":166,"key":"rotation","index":270},{"value":0,"tweenMethod":"linearNone","tween":true,"target":166,"key":"rotation","index":285},{"value":-20,"tweenMethod":"linearNone","tween":true,"target":166,"key":"rotation","index":300},{"value":0,"tweenMethod":"linearNone","tween":true,"target":166,"key":"rotation","index":310},{"value":-20,"tweenMethod":"linearNone","tween":true,"target":166,"key":"rotation","index":325},{"value":0,"tweenMethod":"linearNone","tween":true,"target":166,"key":"rotation","index":340}]}}],"name":"action1_0","id":1,"frameRate":60,"action":0}],"loadList":["Frame/UI/ui_orthogon_white.png","Game/UI/GameScene/Level7/nanguatou mask.png","Game/UI/GameScene/Level7/nanguatou .png","Game/UI/GameScene/Level7/shenti mask.png","Game/UI/GameScene/Level7/shenti .png","Game/UI/GameScene/Level7/zuiba mask.png","Game/UI/GameScene/Level7/zuiba .png","Game/UI/GameScene/Level7/yanjing .png"],"loadList3D":[]}