{"type":"View","props":{"width":720,"height":1280},"compId":2,"child":[{"type":"Image","props":{"var":"Background","top":0,"skin":"Frame/UI/ui_orthogon_white.png","sizeGrid":"16,15,18,8","right":0,"name":"Background","left":0,"bottom":0},"compId":11},{"type":"Image","props":{"width":291,"var":"BtnBack","skin":"Frame/UI/ui_l_orthogon_red.png","sizeGrid":"13,19,20,14","pivotY":60,"pivotX":146,"name":"BtnBack","height":120,"centerY":500,"centerX":0},"compId":3,"child":[{"type":"Label","props":{"y":20,"x":48,"width":195,"valign":"middle","text":"返回","height":80,"fontSize":30,"bold":true,"align":"center"},"compId":8}]}],"loadList":["Frame/UI/ui_orthogon_white.png","Frame/UI/ui_l_orthogon_red.png"],"loadList3D":[]}