{"type":"View","props":{"width":720,"height":1280},"compId":2,"child":[{"type":"Image","props":{"var":"Background","top":0,"skin":"Frame/UI/ui_orthogon_white.png","sizeGrid":"16,15,18,8","right":0,"name":"Background","left":0,"bottom":0},"compId":11},{"type":"Image","props":{"y":0,"x":0,"width":720,"var":"DrawRoot","name":"DrawRoot","height":1280},"compId":13,"child":[{"type":"Image","props":{"y":121,"x":17.5,"width":685,"name":"Yu","height":459},"compId":178,"child":[{"type":"Image","props":{"y":235,"x":389,"width":445,"var":"Draw2","skin":"Game/UI/GameScene/Level4/shenzimask.png","pivotY":158,"pivotX":223,"name":"Draw2","height":316},"compId":191,"child":[{"type":"Sprite","props":{"y":0,"x":0,"texture":"Game/UI/GameScene/Level4/shenzi.png","name":"Pic"},"compId":193},{"type":"Image","props":{"y":0,"x":0,"skin":"Game/UI/GameScene/Level4/shenzimask.png","renderType":"mask"},"compId":192}]},{"type":"Image","props":{"y":200,"x":200,"width":188,"var":"Draw3","skin":"Game/UI/GameScene/Level4/yibamask.png","pivotY":156,"pivotX":165,"name":"Draw3","height":251},"compId":195,"child":[{"type":"Image","props":{"y":0,"x":0,"skin":"Game/UI/GameScene/Level4/yibamask.png","renderType":"mask"},"compId":196},{"type":"Image","props":{"skin":"Game/UI/GameScene/Level4/yiba.png","name":"Pic"},"compId":197}]},{"type":"Image","props":{"y":120,"x":403,"width":155,"var":"Draw5","skin":"Game/UI/GameScene/Level4/yuqimask.png","pivotY":122,"pivotX":78,"height":141},"compId":198,"child":[{"type":"Image","props":{"y":0,"x":0,"skin":"Game/UI/GameScene/Level4/yuqimask.png"},"compId":199},{"type":"Image","props":{"skin":"Game/UI/GameScene/Level4/yuqi.png","name":"Pic"},"compId":200}]},{"type":"Image","props":{"y":180,"x":409,"skin":"Game/UI/GameScene/Level4/yajnzhuzi.png","name":"Eye1"},"compId":201},{"type":"Image","props":{"y":181.5,"x":496,"skin":"Game/UI/GameScene/Level4/yajnzhuzi.png","name":"Eye2"},"compId":202},{"type":"Image","props":{"y":305,"x":481,"width":159,"var":"Draw1","skin":"Game/UI/GameScene/Level4/zuimask.png","pivotY":70,"pivotX":80,"name":"Draw1","height":121},"compId":203,"child":[{"type":"Image","props":{"y":0,"x":0,"skin":"Game/UI/GameScene/Level4/zui.png","name":"Pic"},"compId":205},{"type":"Image","props":{"y":0,"x":0,"skin":"Game/UI/GameScene/Level4/zuimask.png","renderType":"mask"},"compId":204}]},{"type":"Image","props":{"y":287,"x":319,"width":145,"var":"Draw4","skin":"Game/UI/GameScene/Level4/fuqimask.png","pivotY":38,"pivotX":92,"name":"Draw4","height":160},"compId":206,"child":[{"type":"Image","props":{"y":0,"x":0,"skin":"Game/UI/GameScene/Level4/fuqi.png","name":"Pic"},"compId":208},{"type":"Image","props":{"y":0,"x":0,"skin":"Game/UI/GameScene/Level4/fuqimask.png","renderType":"mask"},"compId":207}]}]}]}],"animations":[{"nodes":[{"target":27,"keyframes":{"rotation":[{"value":0,"tweenMethod":"linearNone","tween":true,"target":27,"key":"rotation","index":0},{"value":-90,"tweenMethod":"linearNone","tween":true,"target":27,"key":"rotation","index":20},{"value":0,"tweenMethod":"linearNone","tween":true,"target":27,"label":null,"key":"rotation","index":40},{"value":90,"tweenMethod":"linearNone","tween":true,"target":27,"key":"rotation","index":60},{"value":0,"tweenMethod":"linearNone","tween":true,"target":27,"label":null,"key":"rotation","index":80},{"value":100,"tweenMethod":"linearNone","tween":true,"target":27,"key":"rotation","index":100},{"value":0,"tweenMethod":"linearNone","tween":true,"target":27,"key":"rotation","index":120}]}}],"name":"action1","id":1,"frameRate":60,"action":0}],"loadList":["Frame/UI/ui_orthogon_white.png","Game/UI/GameScene/Level4/shenzimask.png","Game/UI/GameScene/Level4/shenzi.png","Game/UI/GameScene/Level4/yibamask.png","Game/UI/GameScene/Level4/yiba.png","Game/UI/GameScene/Level4/yuqimask.png","Game/UI/GameScene/Level4/yuqi.png","Game/UI/GameScene/Level4/yajnzhuzi.png","Game/UI/GameScene/Level4/zuimask.png","Game/UI/GameScene/Level4/zui.png","Game/UI/GameScene/Level4/fuqimask.png","Game/UI/GameScene/Level4/fuqi.png"],"loadList3D":[]}