{"type":"View","props":{"width":720,"height":1280},"compId":2,"child":[{"type":"Image","props":{"y":0,"x":0,"width":720,"var":"Background","skin":"Game/UI/Common/d2.png","sizeGrid":"16,15,18,8","name":"Background","height":1280},"compId":11},{"type":"Image","props":{"y":0,"x":0,"width":720,"var":"DrawingBoard","skin":"Frame/UI/ui_orthogon_white.png","sizeGrid":"13,14,16,16","rotation":0,"name":"DrawingBoard","height":1200},"compId":225,"child":[{"type":"Image","props":{"y":-33,"x":0,"width":720,"var":"DrawRoot","name":"DrawRoot","height":932},"compId":13,"child":[{"type":"Image","props":{"y":609,"x":448,"width":465,"var":"Car","pivotY":422,"pivotX":321,"name":"Car","height":422},"compId":202,"child":[{"type":"Image","props":{"zOrder":98,"y":368,"x":233,"width":465,"pivotY":368,"pivotX":233,"name":"Body","height":368},"compId":220,"child":[{"type":"Image","props":{"y":199,"x":237,"width":425,"var":"Draw1","skin":"Game/UI/GameScene/Level5/cheshenmask.png","pivotY":182,"pivotX":213,"name":"Draw1","height":363},"compId":201,"child":[{"type":"Image","props":{"y":35,"x":27,"width":369,"skin":"Game/UI/GameScene/Level5/cheshenmask.png","name":"MaskBoard","height":300},"compId":221},{"type":"Image","props":{"y":0,"x":0,"skin":"Game/UI/GameScene/Level5/cheshen.png","name":"Pic"},"compId":203},{"type":"Image","props":{"y":0,"x":0,"skin":"Game/UI/GameScene/Level5/cheshenmask.png","renderType":"mask"},"compId":222}]},{"type":"Image","props":{"y":150,"x":177,"width":210,"var":"Draw2","skin":"Game/UI/GameScene/Level5/chechuangmask.png","pivotY":81,"pivotX":105,"name":"Draw2","height":161},"compId":205,"child":[{"type":"Image","props":{"y":0,"x":0,"skin":"Game/UI/GameScene/Level5/chechuangmask.png","renderType":"mask","name":"Mask"},"compId":207},{"type":"Image","props":{"y":21,"x":25,"width":160,"skin":"Game/UI/GameScene/Level5/chechuangmask.png","name":"MaskBoard","height":120},"compId":223},{"type":"Image","props":{"skin":"Game/UI/GameScene/Level5/chechuang.png","name":"Pic"},"compId":208}]}]},{"type":"Image","props":{"zOrder":99,"y":339,"x":142,"width":163,"var":"Draw4","skin":"Game/UI/GameScene/Level5/chelunmask.png","rotation":0,"pivotY":82,"pivotX":82,"name":"Draw4","height":163},"compId":215,"child":[{"type":"Image","props":{"y":18,"x":19,"width":127,"skin":"Game/UI/GameScene/Level5/chelunmask.png","name":"MaskBoard","height":126},"compId":219},{"type":"Image","props":{"y":0,"x":0,"skin":"Game/UI/GameScene/Level5/chelunmask.png","renderType":"mask","name":"Mask"},"compId":216},{"type":"Image","props":{"skin":"Game/UI/GameScene/Level5/chelun.png","name":"Pic"},"compId":217}]},{"type":"Image","props":{"zOrder":100,"y":339,"x":317,"width":163,"var":"Draw3","skin":"Game/UI/GameScene/Level5/chelunmask.png","rotation":0,"pivotY":82,"pivotX":82,"name":"Draw3","height":163},"compId":209,"child":[{"type":"Image","props":{"y":18,"x":19,"width":127,"var":"MaskBoard","skin":"Game/UI/GameScene/Level5/chelunmask.png","name":"MaskBoard","height":126},"compId":218},{"type":"Image","props":{"y":0,"x":0,"skin":"Game/UI/GameScene/Level5/chelunmask.png","renderType":"mask","name":"Mask"},"compId":210},{"type":"Image","props":{"skin":"Game/UI/GameScene/Level5/chelun.png","name":"Pic"},"compId":211}]}]}]}]}],"animations":[{"nodes":[{"target":220,"keyframes":{"y":[{"value":368,"tweenMethod":"linearNone","tween":true,"target":220,"key":"y","index":0},{"value":374,"tweenMethod":"linearNone","tween":true,"target":220,"key":"y","index":10},{"value":368,"tweenMethod":"linearNone","tween":true,"target":220,"label":null,"key":"y","index":20},{"value":380,"tweenMethod":"linearNone","tween":true,"target":220,"label":null,"key":"y","index":30},{"value":368,"tweenMethod":"linearNone","tween":true,"target":220,"label":null,"key":"y","index":40},{"value":374,"tweenMethod":"linearNone","tween":true,"target":220,"label":null,"key":"y","index":50},{"value":368,"tweenMethod":"linearNone","tween":true,"target":220,"label":null,"key":"y","index":60},{"value":380,"tweenMethod":"linearNone","tween":true,"target":220,"label":null,"key":"y","index":70},{"value":368,"tweenMethod":"linearNone","tween":true,"target":220,"label":null,"key":"y","index":80},{"value":380,"tweenMethod":"linearNone","tween":true,"target":220,"label":null,"key":"y","index":90},{"value":368,"tweenMethod":"linearNone","tween":true,"target":220,"label":null,"key":"y","index":100},{"value":368,"tweenMethod":"linearNone","tween":true,"target":220,"label":null,"key":"y","index":160},{"value":374,"tweenMethod":"linearNone","tween":true,"target":220,"label":null,"key":"y","index":170},{"value":368,"tweenMethod":"linearNone","tween":true,"target":220,"label":null,"key":"y","index":180},{"value":380,"tweenMethod":"linearNone","tween":true,"target":220,"label":null,"key":"y","index":190},{"value":368,"tweenMethod":"linearNone","tween":true,"target":220,"label":null,"key":"y","index":200},{"value":374,"tweenMethod":"linearNone","tween":true,"target":220,"label":null,"key":"y","index":210},{"value":368,"tweenMethod":"linearNone","tween":true,"target":220,"label":null,"key":"y","index":220},{"value":370,"tweenMethod":"linearNone","tween":true,"target":220,"key":"y","index":255},{"value":377,"tweenMethod":"linearNone","tween":true,"target":220,"key":"y","index":270},{"value":377,"tweenMethod":"linearNone","tween":true,"target":220,"key":"y","index":300},{"value":377,"tweenMethod":"linearNone","tween":true,"target":220,"key":"y","index":310},{"value":368,"tweenMethod":"linearNone","tween":true,"target":220,"key":"y","index":320},{"value":374,"tweenMethod":"linearNone","tween":true,"target":220,"key":"y","index":330},{"value":368,"tweenMethod":"linearNone","tween":true,"target":220,"label":null,"key":"y","index":340},{"value":380,"tweenMethod":"linearNone","tween":true,"target":220,"key":"y","index":350},{"value":368,"tweenMethod":"linearNone","tween":true,"target":220,"key":"y","index":360},{"value":374,"tweenMethod":"linearNone","tween":true,"target":220,"key":"y","index":370},{"value":368,"tweenMethod":"linearNone","tween":true,"target":220,"key":"y","index":380},{"value":377,"tweenMethod":"linearNone","tween":true,"target":220,"label":null,"key":"y","index":390},{"value":368,"tweenMethod":"linearNone","tween":true,"target":220,"label":null,"key":"y","index":400},{"value":374,"tweenMethod":"linearNone","tween":true,"target":220,"label":null,"key":"y","index":410},{"value":368,"tweenMethod":"linearNone","tween":true,"target":220,"label":null,"key":"y","index":420},{"value":377,"tweenMethod":"linearNone","tween":true,"target":220,"label":null,"key":"y","index":430},{"value":368,"tweenMethod":"linearNone","tween":true,"target":220,"label":null,"key":"y","index":440},{"value":377,"tweenMethod":"linearNone","tween":true,"target":220,"label":null,"key":"y","index":450},{"value":368,"tweenMethod":"linearNone","tween":true,"target":220,"label":null,"key":"y","index":460}],"x":[{"value":233,"tweenMethod":"linearNone","tween":true,"target":220,"key":"x","index":0},{"value":233,"tweenMethod":"linearNone","tween":true,"target":220,"key":"x","index":220},{"value":232.5,"tweenMethod":"linearNone","tween":true,"target":220,"key":"x","index":255},{"value":233,"tweenMethod":"linearNone","tween":true,"target":220,"key":"x","index":270},{"value":233,"tweenMethod":"linearNone","tween":true,"target":220,"key":"x","index":300}],"rotation":[{"value":0,"tweenMethod":"linearNone","tween":true,"target":220,"key":"rotation","index":0},{"value":4,"tweenMethod":"linearNone","tween":true,"target":220,"key":"rotation","index":255},{"value":0,"tweenMethod":"linearNone","tween":true,"target":220,"key":"rotation","index":300},{"value":-6,"tweenMethod":"linearNone","tween":true,"target":220,"key":"rotation","index":310},{"value":0,"tweenMethod":"linearNone","tween":true,"target":220,"key":"rotation","index":320},{"value":3,"tweenMethod":"linearNone","tween":true,"target":220,"key":"rotation","index":330},{"value":0,"tweenMethod":"linearNone","tween":true,"target":220,"label":null,"key":"rotation","index":340}],"height":[{"value":368,"tweenMethod":"linearNone","tween":true,"target":220,"key":"height","index":0},{"value":370,"tweenMethod":"linearNone","tween":true,"target":220,"key":"height","index":370}]}},{"target":202,"keyframes":{"x":[{"value":448,"tweenMethod":"linearNone","tween":true,"target":202,"key":"x","index":0},{"value":448,"tweenMethod":"linearNone","tween":true,"target":202,"label":null,"key":"x","index":40},{"value":1090,"tweenMethod":"linearNone","tween":true,"target":202,"key":"x","index":99},{"value":-200,"tweenMethod":"linearNone","tween":true,"target":202,"key":"x","index":100},{"value":-200,"tweenMethod":"linearNone","tween":true,"target":202,"label":null,"key":"x","index":160},{"value":400,"tweenMethod":"linearNone","tween":true,"target":202,"label":null,"key":"x","index":220},{"value":570,"tweenMethod":"linearNone","tween":true,"target":202,"key":"x","index":255},{"value":570,"tweenMethod":"linearNone","tween":true,"target":202,"key":"x","index":270},{"value":570,"tweenMethod":"linearNone","tween":true,"target":202,"key":"x","index":300},{"value":570,"tweenMethod":"linearNone","tween":true,"target":202,"key":"x","index":340},{"value":448,"tweenMethod":"linearNone","tween":true,"target":202,"key":"x","index":370}],"scaleX":[{"value":1,"tweenMethod":"linearNone","tween":true,"target":202,"key":"scaleX","index":0},{"value":1,"tweenMethod":"linearNone","tween":true,"target":202,"key":"scaleX","index":300},{"value":1,"tweenMethod":"linearNone","tween":true,"target":202,"label":null,"key":"scaleX","index":340}],"rotation":[{"value":0,"tweenMethod":"linearNone","tween":true,"target":202,"key":"rotation","index":0},{"value":0,"tweenMethod":"linearNone","tween":true,"target":202,"key":"rotation","index":220},{"value":15,"tweenMethod":"linearNone","tween":true,"target":202,"key":"rotation","index":255},{"value":20,"tweenMethod":"linearNone","tween":true,"target":202,"label":null,"key":"rotation","index":270},{"value":0,"tweenMethod":"linearNone","tween":true,"target":202,"key":"rotation","index":300},{"value":0,"tweenMethod":"linearNone","tween":true,"target":202,"label":null,"key":"rotation","index":340}]}},{"target":215,"keyframes":{"y":[{"value":339,"tweenMethod":"linearNone","tween":true,"target":215,"key":"y","index":0},{"value":339,"tweenMethod":"linearNone","tween":true,"target":215,"key":"y","index":270},{"value":420,"tweenMethod":"linearNone","tween":true,"target":215,"key":"y","index":300},{"value":420,"tweenMethod":"linearNone","tween":true,"target":215,"key":"y","index":310},{"value":419,"tweenMethod":"linearNone","tween":true,"target":215,"key":"y","index":330},{"value":339,"tweenMethod":"linearNone","tween":true,"target":215,"key":"y","index":340}],"scaleY":[{"value":1,"tweenMethod":"linearNone","tween":true,"target":215,"key":"scaleY","index":0},{"value":1,"tweenMethod":"linearNone","tween":true,"target":215,"key":"scaleY","index":300},{"value":0.95,"tweenMethod":"linearNone","tween":true,"target":215,"key":"scaleY","index":310},{"value":1,"tweenMethod":"linearNone","tween":true,"target":215,"key":"scaleY","index":320},{"value":0.99,"tweenMethod":"linearNone","tween":true,"target":215,"key":"scaleY","index":330},{"value":1,"tweenMethod":"linearNone","tween":true,"target":215,"label":null,"key":"scaleY","index":340}],"rotation":[{"value":0,"tweenMethod":"linearNone","tween":true,"target":215,"key":"rotation","index":0},{"value":0,"tweenMethod":"linearNone","tween":true,"target":215,"key":"rotation","index":40},{"value":720,"tweenMethod":"linearNone","tween":true,"target":215,"key":"rotation","index":99},{"value":0,"tweenMethod":"linearNone","tween":true,"target":215,"key":"rotation","index":160},{"value":720,"tweenMethod":"linearNone","tween":true,"target":215,"key":"rotation","index":220},{"value":740,"tweenMethod":"linearNone","tween":true,"target":215,"key":"rotation","index":255},{"value":740,"tweenMethod":"linearNone","tween":true,"target":215,"key":"rotation","index":270},{"value":720,"tweenMethod":"linearNone","tween":true,"target":215,"key":"rotation","index":300},{"value":720,"tweenMethod":"linearNone","tween":true,"target":215,"key":"rotation","index":340},{"value":360,"tweenMethod":"linearNone","tween":true,"target":215,"key":"rotation","index":370}],"pivotY":[{"value":82,"tweenMethod":"linearNone","tween":true,"target":215,"key":"pivotY","index":0},{"value":82,"tweenMethod":"linearNone","tween":true,"target":215,"key":"pivotY","index":270},{"value":163,"tweenMethod":"linearNone","tween":true,"target":215,"key":"pivotY","index":300},{"value":163,"tweenMethod":"linearNone","tween":true,"target":215,"key":"pivotY","index":310},{"value":163,"tweenMethod":"linearNone","tween":true,"target":215,"key":"pivotY","index":330},{"value":82,"tweenMethod":"linearNone","tween":true,"target":215,"key":"pivotY","index":340}]}},{"target":209,"keyframes":{"y":[{"value":339,"tweenMethod":"linearNone","tween":true,"target":209,"key":"y","index":0},{"value":350.5,"tweenMethod":"linearNone","tween":true,"target":209,"key":"y","index":255},{"value":345,"tweenMethod":"linearNone","tween":true,"target":209,"key":"y","index":270},{"value":420,"tweenMethod":"linearNone","tween":true,"target":209,"key":"y","index":300},{"value":421,"tweenMethod":"linearNone","tween":true,"target":209,"key":"y","index":330},{"value":339,"tweenMethod":"linearNone","tween":true,"target":209,"label":null,"key":"y","index":340}],"x":[{"value":317,"tweenMethod":"linearNone","tween":true,"target":209,"key":"x","index":0},{"value":318,"tweenMethod":"linearNone","tween":true,"target":209,"key":"x","index":255}],"skewX":[{"value":0,"tweenMethod":"linearNone","tween":true,"target":209,"key":"skewX","index":0},{"value":1,"tweenMethod":"linearNone","tween":true,"target":209,"key":"skewX","index":220},{"value":-9,"tweenMethod":"linearNone","tween":true,"target":209,"key":"skewX","index":255},{"value":-5,"tweenMethod":"linearNone","tween":true,"target":209,"key":"skewX","index":270},{"value":0,"tweenMethod":"linearNone","tween":true,"target":209,"key":"skewX","index":300}],"scaleY":[{"value":1,"tweenMethod":"linearNone","tween":true,"target":209,"key":"scaleY","index":0},{"value":1,"tweenMethod":"linearNone","tween":true,"target":209,"key":"scaleY","index":220},{"value":0.9,"tweenMethod":"linearNone","tween":true,"target":209,"key":"scaleY","index":255},{"value":0.95,"tweenMethod":"linearNone","tween":true,"target":209,"key":"scaleY","index":270},{"value":1,"tweenMethod":"linearNone","tween":true,"target":209,"key":"scaleY","index":300},{"value":0.98,"tweenMethod":"linearNone","tween":true,"target":209,"key":"scaleY","index":310},{"value":1,"tweenMethod":"linearNone","tween":true,"target":209,"key":"scaleY","index":320},{"value":0.97,"tweenMethod":"linearNone","tween":true,"target":209,"key":"scaleY","index":330},{"value":1,"tweenMethod":"linearNone","tween":true,"target":209,"label":null,"key":"scaleY","index":340}],"rotation":[{"value":0,"tweenMethod":"linearNone","tween":true,"target":209,"key":"rotation","index":0},{"value":0,"tweenMethod":"linearNone","tween":true,"target":209,"key":"rotation","index":40},{"value":720,"tweenMethod":"linearNone","tween":true,"target":209,"key":"rotation","index":99},{"value":0,"tweenMethod":"linearNone","tween":true,"target":209,"key":"rotation","index":160},{"value":720,"tweenMethod":"linearNone","tween":true,"target":209,"key":"rotation","index":220},{"value":740,"tweenMethod":"linearNone","tween":true,"target":209,"key":"rotation","index":255},{"value":740,"tweenMethod":"linearNone","tween":true,"target":209,"key":"rotation","index":270},{"value":720,"tweenMethod":"linearNone","tween":true,"target":209,"key":"rotation","index":300},{"value":720,"tweenMethod":"linearNone","tween":true,"target":209,"key":"rotation","index":340},{"value":360,"tweenMethod":"linearNone","tween":true,"target":209,"key":"rotation","index":370}],"pivotY":[{"value":82,"tweenMethod":"linearNone","tween":true,"target":209,"key":"pivotY","index":0},{"value":82,"tweenMethod":"linearNone","tween":true,"target":209,"key":"pivotY","index":270},{"value":163,"tweenMethod":"linearNone","tween":true,"target":209,"key":"pivotY","index":300},{"value":163,"tweenMethod":"linearNone","tween":true,"target":209,"key":"pivotY","index":330},{"value":82,"tweenMethod":"linearNone","tween":true,"target":209,"label":null,"key":"pivotY","index":340}]}}],"name":"action1","id":1,"frameRate":60,"action":0},{"nodes":[{"target":176,"keyframes":{"y":[{"value":420,"tweenMethod":"linearNone","tween":true,"target":176,"key":"y","index":0},{"value":420,"tweenMethod":"linearNone","tween":true,"target":176,"label":null,"key":"y","index":130},{"value":420,"tweenMethod":"linearNone","tween":true,"target":176,"label":null,"key":"y","index":160},{"value":420,"tweenMethod":"linearNone","tween":true,"target":176,"key":"y","index":240},{"value":309,"tweenMethod":"linearNone","tween":true,"target":176,"key":"y","index":255},{"value":309,"tweenMethod":"linearNone","tween":true,"target":176,"label":null,"key":"y","index":340},{"value":420,"tweenMethod":"linearNone","tween":true,"target":176,"label":null,"key":"y","index":370}],"x":[{"value":287,"tweenMethod":"linearNone","tween":true,"target":176,"key":"x","index":0},{"value":287,"tweenMethod":"linearNone","tween":true,"target":176,"label":null,"key":"x","index":130},{"value":287,"tweenMethod":"linearNone","tween":true,"target":176,"label":null,"key":"x","index":160},{"value":287,"tweenMethod":"linearNone","tween":true,"target":176,"key":"x","index":240},{"value":296,"tweenMethod":"linearNone","tween":true,"target":176,"key":"x","index":255},{"value":296,"tweenMethod":"linearNone","tween":true,"target":176,"label":null,"key":"x","index":340},{"value":287,"tweenMethod":"linearNone","tween":true,"target":176,"label":null,"key":"x","index":370}],"rotation":[{"value":0,"tweenMethod":"linearNone","tween":true,"target":176,"key":"rotation","index":0},{"value":-20,"tweenMethod":"linearNone","tween":true,"target":176,"key":"rotation","index":30},{"value":-20,"tweenMethod":"linearNone","tween":true,"target":176,"label":null,"key":"rotation","index":60},{"value":0,"tweenMethod":"linearNone","tween":true,"target":176,"key":"rotation","index":90},{"value":0,"tweenMethod":"linearNone","tween":true,"target":176,"label":null,"key":"rotation","index":110},{"value":20,"tweenMethod":"linearNone","tween":true,"target":176,"label":null,"key":"rotation","index":130},{"value":20,"tweenMethod":"linearNone","tween":true,"target":176,"label":null,"key":"rotation","index":160},{"value":0,"tweenMethod":"linearNone","tween":true,"target":176,"key":"rotation","index":180},{"value":0,"tweenMethod":"linearNone","tween":true,"target":176,"label":null,"key":"rotation","index":195},{"value":6,"tweenMethod":"linearNone","tween":true,"target":176,"key":"rotation","index":210},{"value":-10,"tweenMethod":"linearNone","tween":true,"target":176,"key":"rotation","index":225},{"value":0,"tweenMethod":"linearNone","tween":true,"target":176,"key":"rotation","index":240},{"value":0,"tweenMethod":"linearNone","tween":true,"target":176,"key":"rotation","index":255},{"value":8,"tweenMethod":"linearNone","tween":true,"target":176,"key":"rotation","index":270},{"value":0,"tweenMethod":"linearNone","tween":true,"target":176,"key":"rotation","index":285},{"value":8,"tweenMethod":"linearNone","tween":true,"target":176,"key":"rotation","index":300},{"value":0,"tweenMethod":"linearNone","tween":true,"target":176,"key":"rotation","index":310},{"value":8,"tweenMethod":"linearNone","tween":true,"target":176,"key":"rotation","index":325},{"value":0,"tweenMethod":"linearNone","tween":true,"target":176,"label":null,"key":"rotation","index":340},{"value":0,"tweenMethod":"linearNone","tween":true,"target":176,"label":null,"key":"rotation","index":370}],"pivotY":[{"value":401,"tweenMethod":"linearNone","tween":true,"target":176,"key":"pivotY","index":0},{"value":401,"tweenMethod":"linearNone","tween":true,"target":176,"label":null,"key":"pivotY","index":130},{"value":401,"tweenMethod":"linearNone","tween":true,"target":176,"label":null,"key":"pivotY","index":160}],"pivotX":[{"value":253,"tweenMethod":"linearNone","tween":true,"target":176,"key":"pivotX","index":0},{"value":253,"tweenMethod":"linearNone","tween":true,"target":176,"label":null,"key":"pivotX","index":130},{"value":253,"tweenMethod":"linearNone","tween":true,"target":176,"label":null,"key":"pivotX","index":160}]}},{"target":177,"keyframes":{"zOrder":[{"value":99,"tweenMethod":"linearNone","tween":true,"target":177,"key":"zOrder","index":0}],"y":[{"value":394,"tweenMethod":"linearNone","tween":true,"target":177,"key":"y","index":0},{"value":394,"tweenMethod":"linearNone","tween":true,"target":177,"key":"y","index":240},{"value":334,"tweenMethod":"linearNone","tween":true,"target":177,"key":"y","index":255},{"value":334,"tweenMethod":"linearNone","tween":true,"target":177,"label":null,"key":"y","index":340},{"value":394,"tweenMethod":"linearNone","tween":true,"target":177,"label":null,"key":"y","index":370}],"x":[{"value":274,"tweenMethod":"linearNone","tween":true,"target":177,"key":"x","index":0},{"value":274,"tweenMethod":"linearNone","tween":true,"target":177,"key":"x","index":240},{"value":305,"tweenMethod":"linearNone","tween":true,"target":177,"key":"x","index":255},{"value":305,"tweenMethod":"linearNone","tween":true,"target":177,"label":null,"key":"x","index":340},{"value":274,"tweenMethod":"linearNone","tween":true,"target":177,"label":null,"key":"x","index":370}],"rotation":[{"value":0,"tweenMethod":"linearNone","tween":true,"target":177,"key":"rotation","index":0},{"value":0,"tweenMethod":"linearNone","tween":true,"target":177,"key":"rotation","index":240},{"value":17,"tweenMethod":"linearNone","tween":true,"target":177,"key":"rotation","index":255},{"value":17,"tweenMethod":"linearNone","tween":true,"target":177,"label":null,"key":"rotation","index":340},{"value":0,"tweenMethod":"linearNone","tween":true,"target":177,"label":null,"key":"rotation","index":370}]}},{"target":174,"keyframes":{"rotation":[{"value":0,"tweenMethod":"linearNone","tween":true,"target":174,"key":"rotation","index":0},{"value":0,"tweenMethod":"linearNone","tween":true,"target":174,"key":"rotation","index":240},{"value":-134,"tweenMethod":"linearNone","tween":true,"target":174,"key":"rotation","index":255},{"value":-134,"tweenMethod":"linearNone","tween":true,"target":174,"label":null,"key":"rotation","index":340},{"value":0,"tweenMethod":"linearNone","tween":true,"target":174,"label":null,"key":"rotation","index":370}]}},{"target":172,"keyframes":{"zOrder":[{"value":95,"tweenMethod":"linearNone","tween":true,"target":172,"key":"zOrder","index":0}],"y":[{"value":331,"tweenMethod":"linearNone","tween":true,"target":172,"key":"y","index":0},{"value":340,"tweenMethod":"linearNone","tween":true,"target":172,"key":"y","index":255}],"x":[{"value":217,"tweenMethod":"linearNone","tween":true,"target":172,"key":"x","index":0},{"value":218.5,"tweenMethod":"linearNone","tween":true,"target":172,"key":"x","index":255}],"rotation":[{"value":0,"tweenMethod":"linearNone","tween":true,"target":172,"key":"rotation","index":0},{"value":0,"tweenMethod":"linearNone","tween":true,"target":172,"key":"rotation","index":240},{"value":-61,"tweenMethod":"linearNone","tween":true,"target":172,"key":"rotation","index":255},{"value":-61,"tweenMethod":"linearNone","tween":true,"target":172,"label":null,"key":"rotation","index":340},{"value":0,"tweenMethod":"linearNone","tween":true,"target":172,"label":null,"key":"rotation","index":370}]}},{"target":168,"keyframes":{"zOrder":[{"value":100,"tweenMethod":"linearNone","tween":true,"target":168,"key":"zOrder","index":0},{"value":100,"tweenMethod":"linearNone","tween":true,"target":168,"label":null,"key":"zOrder","index":90},{"value":99,"tweenMethod":"linearNone","tween":true,"target":168,"label":null,"key":"zOrder","index":240},{"value":101,"tweenMethod":"linearNone","tween":true,"target":168,"key":"zOrder","index":255},{"value":101,"tweenMethod":"linearNone","tween":true,"target":168,"label":null,"key":"zOrder","index":340},{"value":99,"tweenMethod":"linearNone","tween":true,"target":168,"label":null,"key":"zOrder","index":370}],"y":[{"value":443,"tweenMethod":"linearNone","tween":true,"target":168,"key":"y","index":0},{"value":443,"tweenMethod":"linearNone","tween":true,"target":168,"label":null,"key":"y","index":90},{"value":443,"tweenMethod":"linearNone","tween":true,"target":168,"label":null,"key":"y","index":240},{"value":387,"tweenMethod":"linearNone","tween":true,"target":168,"key":"y","index":255},{"value":387,"tweenMethod":"linearNone","tween":true,"target":168,"label":null,"key":"y","index":340},{"value":443,"tweenMethod":"linearNone","tween":true,"target":168,"label":null,"key":"y","index":370}],"x":[{"value":318,"tweenMethod":"linearNone","tween":true,"target":168,"key":"x","index":0},{"value":318,"tweenMethod":"linearNone","tween":true,"target":168,"label":null,"key":"x","index":90},{"value":318,"tweenMethod":"linearNone","tween":true,"target":168,"label":null,"key":"x","index":240},{"value":357.5,"tweenMethod":"linearNone","tween":true,"target":168,"key":"x","index":255},{"value":357.5,"tweenMethod":"linearNone","tween":true,"target":168,"label":null,"key":"x","index":340},{"value":318,"tweenMethod":"linearNone","tween":true,"target":168,"label":null,"key":"x","index":370}],"rotation":[{"value":0,"tweenMethod":"linearNone","tween":true,"target":168,"key":"rotation","index":0},{"value":-115,"tweenMethod":"linearNone","tween":true,"target":168,"key":"rotation","index":30},{"value":-115,"tweenMethod":"linearNone","tween":true,"target":168,"label":null,"key":"rotation","index":60},{"value":0,"tweenMethod":"linearNone","tween":true,"target":168,"label":null,"key":"rotation","index":90},{"value":0,"tweenMethod":"linearNone","tween":true,"target":168,"key":"rotation","index":110},{"value":40,"tweenMethod":"linearNone","tween":true,"target":168,"key":"rotation","index":130},{"value":40,"tweenMethod":"linearNone","tween":true,"target":168,"label":null,"key":"rotation","index":160},{"value":0,"tweenMethod":"linearNone","tween":true,"target":168,"key":"rotation","index":180},{"value":0,"tweenMethod":"linearNone","tween":true,"target":168,"label":null,"key":"rotation","index":195},{"value":0,"tweenMethod":"linearNone","tween":true,"target":168,"key":"rotation","index":210},{"value":0,"tweenMethod":"linearNone","tween":true,"target":168,"label":null,"key":"rotation","index":240},{"value":-135,"tweenMethod":"linearNone","tween":true,"target":168,"key":"rotation","index":255},{"value":-135,"tweenMethod":"linearNone","tween":true,"target":168,"label":null,"key":"rotation","index":340},{"value":0,"tweenMethod":"linearNone","tween":true,"target":168,"label":null,"key":"rotation","index":370}]}},{"target":170,"keyframes":{"rotation":[{"value":0,"tweenMethod":"linearNone","tween":true,"target":170,"key":"rotation","index":0},{"value":-111,"tweenMethod":"linearNone","tween":true,"target":170,"key":"rotation","index":30},{"value":-111,"tweenMethod":"linearNone","tween":true,"target":170,"label":null,"key":"rotation","index":60},{"value":0,"tweenMethod":"linearNone","tween":true,"target":170,"label":null,"key":"rotation","index":90},{"value":0,"tweenMethod":"linearNone","tween":true,"target":170,"key":"rotation","index":110},{"value":50,"tweenMethod":"linearNone","tween":true,"target":170,"key":"rotation","index":130},{"value":50,"tweenMethod":"linearNone","tween":true,"target":170,"label":null,"key":"rotation","index":160},{"value":0,"tweenMethod":"linearNone","tween":true,"target":170,"key":"rotation","index":180},{"value":0,"tweenMethod":"linearNone","tween":true,"target":170,"label":null,"key":"rotation","index":195},{"value":0,"tweenMethod":"linearNone","tween":true,"target":170,"key":"rotation","index":210},{"value":0,"tweenMethod":"linearNone","tween":true,"target":170,"key":"rotation","index":240},{"value":47,"tweenMethod":"linearNone","tween":true,"target":170,"key":"rotation","index":255},{"value":83,"tweenMethod":"linearNone","tween":true,"target":170,"key":"rotation","index":270},{"value":37,"tweenMethod":"linearNone","tween":true,"target":170,"key":"rotation","index":285},{"value":76,"tweenMethod":"linearNone","tween":true,"target":170,"key":"rotation","index":300},{"value":32,"tweenMethod":"linearNone","tween":true,"target":170,"key":"rotation","index":310},{"value":83,"tweenMethod":"linearNone","tween":true,"target":170,"label":null,"key":"rotation","index":325},{"value":47,"tweenMethod":"linearNone","tween":true,"target":170,"label":null,"key":"rotation","index":340},{"value":0,"tweenMethod":"linearNone","tween":true,"target":170,"label":null,"key":"rotation","index":370}]}},{"target":164,"keyframes":{"zOrder":[{"value":98,"tweenMethod":"linearNone","tween":true,"target":164,"key":"zOrder","index":0}],"rotation":[{"value":0,"tweenMethod":"linearNone","tween":true,"target":164,"key":"rotation","index":0}]}},{"target":152,"keyframes":{"y":[{"value":152,"tweenMethod":"linearNone","tween":true,"target":152,"key":"y","index":0},{"value":163.5,"tweenMethod":"linearNone","tween":true,"target":152,"key":"y","index":30},{"value":163.5,"tweenMethod":"linearNone","tween":true,"target":152,"label":null,"key":"y","index":60},{"value":175,"tweenMethod":"linearNone","tween":true,"target":152,"key":"y","index":95},{"value":175,"tweenMethod":"linearNone","tween":true,"target":152,"label":null,"key":"y","index":105},{"value":168,"tweenMethod":"linearNone","tween":true,"target":152,"key":"y","index":130},{"value":168,"tweenMethod":"linearNone","tween":true,"target":152,"key":"y","index":160},{"value":152,"tweenMethod":"linearNone","tween":true,"target":152,"label":null,"key":"y","index":180},{"value":152,"tweenMethod":"linearNone","tween":true,"target":152,"label":null,"key":"y","index":195},{"value":163.5,"tweenMethod":"linearNone","tween":true,"target":152,"key":"y","index":225}],"x":[{"value":380,"tweenMethod":"linearNone","tween":true,"target":152,"key":"x","index":0},{"value":374.5,"tweenMethod":"linearNone","tween":true,"target":152,"key":"x","index":30},{"value":374.5,"tweenMethod":"linearNone","tween":true,"target":152,"label":null,"key":"x","index":60},{"value":360,"tweenMethod":"linearNone","tween":true,"target":152,"key":"x","index":95},{"value":360,"tweenMethod":"linearNone","tween":true,"target":152,"label":null,"key":"x","index":105},{"value":367,"tweenMethod":"linearNone","tween":true,"target":152,"key":"x","index":130},{"value":367,"tweenMethod":"linearNone","tween":true,"target":152,"key":"x","index":160},{"value":380,"tweenMethod":"linearNone","tween":true,"target":152,"label":null,"key":"x","index":180},{"value":380,"tweenMethod":"linearNone","tween":true,"target":152,"label":null,"key":"x","index":195},{"value":374.5,"tweenMethod":"linearNone","tween":true,"target":152,"key":"x","index":225}],"rotation":[{"value":0,"tweenMethod":"linearNone","tween":true,"target":152,"key":"rotation","index":0},{"value":26,"tweenMethod":"linearNone","tween":true,"target":152,"key":"rotation","index":30},{"value":26,"tweenMethod":"linearNone","tween":true,"target":152,"label":null,"key":"rotation","index":60},{"value":0,"tweenMethod":"linearNone","tween":true,"target":152,"key":"rotation","index":90},{"value":-24,"tweenMethod":"linearNone","tween":true,"target":152,"key":"rotation","index":95},{"value":8,"tweenMethod":"linearNone","tween":true,"target":152,"label":null,"key":"rotation","index":100},{"value":-24,"tweenMethod":"linearNone","tween":true,"target":152,"label":null,"key":"rotation","index":105},{"value":0,"tweenMethod":"linearNone","tween":true,"target":152,"label":null,"key":"rotation","index":110},{"value":27,"tweenMethod":"linearNone","tween":true,"target":152,"key":"rotation","index":130},{"value":27,"tweenMethod":"linearNone","tween":true,"target":152,"label":null,"key":"rotation","index":160},{"value":1,"tweenMethod":"linearNone","tween":true,"target":152,"key":"rotation","index":180},{"value":1,"tweenMethod":"linearNone","tween":true,"target":152,"label":null,"key":"rotation","index":195},{"value":11,"tweenMethod":"linearNone","tween":true,"target":152,"key":"rotation","index":210},{"value":-14,"tweenMethod":"linearNone","tween":true,"target":152,"key":"rotation","index":225},{"value":0,"tweenMethod":"linearNone","tween":true,"target":152,"key":"rotation","index":240}]}},{"target":154,"keyframes":{"y":[{"value":144,"tweenMethod":"linearNone","tween":true,"target":154,"key":"y","index":0},{"value":162.5,"tweenMethod":"linearNone","tween":true,"target":154,"key":"y","index":30},{"value":162.5,"tweenMethod":"linearNone","tween":true,"target":154,"label":null,"key":"y","index":60},{"value":160.5,"tweenMethod":"linearNone","tween":true,"target":154,"key":"y","index":95},{"value":160.5,"tweenMethod":"linearNone","tween":true,"target":154,"label":null,"key":"y","index":105},{"value":160,"tweenMethod":"linearNone","tween":true,"target":154,"key":"y","index":130},{"value":160,"tweenMethod":"linearNone","tween":true,"target":154,"key":"y","index":160},{"value":144,"tweenMethod":"linearNone","tween":true,"target":154,"label":null,"key":"y","index":180},{"value":144,"tweenMethod":"linearNone","tween":true,"target":154,"label":null,"key":"y","index":195},{"value":152,"tweenMethod":"linearNone","tween":true,"target":154,"key":"y","index":210},{"value":162.5,"tweenMethod":"linearNone","tween":true,"target":154,"key":"y","index":225}],"x":[{"value":120,"tweenMethod":"linearNone","tween":true,"target":154,"key":"x","index":0},{"value":130.5,"tweenMethod":"linearNone","tween":true,"target":154,"key":"x","index":30},{"value":130.5,"tweenMethod":"linearNone","tween":true,"target":154,"label":null,"key":"x","index":60},{"value":137.5,"tweenMethod":"linearNone","tween":true,"target":154,"key":"x","index":95},{"value":137.5,"tweenMethod":"linearNone","tween":true,"target":154,"label":null,"key":"x","index":105},{"value":135,"tweenMethod":"linearNone","tween":true,"target":154,"key":"x","index":130},{"value":135,"tweenMethod":"linearNone","tween":true,"target":154,"key":"x","index":160},{"value":120,"tweenMethod":"linearNone","tween":true,"target":154,"label":null,"key":"x","index":180},{"value":120,"tweenMethod":"linearNone","tween":true,"target":154,"label":null,"key":"x","index":195},{"value":122,"tweenMethod":"linearNone","tween":true,"target":154,"key":"x","index":210}],"rotation":[{"value":0,"tweenMethod":"linearNone","tween":true,"target":154,"key":"rotation","index":0},{"value":-31,"tweenMethod":"linearNone","tween":true,"target":154,"key":"rotation","index":30},{"value":-31,"tweenMethod":"linearNone","tween":true,"target":154,"label":null,"key":"rotation","index":60},{"value":0,"tweenMethod":"linearNone","tween":true,"target":154,"key":"rotation","index":90},{"value":22,"tweenMethod":"linearNone","tween":true,"target":154,"key":"rotation","index":95},{"value":-11,"tweenMethod":"linearNone","tween":true,"target":154,"label":null,"key":"rotation","index":100},{"value":22,"tweenMethod":"linearNone","tween":true,"target":154,"label":null,"key":"rotation","index":105},{"value":0,"tweenMethod":"linearNone","tween":true,"target":154,"label":null,"key":"rotation","index":110},{"value":-32,"tweenMethod":"linearNone","tween":true,"target":154,"key":"rotation","index":130},{"value":-32,"tweenMethod":"linearNone","tween":true,"target":154,"label":null,"key":"rotation","index":160},{"value":0,"tweenMethod":"linearNone","tween":true,"target":154,"label":null,"key":"rotation","index":180},{"value":0,"tweenMethod":"linearNone","tween":true,"target":154,"label":null,"key":"rotation","index":195},{"value":11,"tweenMethod":"linearNone","tween":true,"target":154,"key":"rotation","index":210},{"value":-20,"tweenMethod":"linearNone","tween":true,"target":154,"key":"rotation","index":225},{"value":0,"tweenMethod":"linearNone","tween":true,"target":154,"key":"rotation","index":240}]}},{"target":156,"keyframes":{"scaleY":[{"value":1,"tweenMethod":"linearNone","tween":true,"target":156,"key":"scaleY","index":0},{"value":1,"tweenMethod":"linearNone","tween":true,"target":156,"key":"scaleY","index":37},{"value":0,"tweenMethod":"linearNone","tween":true,"target":156,"key":"scaleY","index":40},{"value":1,"tweenMethod":"linearNone","tween":true,"target":156,"key":"scaleY","index":43},{"value":1,"tweenMethod":"linearNone","tween":true,"target":156,"key":"scaleY","index":135},{"value":0,"tweenMethod":"linearNone","tween":true,"target":156,"key":"scaleY","index":137},{"value":1,"tweenMethod":"linearNone","tween":true,"target":156,"key":"scaleY","index":139}]}},{"target":158,"keyframes":{"scaleY":[{"value":1,"tweenMethod":"linearNone","tween":true,"target":158,"key":"scaleY","index":0},{"value":1,"tweenMethod":"linearNone","tween":true,"target":158,"key":"scaleY","index":37},{"value":0,"tweenMethod":"linearNone","tween":true,"target":158,"key":"scaleY","index":40},{"value":1,"tweenMethod":"linearNone","tween":true,"target":158,"key":"scaleY","index":43},{"value":1,"tweenMethod":"linearNone","tween":true,"target":158,"key":"scaleY","index":135},{"value":0,"tweenMethod":"linearNone","tween":true,"target":158,"key":"scaleY","index":137},{"value":1,"tweenMethod":"linearNone","tween":true,"target":158,"key":"scaleY","index":139}]}},{"target":162,"keyframes":{"scaleY":[{"value":1,"tweenMethod":"linearNone","tween":true,"target":162,"key":"scaleY","index":0},{"value":1,"tweenMethod":"linearNone","tween":true,"target":162,"key":"scaleY","index":48},{"value":0.7,"tweenMethod":"linearNone","tween":true,"target":162,"key":"scaleY","index":53},{"value":1,"tweenMethod":"linearNone","tween":true,"target":162,"key":"scaleY","index":58},{"value":1,"tweenMethod":"linearNone","tween":true,"target":162,"key":"scaleY","index":145},{"value":0.7,"tweenMethod":"linearNone","tween":true,"target":162,"key":"scaleY","index":150},{"value":1,"tweenMethod":"linearNone","tween":true,"target":162,"key":"scaleY","index":160}],"scaleX":[{"value":1,"tweenMethod":"linearNone","tween":true,"target":162,"key":"scaleX","index":0},{"value":1,"tweenMethod":"linearNone","tween":true,"target":162,"key":"scaleX","index":48},{"value":0.7,"tweenMethod":"linearNone","tween":true,"target":162,"key":"scaleX","index":53},{"value":1,"tweenMethod":"linearNone","tween":true,"target":162,"key":"scaleX","index":58},{"value":1,"tweenMethod":"linearNone","tween":true,"target":162,"key":"scaleX","index":145},{"value":0.7,"tweenMethod":"linearNone","tween":true,"target":162,"key":"scaleX","index":150},{"value":1,"tweenMethod":"linearNone","tween":true,"target":162,"key":"scaleX","index":160}]}},{"target":166,"keyframes":{"rotation":[{"value":0,"tweenMethod":"linearNone","tween":true,"target":166,"key":"rotation","index":0},{"value":-31,"tweenMethod":"linearNone","tween":true,"target":166,"key":"rotation","index":30},{"value":-2,"tweenMethod":"linearNone","tween":true,"target":166,"key":"rotation","index":43},{"value":-31,"tweenMethod":"linearNone","tween":true,"target":166,"label":null,"key":"rotation","index":60},{"value":0,"tweenMethod":"linearNone","tween":true,"target":166,"key":"rotation","index":90},{"value":0,"tweenMethod":"linearNone","tween":true,"target":166,"key":"rotation","index":110},{"value":20,"tweenMethod":"linearNone","tween":true,"target":166,"key":"rotation","index":130},{"value":20,"tweenMethod":"linearNone","tween":true,"target":166,"key":"rotation","index":160},{"value":0,"tweenMethod":"linearNone","tween":true,"target":166,"key":"rotation","index":180},{"value":0,"tweenMethod":"linearNone","tween":true,"target":166,"label":null,"key":"rotation","index":195},{"value":-25,"tweenMethod":"linearNone","tween":true,"target":166,"key":"rotation","index":210},{"value":0,"tweenMethod":"linearNone","tween":true,"target":166,"key":"rotation","index":240},{"value":0,"tweenMethod":"linearNone","tween":true,"target":166,"key":"rotation","index":255},{"value":-20,"tweenMethod":"linearNone","tween":true,"target":166,"key":"rotation","index":270},{"value":0,"tweenMethod":"linearNone","tween":true,"target":166,"key":"rotation","index":285},{"value":-20,"tweenMethod":"linearNone","tween":true,"target":166,"key":"rotation","index":300},{"value":0,"tweenMethod":"linearNone","tween":true,"target":166,"key":"rotation","index":310},{"value":-20,"tweenMethod":"linearNone","tween":true,"target":166,"key":"rotation","index":325},{"value":0,"tweenMethod":"linearNone","tween":true,"target":166,"key":"rotation","index":340}]}}],"name":"action1_0","id":1,"frameRate":60,"action":0}],"loadList":["Game/UI/Common/d2.png","Frame/UI/ui_orthogon_white.png","Game/UI/GameScene/Level5/cheshenmask.png","Game/UI/GameScene/Level5/cheshen.png","Game/UI/GameScene/Level5/chechuangmask.png","Game/UI/GameScene/Level5/chechuang.png","Game/UI/GameScene/Level5/chelunmask.png","Game/UI/GameScene/Level5/chelun.png"],"loadList3D":[]}