{"type":"View","props":{"width":720,"height":1280},"compId":2,"child":[{"type":"Image","props":{"var":"Background","top":0,"skin":"Frame/UI/ui_orthogon_black_0.7.png","sizeGrid":"10,10,10,9","right":0,"name":"Background","left":0,"bottom":0,"alpha":1},"compId":4},{"type":"Image","props":{"y":0,"x":0,"var":"ClickBg","top":0,"right":0,"name":"ClickBg","left":0,"bottom":0},"compId":45},{"type":"Image","props":{"y":284,"x":65.5,"var":"Content","skin":"Game/UI/PropTry/xd.png","rotation":0,"name":"Content"},"compId":6,"child":[{"type":"Image","props":{"y":17,"x":580,"width":45,"var":"BtnClose","skin":"Game/UI/PropTry/c.png","pivotY":23,"pivotX":23,"name":"BtnClose","height":45},"compId":7},{"type":"Image","props":{"y":27,"x":192,"skin":"Game/UI/PropTry/pfsy.png"},"compId":10}]},{"type":"Image","props":{"y":601,"x":49,"width":628,"var":"Platform","name":"Platform","height":18},"compId":11,"child":[{"type":"Image","props":{"y":212,"x":38,"width":14,"var":"Bytedance","name":"Bytedance","height":19},"compId":12,"child":[{"type":"Image","props":{"y":-29,"x":62,"width":34,"var":"Low","name":"Low","height":35},"compId":13,"child":[{"type":"Image","props":{"y":275,"x":98,"width":32,"var":"Bytedance_Low_Select","skin":"Game/UI/PropTry/kxy.png","name":"Bytedance_Low_Select","height":32},"compId":14,"child":[{"type":"Image","props":{"y":7.25,"x":7.25,"var":"Bytedance_Low_Dot","skin":"Game/UI/PropTry/sxy.png","name":"Bytedance_Low_Dot"},"compId":15},{"type":"Image","props":{"y":0,"x":40,"skin":"Game/UI/PropTry/kgg.png","name":"Word"},"compId":16}]},{"type":"Image","props":{"y":76,"x":221,"width":230,"var":"Bytedance_Low_BtnGet","skin":"Game/UI/PropTry/an.png","pivotY":53,"pivotX":115,"name":"Bytedance_Low_BtnGet","height":105},"compId":17,"child":[{"type":"Image","props":{"y":20,"x":73,"skin":"Game/UI/PropTry/qd.png","name":"Word"},"compId":18}]},{"type":"Label","props":{"y":217,"x":105,"width":230,"text":"点击空白处开始游戏","styleSkin":"UI/Inherit/word1.png","name":"点击空白处开始游戏","height":27,"fontSize":25,"color":"#ffffff","alpha":0.5},"compId":19}]},{"type":"Image","props":{"y":-13,"x":47,"width":451,"var":"Mid","name":"Mid","height":12},"compId":20,"child":[{"type":"Image","props":{"y":255,"x":113.5,"width":32,"var":"Bytedance_Mid_Select","skin":"Game/UI/PropTry/kxy.png","name":"Bytedance_Mid_Select","height":32},"compId":21,"child":[{"type":"Image","props":{"y":8.25,"x":7.25,"var":"Bytedance_Mid_Dot","skin":"Game/UI/PropTry/sxy.png","name":"Bytedance_Mid_Dot"},"compId":22},{"type":"Image","props":{"y":4,"x":41,"skin":"Game/UI/PropTry/kgg.png","name":"Word"},"compId":23}]},{"type":"Sprite","props":{"y":64,"x":237,"width":230,"var":"Bytedance_Mid_BtnGet","texture":"Game/UI/PropTry/an.png","pivotY":53,"pivotX":115,"name":"Bytedance_Mid_BtnGet","height":105},"compId":24,"child":[{"type":"Image","props":{"y":20,"skin":"Game/UI/PropTry/qd.png","name":"Word","centerX":0},"compId":25}]},{"type":"Label","props":{"y":202,"x":120.5,"text":"点击空白处开始游戏","styleSkin":"UI/Inherit/word1.png","name":"点击空白处开始游戏","fontSize":25,"color":"#8d8d8d"},"compId":26}]},{"type":"Image","props":{"y":-16,"x":2,"width":518,"var":"High","name":"High","height":17},"compId":27,"child":[{"type":"Image","props":{"y":80,"x":424,"var":"Bytedance_High_BtnGet","skin":"Game/UI/Common/zan.png","sizeGrid":"0,75,0,111","pivotY":70,"pivotX":142,"name":"Bytedance_High_BtnGet"},"compId":28,"child":[{"type":"Image","props":{"y":21.5,"x":47,"skin":"Game/UI/PropTry/qd.png","name":"Word"},"compId":29},{"type":"Image","props":{"y":5.5,"x":140,"skin":"Game/UI/PropTry/sp.png","name":"AdsPic"},"compId":30}]},{"type":"Image","props":{"y":63,"x":143,"width":230,"var":"Bytedance_High_BtnNo","skin":"Game/UI/Common/lan.png","sizeGrid":"0,74,0,83","pivotY":53,"pivotX":115,"name":"Bytedance_High_BtnNo","height":105},"compId":31,"child":[{"type":"Label","props":{"y":27,"x":40.6328125,"text":"不，谢谢","styleSkin":"Game/UI/Common/buxiexie.png","strokeColor":"#3b529a","stroke":5,"name":"Word","fontSize":35,"color":"#ffffff","bold":true},"compId":32}]}]}]},{"type":"Image","props":{"y":208,"x":21,"width":584,"var":"OPPO","name":"OPPO","height":135},"compId":33,"child":[{"type":"Image","props":{"y":51,"x":413,"width":230,"var":"OPPO_BtnGet","skin":"Game/UI/PropTry/an.png","sizeGrid":"0,61,0,92","pivotY":53,"pivotX":115,"name":"OPPO_BtnGet","height":105},"compId":34,"child":[{"type":"Image","props":{"y":18.5,"x":149,"width":52,"skin":"Game/UI/PropTry/sp.png","name":"AdsPic","height":46},"compId":35},{"type":"Image","props":{"y":20.5,"x":47,"skin":"Game/UI/PropTry/qd.png","name":"Word"},"compId":36}]},{"type":"Image","props":{"y":42,"x":163,"width":230,"var":"OPPO_BtnNo","skin":"Game/UI/Common/lan.png","sizeGrid":"0,74,0,83","pivotY":44,"pivotX":115,"name":"OPPO_BtnNo","height":105},"compId":37,"child":[{"type":"Label","props":{"y":28.5,"text":"不，谢谢","styleSkin":"Game/UI/Common/buxiexie.png","strokeColor":"#1a2b70","stroke":5,"name":"Word","fontSize":35,"color":"#ffffff","centerX":0,"bold":true},"compId":38}]}]},{"type":"Image","props":{"y":181,"x":38,"var":"WeChat","name":"WeChat"},"compId":39,"child":[{"type":"Image","props":{"y":80,"x":407,"width":247,"var":"WeChat_BtnGet","skin":"Game/UI/PropTry/an.png","pivotY":55,"pivotX":124,"name":"WeChat_BtnGet","height":110},"compId":40,"child":[{"type":"Image","props":{"y":21,"x":82,"skin":"Game/UI/PropTry/qd.png","name":"Word"},"compId":44}]},{"type":"Image","props":{"y":80,"x":135,"width":247,"var":"WeChat_BtnNo","skin":"Game/UI/Common/lan.png","pivotY":55,"pivotX":124,"name":"WeChat_BtnNo","height":110},"compId":41,"child":[{"type":"Label","props":{"y":26,"x":-82,"text":"不，谢谢","styleSkin":"Game/UI/Common/buxiexie.png","strokeColor":"#1a2b70","stroke":5,"name":"Word","fontSize":35,"color":"#ffffff","centerX":0,"bold":true},"compId":42}]}]}]}],"loadList":["Frame/UI/ui_orthogon_black_0.7.png","Game/UI/PropTry/xd.png","Game/UI/PropTry/c.png","Game/UI/PropTry/pfsy.png","Game/UI/PropTry/kxy.png","Game/UI/PropTry/sxy.png","Game/UI/PropTry/kgg.png","Game/UI/PropTry/an.png","Game/UI/PropTry/qd.png","UI/Inherit/word1.png","Game/UI/Common/zan.png","Game/UI/PropTry/sp.png","Game/UI/Common/lan.png","Game/UI/Common/buxiexie.png"],"loadList3D":[]}