{"type":"View","props":{"width":720,"height":1280},"compId":2,"child":[{"type":"Image","props":{"y":0,"x":0,"var":"Background","skin":"Game/UI/Common/bg1.png","sizeGrid":"880,0,207,0","name":"Background"},"compId":4},{"type":"List","props":{"x":0,"width":720,"var":"MyList","top":38,"spaceY":-150,"rotation":0,"name":"NoAni_MyList","height":922,"bottom":320},"compId":17,"child":[{"type":"Box","props":{"y":135,"x":157,"width":720,"renderType":"render","pivotY":135,"pivotX":157,"height":414},"compId":7,"child":[{"type":"Image","props":{"y":10,"x":363,"width":334,"name":"Content","height":304},"compId":15,"child":[{"type":"Image","props":{"y":195,"x":-174,"skin":"Game/UI/SelectLevel/xianlu1.png","name":"Xianlu"},"compId":11},{"type":"Image","props":{"y":195,"x":-31,"skin":"Game/UI/SelectLevel/IconDress/bi.png","scaleX":-1,"name":"IconPen"},"compId":14},{"type":"Image","props":{"y":170,"x":167,"width":333,"pivotY":170,"pivotX":167,"name":"BtnContent","height":303},"compId":18,"child":[{"type":"Image","props":{"y":21,"x":14,"width":307,"skin":"Game/UI/SelectLevel/yuan.png","name":"Board2","height":269},"compId":9,"child":[{"type":"Image","props":{"y":0,"x":0,"name":"Pic"},"compId":38,"child":[{"type":"Image","props":{"y":4,"x":3,"width":301,"skin":"Game/UI/SelectLevel/yuan.png","renderType":"mask","height":261},"compId":39}]}]},{"type":"Image","props":{"y":234,"x":136,"skin":"Game/UI/SelectLevel/sp.png","name":"IconAds"},"compId":13},{"type":"Image","props":{"y":127,"x":143,"width":50,"skin":"Game/UI/SelectLevel/suo.png","name":"IconLock","height":62},"compId":12},{"type":"Image","props":{"y":33,"skin":"Game/UI/SelectLevel/hf.png","name":"Board1","centerX":0},"compId":8},{"type":"Image","props":{"y":41.5,"skin":"Game/UI/SelectLevel/Name/dinglaotai.png","name":"Name","centerX":0},"compId":10},{"type":"Image","props":{"y":242,"x":77,"skin":"Game/UI/SelectLevel/anb.png","name":"GoldBoard"},"compId":35,"child":[{"type":"Image","props":{"y":2,"x":13,"skin":"Game/UI/Common/jb.png","name":"IconGold"},"compId":34}]},{"type":"Label","props":{"y":256.5,"x":151,"width":88,"valign":"middle","text":"10000","name":"GoldNum","height":29,"fontSize":28,"color":"#5c644a","bold":true,"align":"left"},"compId":36}]}]}]}]},{"type":"Image","props":{"x":162,"width":554,"var":"CutBtn","name":"CutBtn","height":247,"bottom":30},"compId":24,"child":[{"type":"Image","props":{"y":69,"x":137,"width":85,"var":"BtnOther","name":"other","height":229},"compId":26,"child":[{"type":"Image","props":{"y":12,"x":0,"skin":"Game/UI/SelectLevel/hong.png"},"compId":20},{"type":"Image","props":{"top":40,"skin":"Game/UI/SelectLevel/qt.png","rotation":0,"centerX":0},"compId":30}]},{"type":"Image","props":{"y":69,"x":242,"width":85,"var":"BtnLimit","name":"limit","height":229},"compId":27,"child":[{"type":"Image","props":{"y":12,"x":-3,"width":86,"skin":"Game/UI/SelectLevel/huang.png","sizeGrid":"204,0,24,0","height":267},"compId":21},{"type":"Image","props":{"top":40,"skin":"Game/UI/SelectLevel/dyxd.png","centerX":0},"compId":31}]},{"type":"Image","props":{"y":69,"x":338,"width":85,"var":"BtnBotany","name":"botany","height":229},"compId":28,"child":[{"type":"Image","props":{"y":-58,"x":-11,"width":107,"skin":"Game/UI/SelectLevel/zhiwudi.png","sizeGrid":"255,0,39,0","height":348},"compId":22},{"type":"Image","props":{"y":-40,"x":-80,"top":40,"skin":"Game/UI/SelectLevel/zhiwu.png","centerX":0},"compId":32}]},{"type":"Image","props":{"y":69,"x":442,"width":85,"var":"BtnAnimal","name":"animal","height":229},"compId":29,"child":[{"type":"Image","props":{"y":-75,"x":-48,"width":152,"skin":"Game/UI/SelectLevel/dwdi.png","sizeGrid":"214,0,70,0","height":355},"compId":23},{"type":"Image","props":{"top":40,"skin":"Game/UI/SelectLevel/dw.png","centerX":0},"compId":33}]}]},{"type":"Image","props":{"y":1204,"x":0,"width":720,"var":"UiLand","skin":"Game/UI/SelectLevel/sc.png","rotation":0,"name":"UiLand","height":76},"compId":19},{"type":"Sprite","props":{"y":1203,"x":100,"width":91,"var":"BtnBack","texture":"Game/UI/SelectLevel/icon_back.png","pivotY":48,"pivotX":46,"name":"BtnBack","height":95},"compId":42}],"loadList":["Game/UI/Common/bg1.png","Game/UI/SelectLevel/xianlu1.png","Game/UI/SelectLevel/IconDress/bi.png","Game/UI/SelectLevel/yuan.png","Game/UI/SelectLevel/sp.png","Game/UI/SelectLevel/suo.png","Game/UI/SelectLevel/hf.png","Game/UI/SelectLevel/Name/dinglaotai.png","Game/UI/SelectLevel/anb.png","Game/UI/Common/jb.png","Game/UI/SelectLevel/hong.png","Game/UI/SelectLevel/qt.png","Game/UI/SelectLevel/huang.png","Game/UI/SelectLevel/dyxd.png","Game/UI/SelectLevel/zhiwudi.png","Game/UI/SelectLevel/zhiwu.png","Game/UI/SelectLevel/dwdi.png","Game/UI/SelectLevel/dw.png","Game/UI/SelectLevel/sc.png","Game/UI/SelectLevel/icon_back.png"],"loadList3D":[]}