{"type":"View","props":{"width":720,"height":1280},"compId":2,"child":[{"type":"Image","props":{"y":930,"x":360,"width":393,"var":"BtnPlayAni","pivotY":59,"pivotX":197,"name":"BtnPlayAni","height":135},"compId":8,"child":[{"type":"Image","props":{"width":208,"skin":"Game/UI/Settle/an3.png","sizeGrid":"0,37,0,41","pivotY":48,"pivotX":104,"height":113,"centerY":0,"centerX":0},"compId":7,"child":[{"type":"Image","props":{"skin":"Game/UI/Settle/s.png","rotation":90,"centerY":-11,"centerX":63},"compId":10}]}]},{"type":"Image","props":{"y":1032,"x":81.5,"width":549,"height":140},"compId":24,"child":[{"type":"Image","props":{"y":63,"x":418,"width":230,"var":"BtnContinue","skin":"Game/UI/Common/zan.png","pivotY":42,"pivotX":115,"name":"BtnContinue","height":105},"compId":15,"child":[{"type":"Image","props":{"skin":"Game/UI/Settle/jx.png","centerY":-8,"centerX":0},"compId":18}]},{"type":"Image","props":{"y":70,"x":136,"width":230,"var":"BtnShare","skin":"Game/UI/Common/lan.png","pivotY":49,"pivotX":115,"name":"BtnShare","height":98},"compId":16,"child":[{"type":"Image","props":{"skin":"Game/UI/Settle/fx.png","centerY":-8,"centerX":0},"compId":17}]}]}],"loadList":["Game/UI/Settle/an3.png","Game/UI/Settle/s.png","Game/UI/Common/zan.png","Game/UI/Settle/jx.png","Game/UI/Common/lan.png","Game/UI/Settle/fx.png"],"loadList3D":[]}