{"type":"View","props":{"width":720,"height":1280},"compId":2,"child":[{"type":"Image","props":{"y":0,"x":0,"var":"Background","skin":"Game/UI/Common/bj.png","sizeGrid":"841,0,374,0","name":"Background"},"compId":27},{"type":"Image","props":{"y":843,"x":90.5,"width":549,"height":140},"compId":24,"child":[{"type":"Image","props":{"y":60,"x":409,"width":230,"var":"BtnContinue","skin":"Game/UI/Common/zan.png","pivotY":42,"pivotX":115,"name":"BtnContinue","height":105},"compId":15,"child":[{"type":"Image","props":{"skin":"Game/UI/Share/jx.png","centerY":-8,"centerX":0},"compId":18}]},{"type":"Image","props":{"y":70,"x":137,"width":230,"var":"BtnShare","skin":"Game/UI/Common/lan.png","pivotY":49,"pivotX":115,"name":"BtnShare","height":98},"compId":16,"child":[{"type":"Image","props":{"skin":"Game/UI/Settle/fx.png","centerY":-8,"centerX":0},"compId":17}]}]},{"type":"Image","props":{"y":215,"x":71,"skin":"Game/UI/Share/k.png"},"compId":28,"child":[{"type":"Image","props":{"y":-91,"x":-71,"width":720,"var":"Photo","name":"Photo","height":1280},"compId":31,"child":[{"type":"Image","props":{"y":108,"x":92,"width":547,"skin":"Frame/UI/ui_orthogon_green.png","sizeGrid":"19,19,22,14","renderType":"mask","height":512},"compId":32}]},{"type":"Image","props":{"y":-53,"x":-71,"skin":"Game/UI/Share/hf.png"},"compId":29},{"type":"Image","props":{"y":-34,"x":206.5,"skin":"Game/UI/Share/spfx.png"},"compId":30}]}],"loadList":["Game/UI/Common/bj.png","Game/UI/Common/zan.png","Game/UI/Share/jx.png","Game/UI/Common/lan.png","Game/UI/Settle/fx.png","Game/UI/Share/k.png","Frame/UI/ui_orthogon_green.png","Game/UI/Share/hf.png","Game/UI/Share/spfx.png"],"loadList3D":[]}