{"type":"View","props":{"width":720,"height":1280},"compId":2,"child":[{"type":"Image","props":{"var":"Background","top":0,"skin":"Frame/UI/ui_orthogon_black_0.7.png","sizeGrid":"10,18,10,19","right":0,"name":"Background","left":0,"bottom":0},"compId":27},{"type":"Image","props":{"y":405,"x":0,"skin":"Game/UI/Special/erdi.png"},"compId":32,"child":[{"type":"Image","props":{"y":51.5,"x":7,"skin":"Game/UI/Special/kr.png"},"compId":33},{"type":"Image","props":{"y":39,"x":255,"skin":"Game/UI/Special/h.png"},"compId":34},{"type":"Image","props":{"y":344,"x":399,"width":230,"var":"BtnSale","skin":"Game/UI/Special/an1.png","pivotY":53,"pivotX":115,"name":"BtnSale","height":105},"compId":35,"child":[{"type":"Image","props":{"y":10,"x":38,"skin":"Game/UI/Special/sp.png"},"compId":36},{"type":"Image","props":{"y":22,"x":108,"skin":"Game/UI/Special/cj.png"},"compId":37}]},{"type":"Image","props":{"y":13,"x":625,"width":45,"var":"BtnClose","skin":"Game/UI/Special/x.png","pivotY":23,"pivotX":23,"name":"BtnClose","height":45},"compId":38}]}],"loadList":["Frame/UI/ui_orthogon_black_0.7.png","Game/UI/Special/erdi.png","Game/UI/Special/kr.png","Game/UI/Special/h.png","Game/UI/Special/an1.png","Game/UI/Special/sp.png","Game/UI/Special/cj.png","Game/UI/Special/x.png"],"loadList3D":[]}