{"type":"View","props":{"width":720,"height":1280},"compId":2,"child":[{"type":"Image","props":{"var":"Background","top":0,"skin":"Game/UI/Common/bj.png","sizeGrid":"841,0,374,0","right":0,"name":"Background","left":0,"bottom":0},"compId":493},{"type":"Image","props":{"x":358,"width":269,"var":"BtnStart","skin":"Game/UI/Common/zan.png","sizeGrid":"15,16,18,10","rotation":0,"pivotY":64,"pivotX":135,"name":"BtnStart","height":128,"centerY":483},"compId":3,"child":[{"type":"Image","props":{"skin":"Game/UI/Start/ksyx.png","centerY":-8,"centerX":0},"compId":17}]},{"type":"Image","props":{"y":164,"x":620,"width":518,"skin":"Game/UI/PreLoad/tyxhs.png","pivotX":518,"height":146},"compId":15},{"type":"Image","props":{"y":363,"x":83,"width":553,"var":"BtnSpecial","skin":"Game/UI/Start/daping.png","name":"BtnSpecial","height":477},"compId":24,"child":[{"type":"Image","props":{"y":-19,"x":63.5,"skin":"Game/UI/Start/hf.png"},"compId":25}]},{"type":"Image","props":{"y":869,"x":613,"width":512,"pivotX":512,"height":135},"compId":492,"child":[{"type":"Image","props":{"y":68,"x":185,"width":98,"var":"BtnConversion","skin":"Game/UI/Start/an1.png","pivotY":57,"pivotX":49,"name":"BtnConversion","height":113},"compId":18,"child":[{"type":"Image","props":{"y":30,"skin":"Game/UI/Start/dh.png","centerX":0},"compId":19}]},{"type":"Image","props":{"y":68,"x":327,"width":98,"var":"BtnEaster","skin":"Game/UI/Start/an1.png","pivotY":57,"pivotX":49,"name":"BtnEaster","height":113},"compId":22,"child":[{"type":"Image","props":{"y":12,"skin":"Game/UI/Start/cd.png","centerX":0},"compId":23},{"type":"Image","props":{"y":-59,"x":65,"skin":"Game/UI/Start/xd.png"},"compId":26}]}]}],"loadList":["Game/UI/Common/bj.png","Game/UI/Common/zan.png","Game/UI/Start/ksyx.png","Game/UI/PreLoad/tyxhs.png","Game/UI/Start/daping.png","Game/UI/Start/hf.png","Game/UI/Start/an1.png","Game/UI/Start/dh.png","Game/UI/Start/cd.png","Game/UI/Start/xd.png"],"loadList3D":[]}