{"type":"View","props":{"width":720,"height":1280},"compId":2,"child":[{"type":"Image","props":{"y":0,"x":0,"var":"Background","skin":"Frame/UI/ui_l_orthogon_blue.png","sizeGrid":"6,8,15,15","name":"Background"},"compId":11},{"type":"Image","props":{"width":343,"var":"BtnStart","skin":"Frame/UI/ui_l_orthogon_orange.png","sizeGrid":"15,16,18,10","pivotY":68,"pivotX":172,"name":"BtnStart","height":135,"centerY":300,"centerX":0},"compId":3,"child":[{"type":"Label","props":{"y":27.5,"x":74,"width":195,"valign":"middle","text":"开始游戏","height":80,"fontSize":30,"bold":true,"align":"center"},"compId":4}]}],"loadList":["Frame/UI/ui_l_orthogon_blue.png","Frame/UI/ui_l_orthogon_orange.png"],"loadList3D":[]}