{"type":"View","props":{"width":720,"height":1280},"compId":2,"child":[{"type":"Sprite","props":{"y":-117,"x":360,"width":309,"texture":"Game/UI/Victory/gxwc.png","pivotY":44,"pivotX":155,"name":"Logo","height":88},"compId":11},{"type":"Image","props":{"y":782,"x":360,"width":203,"skin":"Game/UI/Victory/an.png","pivotY":32,"pivotX":102,"height":64},"compId":12,"child":[{"type":"Label","props":{"var":"GoldNum","text":"X25","name":"GoldNum","fontSize":30,"color":"#fff8f8","centerY":-1,"centerX":23},"compId":13},{"type":"Image","props":{"y":6.5,"x":22,"width":55,"skin":"Game/UI/Victory/jb.png","height":51},"compId":14}]},{"type":"Sprite","props":{"y":1050,"x":360,"width":230,"var":"BtnThreeGet","texture":"Game/UI/Common/zan.png","pivotY":53,"pivotX":115,"name":"BtnThreeGet","height":105},"compId":15,"child":[{"type":"Image","props":{"skin":"Game/UI/Victory/sblq.png","centerY":-8,"centerX":0},"compId":18}]},{"type":"Image","props":{"y":927,"x":360,"width":230,"var":"BtnNext","skin":"Game/UI/Common/lan.png","pivotY":53,"pivotX":115,"name":"BtnNext","height":105},"compId":16,"child":[{"type":"Image","props":{"y":23,"skin":"Game/UI/Victory/xyg.png","centerX":0},"compId":17}]},{"type":"Image","props":{"y":443,"x":-180,"width":268,"var":"NoAni_Remark","pivotY":72,"pivotX":134,"name":"NoAni_Remark","height":144},"compId":10,"child":[{"type":"Image","props":{"y":0,"x":15,"skin":"Game/UI/Victory/tie.png"},"compId":6},{"type":"Image","props":{"y":36,"x":56,"var":"Evaluate","skin":"Game/UI/Victory/jmjl.png","name":"Evaluate"},"compId":9},{"type":"Image","props":{"y":14,"x":219,"skin":"Game/UI/Victory/ht.png"},"compId":7},{"type":"Image","props":{"y":79,"x":0,"skin":"Game/UI/Victory/lt.png"},"compId":8}]}],"animations":[{"nodes":[{"target":10,"keyframes":{"y":[{"value":337,"tweenMethod":"linearNone","tween":true,"target":10,"key":"y","index":0},{"value":271,"tweenMethod":"linearNone","tween":true,"target":10,"key":"y","index":35},{"value":271,"tweenMethod":"linearNone","tween":true,"target":10,"label":null,"key":"y","index":85},{"value":143,"tweenMethod":"linearNone","tween":true,"target":10,"label":null,"key":"y","index":95},{"value":143,"tweenMethod":"linearNone","tween":true,"target":10,"key":"y","index":105},{"value":307,"tweenMethod":"linearNone","tween":true,"target":10,"key":"y","index":110}],"x":[{"value":-191,"tweenMethod":"linearNone","tween":true,"target":10,"key":"x","index":0},{"value":360,"tweenMethod":"linearNone","tween":true,"target":10,"key":"x","index":35},{"value":360,"tweenMethod":"linearNone","tween":true,"target":10,"label":null,"key":"x","index":85},{"value":461.5,"tweenMethod":"linearNone","tween":true,"target":10,"label":null,"key":"x","index":95},{"value":461.5,"tweenMethod":"linearNone","tween":true,"target":10,"key":"x","index":105},{"value":542,"tweenMethod":"linearNone","tween":true,"target":10,"label":"Compelet","key":"x","index":110}],"scaleY":[{"value":1,"tweenMethod":"linearNone","tween":true,"target":10,"key":"scaleY","index":0},{"value":1.5,"tweenMethod":"linearNone","tween":true,"target":10,"key":"scaleY","index":35},{"value":1.6,"tweenMethod":"linearNone","tween":true,"target":10,"key":"scaleY","index":45},{"value":1.5,"tweenMethod":"linearNone","tween":true,"target":10,"key":"scaleY","index":55},{"value":1.6,"tweenMethod":"linearNone","tween":true,"target":10,"label":null,"key":"scaleY","index":65},{"value":1.5,"tweenMethod":"linearNone","tween":true,"target":10,"label":null,"key":"scaleY","index":75},{"value":1.5,"tweenMethod":"linearNone","tween":true,"target":10,"label":null,"key":"scaleY","index":85},{"value":1.65,"tweenMethod":"linearNone","tween":true,"target":10,"label":null,"key":"scaleY","index":95},{"value":1.65,"tweenMethod":"linearNone","tween":true,"target":10,"key":"scaleY","index":105},{"value":1,"tweenMethod":"linearNone","tween":true,"target":10,"key":"scaleY","index":110},{"value":1.05,"tweenMethod":"linearNone","tween":true,"target":10,"key":"scaleY","index":115},{"value":1,"tweenMethod":"linearNone","tween":true,"target":10,"key":"scaleY","index":120}],"scaleX":[{"value":1,"tweenMethod":"linearNone","tween":true,"target":10,"key":"scaleX","index":0},{"value":1.5,"tweenMethod":"linearNone","tween":true,"target":10,"key":"scaleX","index":35},{"value":1.6,"tweenMethod":"linearNone","tween":true,"target":10,"key":"scaleX","index":45},{"value":1.5,"tweenMethod":"linearNone","tween":true,"target":10,"key":"scaleX","index":55},{"value":1.6,"tweenMethod":"linearNone","tween":true,"target":10,"label":null,"key":"scaleX","index":65},{"value":1.5,"tweenMethod":"linearNone","tween":true,"target":10,"label":null,"key":"scaleX","index":75},{"value":1.5,"tweenMethod":"linearNone","tween":true,"target":10,"label":null,"key":"scaleX","index":85},{"value":1.65,"tweenMethod":"linearNone","tween":true,"target":10,"label":null,"key":"scaleX","index":95},{"value":1.65,"tweenMethod":"linearNone","tween":true,"target":10,"key":"scaleX","index":105},{"value":1,"tweenMethod":"linearNone","tween":true,"target":10,"key":"scaleX","index":110},{"value":1.05,"tweenMethod":"linearNone","tween":true,"target":10,"key":"scaleX","index":115},{"value":1,"tweenMethod":"linearNone","tween":true,"target":10,"key":"scaleX","index":120}],"rotation":[{"value":0,"tweenMethod":"linearNone","tween":true,"target":10,"key":"rotation","index":0},{"value":720,"tweenMethod":"linearNone","tween":true,"target":10,"key":"rotation","index":35},{"value":720,"tweenMethod":"linearNone","tween":true,"target":10,"label":null,"key":"rotation","index":85},{"value":720,"tweenMethod":"linearNone","tween":true,"target":10,"key":"rotation","index":95},{"value":720,"tweenMethod":"linearNone","tween":true,"target":10,"key":"rotation","index":110}]}},{"target":11,"keyframes":{"y":[{"value":-85,"tweenMethod":"linearNone","tween":true,"target":11,"key":"y","index":0},{"value":-85,"tweenMethod":"linearNone","tween":true,"target":11,"label":null,"key":"y","index":110},{"value":177,"tweenMethod":"linearNone","tween":true,"target":11,"label":null,"key":"y","index":130},{"value":188,"tweenMethod":"linearNone","tween":true,"target":11,"key":"y","index":135},{"value":177,"tweenMethod":"linearNone","tween":true,"target":11,"label":null,"key":"y","index":140}],"x":[{"value":360,"tweenMethod":"linearNone","tween":true,"target":11,"key":"x","index":0},{"value":360,"tweenMethod":"linearNone","tween":true,"target":11,"label":null,"key":"x","index":110},{"value":360,"tweenMethod":"linearNone","tween":true,"target":11,"label":null,"key":"x","index":130},{"value":360,"tweenMethod":"linearNone","tween":true,"target":11,"label":null,"key":"x","index":140}],"rotation":[{"value":0,"tweenMethod":"linearNone","tween":true,"target":11,"key":"rotation","index":0},{"value":0,"tweenMethod":"linearNone","tween":true,"target":11,"label":null,"key":"rotation","index":110},{"value":360,"tweenMethod":"linearNone","tween":true,"target":11,"label":null,"key":"rotation","index":130},{"value":360,"tweenMethod":"linearNone","tween":true,"target":11,"label":null,"key":"rotation","index":140}],"pivotY":[{"value":44,"tweenMethod":"linearNone","tween":true,"target":11,"key":"pivotY","index":0},{"value":44,"tweenMethod":"linearNone","tween":true,"target":11,"label":null,"key":"pivotY","index":110},{"value":44,"tweenMethod":"linearNone","tween":true,"target":11,"label":null,"key":"pivotY","index":130},{"value":44,"tweenMethod":"linearNone","tween":true,"target":11,"label":null,"key":"pivotY","index":140}],"pivotX":[{"value":155,"tweenMethod":"linearNone","tween":true,"target":11,"key":"pivotX","index":0},{"value":155,"tweenMethod":"linearNone","tween":true,"target":11,"label":null,"key":"pivotX","index":110},{"value":155,"tweenMethod":"linearNone","tween":true,"target":11,"label":null,"key":"pivotX","index":130},{"value":155,"tweenMethod":"linearNone","tween":true,"target":11,"label":null,"key":"pivotX","index":140}],"name":[{"value":"Logo","tweenMethod":"linearNone","tween":false,"target":11,"key":"name","index":0},{"value":"Logo","tweenMethod":"linearNone","tween":false,"target":11,"label":null,"key":"name","index":110},{"value":"Logo","tweenMethod":"linearNone","tween":false,"target":11,"label":null,"key":"name","index":130},{"value":"Logo","tweenMethod":"linearNone","tween":false,"target":11,"label":null,"key":"name","index":140}]}}],"name":"NoAni_Remark","id":1,"frameRate":60,"action":0}],"loadList":["Game/UI/Victory/gxwc.png","Game/UI/Victory/an.png","Game/UI/Victory/jb.png","Game/UI/Common/zan.png","Game/UI/Victory/sblq.png","Game/UI/Common/lan.png","Game/UI/Victory/xyg.png","Game/UI/Victory/tie.png","Game/UI/Victory/jmjl.png","Game/UI/Victory/ht.png","Game/UI/Victory/lt.png"],"loadList3D":[]}