{"type":"View","props":{"width":720,"height":1280},"compId":2,"child":[{"type":"Image","props":{"y":235,"x":408,"width":268,"height":144},"compId":10,"child":[{"type":"Image","props":{"y":0,"x":15,"skin":"Game/UI/Victory/tie.png"},"compId":6},{"type":"Image","props":{"y":36,"x":56,"skin":"Game/UI/Victory/pptt.png","name":"Evaluate"},"compId":9},{"type":"Image","props":{"y":14,"x":219,"skin":"Game/UI/Victory/ht.png"},"compId":7},{"type":"Image","props":{"y":79,"x":0,"skin":"Game/UI/Victory/lt.png"},"compId":8}]},{"type":"Sprite","props":{"y":119,"x":205.5,"texture":"Game/UI/Victory/gxwc.png","name":"Logo"},"compId":11},{"type":"Image","props":{"y":782,"x":360,"width":203,"skin":"Game/UI/Victory/an.png","pivotY":32,"pivotX":102,"height":64},"compId":12,"child":[{"type":"Label","props":{"var":"GoldNum","text":"X25","name":"GoldNum","fontSize":30,"color":"#fff8f8","centerY":-1,"centerX":23},"compId":13},{"type":"Image","props":{"y":6.5,"x":22,"width":55,"skin":"Game/UI/Victory/jb.png","height":51},"compId":14}]},{"type":"Sprite","props":{"y":1050,"x":360,"width":230,"var":"BtnThreeGet","texture":"Game/UI/Common/zan.png","pivotY":53,"pivotX":115,"name":"BtnThreeGet","height":105},"compId":15,"child":[{"type":"Image","props":{"skin":"Game/UI/Victory/sblq.png","centerY":-8,"centerX":0},"compId":18}]},{"type":"Image","props":{"y":927,"x":360,"width":230,"var":"BtnNext","skin":"Game/UI/Common/lan.png","pivotY":53,"pivotX":115,"name":"BtnNext","height":105},"compId":16,"child":[{"type":"Image","props":{"y":23,"skin":"Game/UI/Victory/xyg.png","centerX":0},"compId":17}]}],"loadList":["Game/UI/Victory/tie.png","Game/UI/Victory/pptt.png","Game/UI/Victory/ht.png","Game/UI/Victory/lt.png","Game/UI/Victory/gxwc.png","Game/UI/Victory/an.png","Game/UI/Victory/jb.png","Game/UI/Common/zan.png","Game/UI/Victory/sblq.png","Game/UI/Common/lan.png","Game/UI/Victory/xyg.png"],"loadList3D":[]}