{"res/atlas/comp.atlas":["comp/",["btn_close.png","button.png","check_circle.png","checkbox.png","clip_num.png","clip_tree_arrow.png","clip_tree_folder.png","combobox.png","fontClip.png","fontClip_num.png","hscroll$bar.png","hscroll$down.png","hscroll$up.png","hscroll.png","hslider$bar.png","hslider.png","html.png","image.png","img_bg.png","img_bg2.png","img_bg3.png","img_bg4.png","img_bg5.png","img_blank.png","label.png","progress$bar.png","progress.png","radio.png","radiogroup.png","tab.png","textarea.png","textinput.png","vscroll$bar.png","vscroll$down.png","vscroll$up.png","vscroll.png","vslider$bar.png","vslider.png"]],"res/atlas/Frame/Effects.atlas":["Frame/Effects/",["aixin1.png","aixin2.png","aixin3.png","fangxingguang1.png","fangxingguang2.png","guangquan1.png","guangquan2.png","hua1.png","hua2.png","hua3.png","hua4.png","star1.png","star2.png","star3.png","star4.png","star5.png","star6.png","star7.png","xuehua1.png","yezi1.png","yuan1.png","yuanfaguang.png"]],"res/atlas/Frame/UI.atlas":["Frame/UI/",["icon_cusp.png","icon_execution.png","icon_gold.png","reverseMask.png","ui_circle_001.png","ui_circle_002.png","ui_circle_003.png","ui_circle_004.png","ui_circle_005.png","ui_circle_006.png","ui_circle_007.png","ui_circle_008.png","ui_circle_009.png","ui_circle_010.png","ui_circle_011.png","ui_circle_012.png","ui_circle_c_001.png","ui_circle_c_002.png","ui_circle_c_003.png","ui_circle_c_004.png","ui_circle_c_005.png","ui_circle_c_006.png","ui_circle_c_007.png","ui_circle_c_008.png","ui_circle_c_009.png","ui_circle_c_010.png","ui_circle_c_011.png","ui_circle_c_012.png","ui_l_orthogon_blue.png","ui_l_orthogon_cycn.png","ui_l_orthogon_green.png","ui_l_orthogon_magenta.png","ui_l_orthogon_orange.png","ui_l_orthogon_purple.png","ui_l_orthogon_red.png","ui_l_orthogon_white.png","ui_l_orthogon_yellow.png","ui_orthogon_black.png","ui_orthogon_cycn.png","ui_orthogon_green.png","ui_orthogon_magenta.png","ui_orthogon_orange.png","ui_orthogon_purple.png","ui_orthogon_red.png","ui_orthogon_white.png","ui_orthogon_yellow.png","ui_square_001.png","ui_square_002.png","ui_square_003.png","ui_square_004.png","ui_square_005.png","ui_square_006.png","ui_square_008.png","ui_square_010.png","ui_square_011.png","ui_square_012.png","ui_square_c_001.png","ui_square_c_002.png","ui_square_c_003.png","ui_square_c_004.png","ui_square_c_005.png","ui_square_c_006.png","ui_square_c_007.png","ui_square_c_008.png","ui_square_c_009.png","ui_square_c_010.png","ui_square_c_011.png"]],"res/atlas/Game/Skeleton.atlas":["Game/Skeleton/",["aisha.png"]],"res/atlas/Game/UI/Common.atlas":["Game/UI/Common/",["BLUE_PENCIL.png","GREEN_PENCIL.png"]],"res/atlas/Game/UI/GameScene/design.atlas":["Game/UI/GameScene/design/",["lALPD26eM-Z81R3NAcrNAeI_482_458.png_720x720q90g.jpg","level2.png","level3.png"]],"res/atlas/Game/UI/GameScene/Level1.atlas":["Game/UI/GameScene/Level1/",["lian.png","lianmask.png","tengman .png","tengman mask.png","yanjing.png","youyepian.png","youyepianmask.png","zui .png","zuimask.png","zuoyepian .png","zuoyepian mask.png"]],"res/atlas/Game/UI/GameScene/Level2.atlas":["Game/UI/GameScene/Level2/",["guiixan4.png","guike.png","guikemask.png","guitou.png","guitoumask.png","guixian.png","guixian2.png","guixian2mask.png","guixian3.png","guixian3mask.png","guixian4mask.png","guixianmask.png","houtui.png","houtui2.png","houtui2mask.png","houtuimask.png","qiantui.png","qiantui2.png","qiantui2mask.png","qiantuimask.png","wei.png","weimask.png","yan.png","yan2.png","zui.png","zuimask.png"]],"res/atlas/Game/UI/GameScene/Level3.atlas":["Game/UI/GameScene/Level3/",["bizi.png","bizimask.png","hudiejie.png","hudiejiemask.png","lian.png","lianmask.png","shenti.png","shenzimask.png","weiba.png","weibamask.png","yan.png","yan2.png","youer.png","youermask.png","youjiao.png","youjiaomask.png","youshou.png","youshoumask.png","zui.png","zuimask.png","zuoer.png","zuoermask.png","zuojiao.png","zuojiaomask.png","zuoshou.png","zuoshoumask.png"]],"res/atlas/Game/UI/GameScene/Level4.atlas":["Game/UI/GameScene/Level4/",["fuqi.png","fuqimask.png","shenzi.png","shenzimask.png","yajnzhuzi.png","yiba.png","yibamask.png","yuqi.png","yuqimask.png","zui.png","zuimask.png"]],"res/atlas/Game/UI/GameScene/SinglePencils.atlas":["Game/UI/GameScene/SinglePencils/",["blue.png","eraser.png","green.png"]],"res/atlas/Game/UI/GameScene.atlas":["Game/UI/GameScene/",["Petal.png","PetalMask.png","face.png"]],"res/atlas/Game/UI/UISet.atlas":["Game/UI/UISet/",["di1.png","di2.png","guan.png","kai.png","shehzi.png","yinxiao.png","yinyue.png","zhendong.png"]]}