{"type":"Image","props":{"y":0,"x":0,"width":122,"visible":false,"var":"BtnBack","skin":"Frame/UI/ui_l_orthogon_red.png","sizeGrid":"13,19,20,14","presetID":1,"pivotY":60,"pivotX":61,"name":"BtnBack","isPresetRoot":true,"height":120},"compId":3,"child":[{"type":"Label","props":{"width":195,"valign":"middle","text":"下一关","presetID":2,"name":"下一关","height":80,"fontSize":30,"centerY":0,"centerX":0,"bold":true,"align":"center"},"compId":8}],"loadList":["Frame/UI/ui_l_orthogon_red.png"],"loadList3D":[]}