{"type":"Image","props":{"y":0,"x":0,"width":174,"sizeGrid":"50,34,48,38","presetID":1,"name":"LwgGold","isPresetRoot":true,"height":56},"compId":29,"child":[{"type":"Image","props":{"y":8,"x":34,"skin":"Game/UI/Common/a.png","presetID":2,"name":"Baord"},"compId":491},{"type":"Image","props":{"y":28,"x":32,"width":55,"skin":"Game/UI/Common/jb.png","presetID":3,"pivotY":26,"pivotX":28,"name":"Pic","height":51},"compId":489},{"type":"Label","props":{"y":5,"x":47.5,"width":101,"valign":"middle","text":"99","presetID":4,"name":"Num","height":46,"fontSize":30,"color":"#ffffff","bold":true,"align":"center"},"compId":490}],"loadList":["Game/UI/Common/a.png","Game/UI/Common/jb.png"],"loadList3D":[]}