{"type":"List","props":{"y":0,"x":0,"width":440,"var":"PencilsList","spaceY":50,"spaceX":-5,"presetID":1,"name":"PencilsList","isPresetRoot":true,"height":117},"compId":45,"child":[{"type":"Box","props":{"y":62,"x":49,"width":89,"renderType":"render","presetID":2,"pivotY":62,"pivotX":45,"height":123},"compId":46,"child":[{"type":"Image","props":{"width":100,"skin":"Game/UI/GameScene/SinglePencils/blue.png","rotation":90,"presetID":3,"pivotY":33,"pivotX":50,"name":"Pic","height":65,"centerY":0,"centerX":0},"compId":31}]}],"loadList":["Game/UI/GameScene/SinglePencils/blue.png"],"loadList3D":[]}