{"type":"List","props":{"y":189,"x":319,"width":638,"var":"PencilsList","spaceY":-40,"spaceX":-10,"repeatY":2,"presetID":1,"pivotY":189,"pivotX":319,"name":"PencilsList","isPresetRoot":true,"height":397},"compId":45,"child":[{"type":"Box","props":{"y":104,"x":66,"width":113,"renderType":"render","presetID":2,"pivotY":101,"pivotX":57,"height":201},"compId":46,"child":[{"type":"Image","props":{"width":64,"skin":"Game/UI/GameScene/Pencils/Single/chengse.png","sizeGrid":"101,0,17,0","rotation":0,"presetID":3,"pivotY":70,"pivotX":32,"name":"Pic","height":140,"centerY":0,"centerX":0},"compId":31}]}],"loadList":["Game/UI/GameScene/Pencils/Single/chengse.png"],"loadList3D":[]}