{"type":"Image","props":{"y":0,"x":0,"width":573,"visible":true,"var":"StepSwitch","presetID":1,"pivotY":56,"pivotX":287,"name":"StepSwitch","isPresetRoot":true,"height":112},"compId":48,"child":[{"type":"Image","props":{"y":58,"x":73,"width":74,"visible":false,"var":"BtnLastStep","skin":"Game/UI/GameScene/zuo.png","sizeGrid":"19,11,12,14","presetID":2,"pivotY":31,"pivotX":37,"name":"BtnLastStep","height":61},"compId":49},{"type":"Image","props":{"y":58,"x":495,"width":74,"visible":false,"var":"BtnNextStep","skin":"Game/UI/GameScene/you.png","sizeGrid":"19,11,12,14","presetID":3,"pivotY":30,"pivotX":37,"name":"BtnNextStep","height":59},"compId":50}],"loadList":["Game/UI/GameScene/zuo.png","Game/UI/GameScene/you.png"],"loadList3D":[]}