{"type":"Image","props":{"y":0,"x":0,"width":331,"visible":true,"var":"StepSwitch","presetID":1,"name":"StepSwitch","isPresetRoot":true,"height":159},"compId":48,"child":[{"type":"Image","props":{"y":79.5,"x":95.5,"width":140,"visible":false,"var":"BtnLastStep","skin":"Frame/UI/ui_l_orthogon_cycn.png","sizeGrid":"19,11,12,14","presetID":2,"pivotY":76,"pivotX":70,"name":"BtnLastStep","height":152},"compId":49,"child":[{"type":"Image","props":{"y":48,"x":104.5,"skin":"Frame/UI/icon_cusp.png","scaleX":-1,"presetID":3},"compId":53}]},{"type":"Image","props":{"y":80,"x":248,"width":140,"visible":false,"var":"BtnNextStep","skin":"Frame/UI/ui_l_orthogon_cycn.png","sizeGrid":"19,11,12,14","presetID":4,"pivotY":76,"pivotX":70,"name":"BtnNextStep","height":152},"compId":50,"child":[{"type":"Image","props":{"skin":"Frame/UI/icon_cusp.png","presetID":5,"centerY":0,"centerX":0},"compId":54}]}],"loadList":["Frame/UI/ui_l_orthogon_cycn.png","Frame/UI/icon_cusp.png"],"loadList3D":[]}